[INFO] Scanning for projects...
[INFO] 
[INFO] -------------------< com.finclear:finclear-backend >--------------------
[INFO] Building finclear-backend 1.0.0
[INFO]   from pom.xml
[INFO] --------------------------------[ jar ]---------------------------------
[INFO] 
[INFO] >>> spring-boot:3.4.1:run (default-cli) > test-compile @ finclear-backend >>>
[INFO] 
[INFO] --- resources:3.3.1:resources (default-resources) @ finclear-backend ---
[INFO] Copying 2 resources from src\main\resources to target\classes
[INFO] Copying 2 resources from src\main\resources to target\classes
[INFO] 
[INFO] --- compiler:3.13.0:compile (default-compile) @ finclear-backend ---
[INFO] Nothing to compile - all classes are up to date.
[INFO] 
[INFO] --- resources:3.3.1:testResources (default-testResources) @ finclear-backend ---
[INFO] skip non existing resourceDirectory C:\Users\Sahiti Veeravalli\Downloads\FinClear\FinClear\backend\src\test\resources
[INFO] 
[INFO] --- compiler:3.13.0:testCompile (default-testCompile) @ finclear-backend ---
[INFO] Nothing to compile - all classes are up to date.
[INFO] 
[INFO] <<< spring-boot:3.4.1:run (default-cli) < test-compile @ finclear-backend <<<
[INFO] 
[INFO] 
[INFO] --- spring-boot:3.4.1:run (default-cli) @ finclear-backend ---
[INFO] Attaching agents: []

  .   ____          _            __ _ _
 /\\ / ___'_ __ _ _(_)_ __  __ _ \ \ \ \
( ( )\___ | '_ | '_| | '_ \/ _` | \ \ \ \
 \\/  ___)| |_)| | | | | || (_| |  ) ) ) )
  '  |____| .__|_| |_|_| |_\__, | / / / /
 =========|_|==============|___/=/_/_/_/

 :: Spring Boot ::                (v3.4.1)

2026-08-15T17:56:02.028+05:30  INFO 10736 --- [           main] com.finclear.FinClearApplication         : Starting FinClearApplication using Java 17.0.15 with PID 10736 (C:\Users\Sahiti Veeravalli\Downloads\FinClear\FinClear\backend\target\classes started by Sahiti Veeravalli in C:\Users\Sahiti Veeravalli\Downloads\FinClear\FinClear\backend)
2026-08-15T17:56:02.034+05:30  INFO 10736 --- [           main] com.finclear.FinClearApplication         : The following 1 profile is active: "demo"
2026-08-15T17:56:02.038+05:30 DEBUG 10736 --- [           main] o.s.boot.SpringApplication               : Loading source class com.finclear.FinClearApplication
2026-08-15T17:56:02.061+05:30 DEBUG 10736 --- [           main] ConfigServletWebServerApplicationContext : Refreshing org.springframework.boot.web.servlet.context.AnnotationConfigServletWebServerApplicationContext@7331196b
2026-08-15T17:56:02.700+05:30  INFO 10736 --- [           main] .s.d.r.c.RepositoryConfigurationDelegate : Multiple Spring Data modules found, entering strict repository configuration mode
2026-08-15T17:56:02.700+05:30  INFO 10736 --- [           main] .s.d.r.c.RepositoryConfigurationDelegate : Bootstrapping Spring Data JPA repositories in DEFAULT mode.
2026-08-15T17:56:02.715+05:30 DEBUG 10736 --- [           main] o.s.b.a.AutoConfigurationPackages        : @EnableAutoConfiguration was declared on a class in the package 'com.finclear'. Automatic @Repository and @Entity scanning is enabled.
2026-08-15T17:56:02.758+05:30  INFO 10736 --- [           main] .s.d.r.c.RepositoryConfigurationDelegate : Finished Spring Data repository scanning in 52 ms. Found 9 JPA repository interfaces.
2026-08-15T17:56:03.218+05:30 DEBUG 10736 --- [           main] .s.b.w.e.t.TomcatServletWebServerFactory : Code archive: C:\Users\Sahiti Veeravalli\.m2\repository\org\springframework\boot\spring-boot\3.4.1\spring-boot-3.4.1.jar
2026-08-15T17:56:03.234+05:30 DEBUG 10736 --- [           main] .s.b.w.e.t.TomcatServletWebServerFactory : Code archive: C:\Users\Sahiti Veeravalli\.m2\repository\org\springframework\boot\spring-boot\3.4.1\spring-boot-3.4.1.jar
2026-08-15T17:56:03.234+05:30 DEBUG 10736 --- [           main] .s.b.w.e.t.TomcatServletWebServerFactory : None of the document roots [src/main/webapp, public, static] point to a directory and will be ignored.
2026-08-15T17:56:03.246+05:30  INFO 10736 --- [           main] o.s.b.w.embedded.tomcat.TomcatWebServer  : Tomcat initialized with port 8080 (http)
2026-08-15T17:56:03.253+05:30  INFO 10736 --- [           main] o.apache.catalina.core.StandardService   : Starting service [Tomcat]
2026-08-15T17:56:03.253+05:30  INFO 10736 --- [           main] o.apache.catalina.core.StandardEngine    : Starting Servlet engine: [Apache Tomcat/10.1.34]
2026-08-15T17:56:03.292+05:30  INFO 10736 --- [           main] o.a.c.c.C.[Tomcat].[localhost].[/]       : Initializing Spring embedded WebApplicationContext
2026-08-15T17:56:03.296+05:30 DEBUG 10736 --- [           main] w.s.c.ServletWebServerApplicationContext : Published root WebApplicationContext as ServletContext attribute with name [org.springframework.web.context.WebApplicationContext.ROOT]
2026-08-15T17:56:03.296+05:30  INFO 10736 --- [           main] w.s.c.ServletWebServerApplicationContext : Root WebApplicationContext: initialization completed in 1235 ms
2026-08-15T17:56:03.396+05:30 DEBUG 10736 --- [           main] o.s.b.w.s.ServletContextInitializerBeans : Mapping filters: webMvcObservationFilter urls=[/*] order=-2147483647, springSecurityFilterChain urls=[/*] order=-100, characterEncodingFilter urls=[/*] order=-2147483648, formContentFilter urls=[/*] order=-9900, requestContextFilter urls=[/*] order=-105, jwtFilter urls=[/*] order=2147483647
2026-08-15T17:56:03.396+05:30 DEBUG 10736 --- [           main] o.s.b.w.s.ServletContextInitializerBeans : Mapping servlets: dispatcherServlet urls=[/]
2026-08-15T17:56:03.411+05:30 DEBUG 10736 --- [           main] o.s.b.w.s.f.OrderedRequestContextFilter  : Filter 'requestContextFilter' configured for use
2026-08-15T17:56:03.414+05:30 DEBUG 10736 --- [           main] o.s.w.f.ServerHttpObservationFilter      : Filter 'webMvcObservationFilter' configured for use
2026-08-15T17:56:03.414+05:30 DEBUG 10736 --- [           main] s.b.w.s.f.OrderedCharacterEncodingFilter : Filter 'characterEncodingFilter' configured for use
2026-08-15T17:56:03.414+05:30 DEBUG 10736 --- [           main] .DelegatingFilterProxyRegistrationBean$1 : Filter 'springSecurityFilterChain' configured for use
2026-08-15T17:56:03.414+05:30 DEBUG 10736 --- [           main] o.s.b.w.s.f.OrderedFormContentFilter     : Filter 'formContentFilter' configured for use
2026-08-15T17:56:03.504+05:30  INFO 10736 --- [           main] o.hibernate.jpa.internal.util.LogHelper  : HHH000204: Processing PersistenceUnitInfo [name: default]
2026-08-15T17:56:03.534+05:30  INFO 10736 --- [           main] org.hibernate.Version                    : HHH000412: Hibernate ORM core version 6.6.4.Final
2026-08-15T17:56:03.557+05:30  INFO 10736 --- [           main] o.h.c.internal.RegionFactoryInitiator    : HHH000026: Second-level cache disabled
2026-08-15T17:56:03.708+05:30  INFO 10736 --- [           main] o.s.o.j.p.SpringPersistenceUnitInfo      : No LoadTimeWeaver setup: ignoring JPA class transformer
2026-08-15T17:56:03.729+05:30  INFO 10736 --- [           main] com.zaxxer.hikari.HikariDataSource       : HikariPool-1 - Starting...
2026-08-15T17:56:03.841+05:30  INFO 10736 --- [           main] com.zaxxer.hikari.pool.HikariPool        : HikariPool-1 - Added connection conn0: url=jdbc:h2:mem:finclear user=SA
2026-08-15T17:56:03.844+05:30  INFO 10736 --- [           main] com.zaxxer.hikari.HikariDataSource       : HikariPool-1 - Start completed.
2026-08-15T17:56:03.885+05:30  INFO 10736 --- [           main] org.hibernate.orm.connections.pooling    : HHH10001005: Database info:
	Database JDBC URL [Connecting through datasource 'HikariDataSource (HikariPool-1)']
	Database driver: undefined/unknown
	Database version: 2.3.232
	Autocommit mode: undefined/unknown
	Isolation level: undefined/unknown
	Minimum pool size: undefined/unknown
	Maximum pool size: undefined/unknown
2026-08-15T17:56:04.497+05:30  INFO 10736 --- [           main] o.h.e.t.j.p.i.JtaPlatformInitiator       : HHH000489: No JTA platform available (set 'hibernate.transaction.jta.platform' to enable JTA platform integration)
2026-08-15T17:56:04.509+05:30 DEBUG 10736 --- [           main] org.hibernate.SQL                        : drop table if exists accounts cascade 
2026-08-15T17:56:04.513+05:30 DEBUG 10736 --- [           main] org.hibernate.SQL                        : drop table if exists audit_logs cascade 
2026-08-15T17:56:04.513+05:30 DEBUG 10736 --- [           main] org.hibernate.SQL                        : drop table if exists exception_cases cascade 
2026-08-15T17:56:04.513+05:30 DEBUG 10736 --- [           main] org.hibernate.SQL                        : drop table if exists journal_entries cascade 
2026-08-15T17:56:04.513+05:30 DEBUG 10736 --- [           main] org.hibernate.SQL                        : drop table if exists ledger_accounts cascade 
2026-08-15T17:56:04.513+05:30 DEBUG 10736 --- [           main] org.hibernate.SQL                        : drop table if exists outbox_events cascade 
2026-08-15T17:56:04.513+05:30 DEBUG 10736 --- [           main] org.hibernate.SQL                        : drop table if exists payments cascade 
2026-08-15T17:56:04.513+05:30 DEBUG 10736 --- [           main] org.hibernate.SQL                        : drop table if exists refunds cascade 
2026-08-15T17:56:04.513+05:30 DEBUG 10736 --- [           main] org.hibernate.SQL                        : drop table if exists users cascade 
2026-08-15T17:56:04.518+05:30 DEBUG 10736 --- [           main] org.hibernate.SQL                        : create table accounts (available_balance numeric(19,4) not null, created_at timestamp(6) with time zone not null, version bigint not null, id uuid not null, user_id uuid not null, currency varchar(20) not null, status varchar(20) not null, account_number varchar(40) not null unique, primary key (id))
2026-08-15T17:56:04.518+05:30 DEBUG 10736 --- [           main] org.hibernate.SQL                        : create table audit_logs (created_at timestamp(6) with time zone not null, id uuid not null, action varchar(80) not null, entity_id varchar(80), entity_type varchar(80), actor varchar(190), metadata TEXT, primary key (id))
2026-08-15T17:56:04.518+05:30 DEBUG 10736 --- [           main] org.hibernate.SQL                        : create table exception_cases (amount numeric(19,4) not null, currency varchar(3) not null, created_at timestamp(6) with time zone not null, updated_at timestamp(6) with time zone not null, id uuid not null, severity varchar(20) not null, status varchar(20) not null, category varchar(40) not null, title varchar(160) not null, owner varchar(190) not null, evidence varchar(700) not null, primary key (id))
2026-08-15T17:56:04.518+05:30 DEBUG 10736 --- [           main] org.hibernate.SQL                        : create table journal_entries (credit_total numeric(19,4) not null, debit_total numeric(19,4) not null, created_at timestamp(6) with time zone not null, id uuid not null, status varchar(20) not null, reference varchar(80) not null unique, primary key (id))
2026-08-15T17:56:04.518+05:30 DEBUG 10736 --- [           main] org.hibernate.SQL                        : create table ledger_accounts (balance numeric(19,4) not null, id uuid not null, code varchar(80) not null unique, name varchar(120) not null, primary key (id))
2026-08-15T17:56:04.518+05:30 DEBUG 10736 --- [           main] org.hibernate.SQL                        : create table outbox_events (published boolean not null, created_at timestamp(6) with time zone not null, id uuid not null, event_type varchar(100) not null, payload TEXT not null, primary key (id))
2026-08-15T17:56:04.518+05:30 DEBUG 10736 --- [           main] org.hibernate.SQL                        : create table payments (amount numeric(19,4) not null, currency varchar(3) not null, created_at timestamp(6) with time zone not null, updated_at timestamp(6) with time zone not null, id uuid not null, payer_account_id uuid not null, status varchar(30) not null, idempotency_key varchar(100) not null unique, merchant varchar(190) not null, primary key (id))
2026-08-15T17:56:04.518+05:30 DEBUG 10736 --- [           main] org.hibernate.SQL                        : create table refunds (amount numeric(19,4) not null, created_at timestamp(6) with time zone not null, id uuid not null, payment_id uuid not null, status varchar(20) not null, primary key (id))
2026-08-15T17:56:04.518+05:30 DEBUG 10736 --- [           main] org.hibernate.SQL                        : create table users (enabled boolean not null, created_at timestamp(6) with time zone not null, id uuid not null, role varchar(30) not null, email varchar(190) not null unique, password_hash varchar(255) not null, primary key (id))
2026-08-15T17:56:04.518+05:30 DEBUG 10736 --- [           main] org.hibernate.SQL                        : alter table if exists accounts add constraint FKnjuop33mo69pd79ctplkck40n foreign key (user_id) references users
2026-08-15T17:56:04.534+05:30 DEBUG 10736 --- [           main] org.hibernate.SQL                        : alter table if exists payments add constraint FKlyuc4g89iwpg90nweffk6covn foreign key (payer_account_id) references accounts
2026-08-15T17:56:04.534+05:30 DEBUG 10736 --- [           main] org.hibernate.SQL                        : alter table if exists refunds add constraint FKpt9ic0j1y6xwlej99wnynvnpy foreign key (payment_id) references payments
2026-08-15T17:56:04.534+05:30  INFO 10736 --- [           main] j.LocalContainerEntityManagerFactoryBean : Initialized JPA EntityManagerFactory for persistence unit 'default'
2026-08-15T17:56:04.701+05:30  INFO 10736 --- [           main] o.s.d.j.r.query.QueryEnhancerFactory     : Hibernate is in classpath; If applicable, HQL parser will be used.
2026-08-15T17:56:05.137+05:30  WARN 10736 --- [           main] .s.s.UserDetailsServiceAutoConfiguration : 

Using generated security password: 76b81bda-2004-40ef-9f5d-1adbeeae9ec5

This generated password is for development use only. Your security configuration must be updated before running your application in production.

2026-08-15T17:56:05.145+05:30  INFO 10736 --- [           main] r$InitializeUserDetailsManagerConfigurer : Global AuthenticationManager configured with UserDetailsService bean with name inMemoryUserDetailsManager
2026-08-15T17:56:05.245+05:30 DEBUG 10736 --- [           main] s.w.s.m.m.a.RequestMappingHandlerMapping : 14 mappings in 'requestMappingHandlerMapping'
2026-08-15T17:56:05.318+05:30 DEBUG 10736 --- [           main] o.s.w.s.handler.SimpleUrlHandlerMapping  : Patterns [/webjars/**, /**, /swagger-ui*/*swagger-initializer.js, /swagger-ui*/**] in 'resourceHandlerMapping'
2026-08-15T17:56:05.401+05:30  INFO 10736 --- [           main] o.s.b.a.e.web.EndpointLinksResolver      : Exposing 3 endpoints beneath base path '/actuator'
2026-08-15T17:56:05.499+05:30 DEBUG 10736 --- [           main] s.w.s.m.m.a.RequestMappingHandlerAdapter : ControllerAdvice beans: 0 @ModelAttribute, 0 @InitBinder, 1 RequestBodyAdvice, 1 ResponseBodyAdvice
2026-08-15T17:56:05.534+05:30 DEBUG 10736 --- [           main] .m.m.a.ExceptionHandlerExceptionResolver : ControllerAdvice beans: 2 @ExceptionHandler, 1 ResponseBodyAdvice
2026-08-15T17:56:05.768+05:30  INFO 10736 --- [           main] o.s.b.w.embedded.tomcat.TomcatWebServer  : Tomcat started on port 8080 (http) with context path '/'
2026-08-15T17:56:05.784+05:30 DEBUG 10736 --- [           main] .s.b.a.l.ConditionEvaluationReportLogger : 


============================
CONDITIONS EVALUATION REPORT
============================


Positive matches:
-----------------

   AopAutoConfiguration matched:
      - @ConditionalOnProperty (spring.aop.auto=true) matched (OnPropertyCondition)

   AopAutoConfiguration.AspectJAutoProxyingConfiguration matched:
      - @ConditionalOnClass found required class 'org.aspectj.weaver.Advice' (OnClassCondition)

   AopAutoConfiguration.AspectJAutoProxyingConfiguration.CglibAutoProxyConfiguration matched:
      - @ConditionalOnProperty (spring.aop.proxy-target-class=true) matched (OnPropertyCondition)

   ApplicationAvailabilityAutoConfiguration#applicationAvailability matched:
      - @ConditionalOnMissingBean (types: org.springframework.boot.availability.ApplicationAvailability; SearchStrategy: all) did not find any beans (OnBeanCondition)

   CacheMeterBinderProvidersConfiguration matched:
      - @ConditionalOnClass found required class 'io.micrometer.core.instrument.binder.MeterBinder' (OnClassCondition)

   CacheMeterBinderProvidersConfiguration.RedisCacheMeterBinderProviderConfiguration matched:
      - @ConditionalOnClass found required class 'org.springframework.data.redis.cache.RedisCache' (OnClassCondition)

   CompositeMeterRegistryAutoConfiguration matched:
      - @ConditionalOnClass found required class 'io.micrometer.core.instrument.composite.CompositeMeterRegistry' (OnClassCondition)

   DataSourceAutoConfiguration matched:
      - @ConditionalOnClass found required classes 'javax.sql.DataSource', 'org.springframework.jdbc.datasource.embedded.EmbeddedDatabaseType' (OnClassCondition)
      - @ConditionalOnMissingBean (types: io.r2dbc.spi.ConnectionFactory; SearchStrategy: all) did not find any beans (OnBeanCondition)

   DataSourceAutoConfiguration.PooledDataSourceConfiguration matched:
      - AnyNestedCondition 1 matched 1 did not; NestedCondition on DataSourceAutoConfiguration.PooledDataSourceCondition.PooledDataSourceAvailable PooledDataSource found supported DataSource; NestedCondition on DataSourceAutoConfiguration.PooledDataSourceCondition.ExplicitType @ConditionalOnProperty (spring.datasource.type) did not find property 'type' (DataSourceAutoConfiguration.PooledDataSourceCondition)
      - @ConditionalOnMissingBean (types: javax.sql.DataSource,javax.sql.XADataSource; SearchStrategy: all) did not find any beans (OnBeanCondition)

   DataSourceAutoConfiguration.PooledDataSourceConfiguration#jdbcConnectionDetails matched:
      - @ConditionalOnMissingBean (types: org.springframework.boot.autoconfigure.jdbc.JdbcConnectionDetails; SearchStrategy: all) did not find any beans (OnBeanCondition)

   DataSourceConfiguration.Hikari matched:
      - @ConditionalOnClass found required class 'com.zaxxer.hikari.HikariDataSource' (OnClassCondition)
      - @ConditionalOnProperty (spring.datasource.type=com.zaxxer.hikari.HikariDataSource) matched (OnPropertyCondition)
      - @ConditionalOnMissingBean (types: javax.sql.DataSource; SearchStrategy: all) did not find any beans (OnBeanCondition)

   DataSourceHealthContributorAutoConfiguration matched:
      - @ConditionalOnClass found required classes 'org.springframework.jdbc.core.JdbcTemplate', 'org.springframework.jdbc.datasource.lookup.AbstractRoutingDataSource' (OnClassCondition)
      - @ConditionalOnEnabledHealthIndicator management.health.defaults.enabled is considered true (OnEnabledHealthIndicatorCondition)
      - @ConditionalOnBean (types: javax.sql.DataSource; SearchStrategy: all) found bean 'dataSource' (OnBeanCondition)

   DataSourceHealthContributorAutoConfiguration#dbHealthContributor matched:
      - @ConditionalOnMissingBean (names: dbHealthIndicator,dbHealthContributor; SearchStrategy: all) did not find any beans (OnBeanCondition)

   DataSourceInitializationConfiguration matched:
      - @ConditionalOnClass found required class 'org.springframework.jdbc.datasource.init.DatabasePopulator' (OnClassCondition)
      - @ConditionalOnSingleCandidate (types: javax.sql.DataSource; SearchStrategy: all) found a single bean 'dataSource'; @ConditionalOnMissingBean (types: org.springframework.boot.autoconfigure.sql.init.SqlDataSourceScriptDatabaseInitializer,org.springframework.boot.autoconfigure.sql.init.SqlR2dbcScriptDatabaseInitializer; SearchStrategy: all) did not find any beans (OnBeanCondition)

   DataSourceJmxConfiguration matched:
      - @ConditionalOnProperty (spring.jmx.enabled=true) matched (OnPropertyCondition)

   DataSourceJmxConfiguration.Hikari matched:
      - @ConditionalOnClass found required class 'com.zaxxer.hikari.HikariDataSource' (OnClassCondition)
      - @ConditionalOnSingleCandidate (types: javax.sql.DataSource; SearchStrategy: all) found a single bean 'dataSource' (OnBeanCondition)

   DataSourcePoolMetadataProvidersConfiguration.HikariPoolDataSourceMetadataProviderConfiguration matched:
      - @ConditionalOnClass found required class 'com.zaxxer.hikari.HikariDataSource' (OnClassCondition)

   DataSourcePoolMetricsAutoConfiguration matched:
      - @ConditionalOnClass found required classes 'javax.sql.DataSource', 'io.micrometer.core.instrument.MeterRegistry' (OnClassCondition)
      - @ConditionalOnBean (types: javax.sql.DataSource,io.micrometer.core.instrument.MeterRegistry; SearchStrategy: all) found beans 'simpleMeterRegistry', 'dataSource' (OnBeanCondition)

   DataSourcePoolMetricsAutoConfiguration.DataSourcePoolMetadataMetricsConfiguration matched:
      - @ConditionalOnBean (types: org.springframework.boot.jdbc.metadata.DataSourcePoolMetadataProvider; SearchStrategy: all) found bean 'hikariPoolDataSourceMetadataProvider' (OnBeanCondition)

   DataSourcePoolMetricsAutoConfiguration.HikariDataSourceMetricsConfiguration matched:
      - @ConditionalOnClass found required class 'com.zaxxer.hikari.HikariDataSource' (OnClassCondition)

   DataSourceTransactionManagerAutoConfiguration matched:
      - @ConditionalOnClass found required classes 'javax.sql.DataSource', 'org.springframework.jdbc.core.JdbcTemplate', 'org.springframework.transaction.TransactionManager' (OnClassCondition)

   DataSourceTransactionManagerAutoConfiguration.JdbcTransactionManagerConfiguration matched:
      - @ConditionalOnSingleCandidate (types: javax.sql.DataSource; SearchStrategy: all) found a single bean 'dataSource' (OnBeanCondition)

   DiskSpaceHealthContributorAutoConfiguration matched:
      - @ConditionalOnEnabledHealthIndicator management.health.defaults.enabled is considered true (OnEnabledHealthIndicatorCondition)

   DiskSpaceHealthContributorAutoConfiguration#diskSpaceHealthIndicator matched:
      - @ConditionalOnMissingBean (names: diskSpaceHealthIndicator; SearchStrategy: all) did not find any beans (OnBeanCondition)

   DispatcherServletAutoConfiguration matched:
      - @ConditionalOnClass found required class 'org.springframework.web.servlet.DispatcherServlet' (OnClassCondition)
      - found 'session' scope (OnWebApplicationCondition)

   DispatcherServletAutoConfiguration.DispatcherServletConfiguration matched:
      - @ConditionalOnClass found required class 'jakarta.servlet.ServletRegistration' (OnClassCondition)
      - Default DispatcherServlet did not find dispatcher servlet beans (DispatcherServletAutoConfiguration.DefaultDispatcherServletCondition)

   DispatcherServletAutoConfiguration.DispatcherServletRegistrationConfiguration matched:
      - @ConditionalOnClass found required class 'jakarta.servlet.ServletRegistration' (OnClassCondition)
      - DispatcherServlet Registration did not find servlet registration bean (DispatcherServletAutoConfiguration.DispatcherServletRegistrationCondition)

   DispatcherServletAutoConfiguration.DispatcherServletRegistrationConfiguration#dispatcherServletRegistration matched:
      - @ConditionalOnBean (names: dispatcherServlet types: org.springframework.web.servlet.DispatcherServlet; SearchStrategy: all) found bean 'dispatcherServlet' (OnBeanCondition)

   EmbeddedWebServerFactoryCustomizerAutoConfiguration matched:
      - @ConditionalOnWebApplication (required) found 'session' scope (OnWebApplicationCondition)
      - @ConditionalOnWarDeployment the application is not deployed as a WAR file. (OnWarDeploymentCondition)

   EmbeddedWebServerFactoryCustomizerAutoConfiguration.TomcatWebServerFactoryCustomizerConfiguration matched:
      - @ConditionalOnClass found required classes 'org.apache.catalina.startup.Tomcat', 'org.apache.coyote.UpgradeProtocol' (OnClassCondition)

   EndpointAutoConfiguration#endpointCachingOperationInvokerAdvisor matched:
      - @ConditionalOnMissingBean (types: org.springframework.boot.actuate.endpoint.invoker.cache.CachingOperationInvokerAdvisor; SearchStrategy: all) did not find any beans (OnBeanCondition)

   EndpointAutoConfiguration#endpointOperationParameterMapper matched:
      - @ConditionalOnMissingBean (types: org.springframework.boot.actuate.endpoint.invoke.ParameterValueMapper; SearchStrategy: all) did not find any beans (OnBeanCondition)

   EndpointAutoConfiguration#propertiesEndpointAccessResolver matched:
      - @ConditionalOnMissingBean (types: org.springframework.boot.actuate.endpoint.EndpointAccessResolver; SearchStrategy: all) did not find any beans (OnBeanCondition)

   ErrorMvcAutoConfiguration matched:
      - @ConditionalOnClass found required classes 'jakarta.servlet.Servlet', 'org.springframework.web.servlet.DispatcherServlet' (OnClassCondition)
      - found 'session' scope (OnWebApplicationCondition)

   ErrorMvcAutoConfiguration#basicErrorController matched:
      - @ConditionalOnMissingBean (types: org.springframework.boot.web.servlet.error.ErrorController; SearchStrategy: current) did not find any beans (OnBeanCondition)

   ErrorMvcAutoConfiguration#errorAttributes matched:
      - @ConditionalOnMissingBean (types: org.springframework.boot.web.servlet.error.ErrorAttributes; SearchStrategy: current) did not find any beans (OnBeanCondition)

   ErrorMvcAutoConfiguration.DefaultErrorViewResolverConfiguration#conventionErrorViewResolver matched:
      - @ConditionalOnBean (types: org.springframework.web.servlet.DispatcherServlet; SearchStrategy: all) found bean 'dispatcherServlet'; @ConditionalOnMissingBean (types: org.springframework.boot.autoconfigure.web.servlet.error.ErrorViewResolver; SearchStrategy: all) did not find any beans (OnBeanCondition)

   ErrorMvcAutoConfiguration.WhitelabelErrorViewConfiguration matched:
      - @ConditionalOnProperty (server.error.whitelabel.enabled) matched (OnPropertyCondition)
      - ErrorTemplate Missing did not find error template view (ErrorMvcAutoConfiguration.ErrorTemplateMissingCondition)

   ErrorMvcAutoConfiguration.WhitelabelErrorViewConfiguration#beanNameViewResolver matched:
      - @ConditionalOnMissingBean (types: org.springframework.web.servlet.view.BeanNameViewResolver; SearchStrategy: all) did not find any beans (OnBeanCondition)

   ErrorMvcAutoConfiguration.WhitelabelErrorViewConfiguration#defaultErrorView matched:
      - @ConditionalOnMissingBean (names: error; SearchStrategy: all) did not find any beans (OnBeanCondition)

   GenericCacheConfiguration matched:
      - Cache org.springframework.boot.autoconfigure.cache.GenericCacheConfiguration automatic cache type (CacheCondition)

   HealthContributorAutoConfiguration#pingHealthContributor matched:
      - @ConditionalOnEnabledHealthIndicator management.health.defaults.enabled is considered true (OnEnabledHealthIndicatorCondition)

   HealthEndpointAutoConfiguration matched:
      - @ConditionalOnAvailableEndpoint marked as exposed by a 'management.endpoints.web.exposure' property (OnAvailableEndpointCondition)

   HealthEndpointConfiguration#healthContributorRegistry matched:
      - @ConditionalOnMissingBean (types: org.springframework.boot.actuate.health.HealthContributorRegistry; SearchStrategy: all) did not find any beans (OnBeanCondition)

   HealthEndpointConfiguration#healthEndpoint matched:
      - @ConditionalOnMissingBean (types: org.springframework.boot.actuate.health.HealthEndpoint; SearchStrategy: all) did not find any beans (OnBeanCondition)

   HealthEndpointConfiguration#healthEndpointGroupMembershipValidator matched:
      - @ConditionalOnProperty (management.endpoint.health.validate-group-membership=true) matched (OnPropertyCondition)

   HealthEndpointConfiguration#healthEndpointGroups matched:
      - @ConditionalOnMissingBean (types: org.springframework.boot.actuate.health.HealthEndpointGroups; SearchStrategy: all) did not find any beans (OnBeanCondition)

   HealthEndpointConfiguration#healthHttpCodeStatusMapper matched:
      - @ConditionalOnMissingBean (types: org.springframework.boot.actuate.health.HttpCodeStatusMapper; SearchStrategy: all) did not find any beans (OnBeanCondition)

   HealthEndpointConfiguration#healthStatusAggregator matched:
      - @ConditionalOnMissingBean (types: org.springframework.boot.actuate.health.StatusAggregator; SearchStrategy: all) did not find any beans (OnBeanCondition)

   HealthEndpointWebExtensionConfiguration matched:
      - found 'session' scope (OnWebApplicationCondition)
      - @ConditionalOnAvailableEndpoint marked as exposed by a 'management.endpoints.web.exposure' property (OnAvailableEndpointCondition)
      - @ConditionalOnBean (types: org.springframework.boot.actuate.health.HealthEndpoint; SearchStrategy: all) found bean 'healthEndpoint' (OnBeanCondition)

   HealthEndpointWebExtensionConfiguration#healthEndpointWebExtension matched:
      - @ConditionalOnMissingBean (types: org.springframework.boot.actuate.health.HealthEndpointWebExtension; SearchStrategy: all) did not find any beans (OnBeanCondition)

   HealthEndpointWebExtensionConfiguration.MvcAdditionalHealthEndpointPathsConfiguration matched:
      - @ConditionalOnBean (types: org.springframework.web.servlet.DispatcherServlet; SearchStrategy: all) found bean 'dispatcherServlet' (OnBeanCondition)

   HibernateJpaAutoConfiguration matched:
      - @ConditionalOnClass found required classes 'org.springframework.orm.jpa.LocalContainerEntityManagerFactoryBean', 'jakarta.persistence.EntityManager', 'org.hibernate.engine.spi.SessionImplementor' (OnClassCondition)

   HibernateJpaConfiguration matched:
      - @ConditionalOnSingleCandidate (types: javax.sql.DataSource; SearchStrategy: all) found a single bean 'dataSource' (OnBeanCondition)

   HttpClientAutoConfiguration matched:
      - @ConditionalOnClass found required class 'org.springframework.http.client.ClientHttpRequestFactory' (OnClassCondition)
      - NoneNestedConditions 0 matched 1 did not; NestedCondition on NotReactiveWebApplicationCondition.ReactiveWebApplication did not find reactive web application classes (NotReactiveWebApplicationCondition)

   HttpClientAutoConfiguration#clientHttpRequestFactoryBuilder matched:
      - @ConditionalOnMissingBean (types: org.springframework.boot.http.client.ClientHttpRequestFactoryBuilder; SearchStrategy: all) did not find any beans (OnBeanCondition)

   HttpClientAutoConfiguration#clientHttpRequestFactorySettings matched:
      - @ConditionalOnMissingBean (types: org.springframework.boot.http.client.ClientHttpRequestFactorySettings; SearchStrategy: all) did not find any beans (OnBeanCondition)

   HttpClientObservationsAutoConfiguration matched:
      - @ConditionalOnClass found required class 'io.micrometer.observation.Observation' (OnClassCondition)
      - @ConditionalOnBean (types: io.micrometer.observation.ObservationRegistry; SearchStrategy: all) found bean 'observationRegistry' (OnBeanCondition)

   HttpClientObservationsAutoConfiguration.MeterFilterConfiguration matched:
      - @ConditionalOnClass found required class 'io.micrometer.core.instrument.MeterRegistry' (OnClassCondition)
      - @ConditionalOnBean (types: io.micrometer.core.instrument.MeterRegistry; SearchStrategy: all) found bean 'simpleMeterRegistry' (OnBeanCondition)

   HttpEncodingAutoConfiguration matched:
      - @ConditionalOnClass found required class 'org.springframework.web.filter.CharacterEncodingFilter' (OnClassCondition)
      - found 'session' scope (OnWebApplicationCondition)
      - @ConditionalOnProperty (server.servlet.encoding.enabled) matched (OnPropertyCondition)

   HttpEncodingAutoConfiguration#characterEncodingFilter matched:
      - @ConditionalOnMissingBean (types: org.springframework.web.filter.CharacterEncodingFilter; SearchStrategy: all) did not find any beans (OnBeanCondition)

   HttpMessageConvertersAutoConfiguration matched:
      - @ConditionalOnClass found required class 'org.springframework.http.converter.HttpMessageConverter' (OnClassCondition)
      - NoneNestedConditions 0 matched 1 did not; NestedCondition on HttpMessageConvertersAutoConfiguration.NotReactiveWebApplicationCondition.ReactiveWebApplication did not find reactive web application classes (HttpMessageConvertersAutoConfiguration.NotReactiveWebApplicationCondition)

   HttpMessageConvertersAutoConfiguration#messageConverters matched:
      - @ConditionalOnMissingBean (types: org.springframework.boot.autoconfigure.http.HttpMessageConverters; SearchStrategy: all) did not find any beans (OnBeanCondition)

   HttpMessageConvertersAutoConfiguration.StringHttpMessageConverterConfiguration matched:
      - @ConditionalOnClass found required class 'org.springframework.http.converter.StringHttpMessageConverter' (OnClassCondition)

   HttpMessageConvertersAutoConfiguration.StringHttpMessageConverterConfiguration#stringHttpMessageConverter matched:
      - @ConditionalOnMissingBean (types: org.springframework.http.converter.StringHttpMessageConverter; SearchStrategy: all) did not find any beans (OnBeanCondition)

   InfoEndpointAutoConfiguration matched:
      - @ConditionalOnAvailableEndpoint marked as exposed by a 'management.endpoints.web.exposure' property (OnAvailableEndpointCondition)

   InfoEndpointAutoConfiguration#infoEndpoint matched:
      - @ConditionalOnMissingBean (types: org.springframework.boot.actuate.info.InfoEndpoint; SearchStrategy: all) did not find any beans (OnBeanCondition)

   JacksonAutoConfiguration matched:
      - @ConditionalOnClass found required class 'com.fasterxml.jackson.databind.ObjectMapper' (OnClassCondition)

   JacksonAutoConfiguration.Jackson2ObjectMapperBuilderCustomizerConfiguration matched:
      - @ConditionalOnClass found required class 'org.springframework.http.converter.json.Jackson2ObjectMapperBuilder' (OnClassCondition)

   JacksonAutoConfiguration.JacksonObjectMapperBuilderConfiguration matched:
      - @ConditionalOnClass found required class 'org.springframework.http.converter.json.Jackson2ObjectMapperBuilder' (OnClassCondition)

   JacksonAutoConfiguration.JacksonObjectMapperBuilderConfiguration#jacksonObjectMapperBuilder matched:
      - @ConditionalOnMissingBean (types: org.springframework.http.converter.json.Jackson2ObjectMapperBuilder; SearchStrategy: all) did not find any beans (OnBeanCondition)

   JacksonAutoConfiguration.JacksonObjectMapperConfiguration matched:
      - @ConditionalOnClass found required class 'org.springframework.http.converter.json.Jackson2ObjectMapperBuilder' (OnClassCondition)

   JacksonAutoConfiguration.JacksonObjectMapperConfiguration#jacksonObjectMapper matched:
      - @ConditionalOnMissingBean (types: com.fasterxml.jackson.databind.ObjectMapper; SearchStrategy: all) did not find any beans (OnBeanCondition)

   JacksonAutoConfiguration.ParameterNamesModuleConfiguration matched:
      - @ConditionalOnClass found required class 'com.fasterxml.jackson.module.paramnames.ParameterNamesModule' (OnClassCondition)

   JacksonAutoConfiguration.ParameterNamesModuleConfiguration#parameterNamesModule matched:
      - @ConditionalOnMissingBean (types: com.fasterxml.jackson.module.paramnames.ParameterNamesModule; SearchStrategy: all) did not find any beans (OnBeanCondition)

   JacksonEndpointAutoConfiguration#endpointObjectMapper matched:
      - @ConditionalOnClass found required classes 'com.fasterxml.jackson.databind.ObjectMapper', 'org.springframework.http.converter.json.Jackson2ObjectMapperBuilder' (OnClassCondition)
      - @ConditionalOnProperty (management.endpoints.jackson.isolated-object-mapper) matched (OnPropertyCondition)

   JacksonHttpMessageConvertersConfiguration.MappingJackson2HttpMessageConverterConfiguration matched:
      - @ConditionalOnClass found required class 'com.fasterxml.jackson.databind.ObjectMapper' (OnClassCondition)
      - @ConditionalOnProperty (spring.mvc.converters.preferred-json-mapper=jackson) matched (OnPropertyCondition)
      - @ConditionalOnBean (types: com.fasterxml.jackson.databind.ObjectMapper; SearchStrategy: all) found bean 'jacksonObjectMapper' (OnBeanCondition)

   JacksonHttpMessageConvertersConfiguration.MappingJackson2HttpMessageConverterConfiguration#mappingJackson2HttpMessageConverter matched:
      - @ConditionalOnMissingBean (types: org.springframework.http.converter.json.MappingJackson2HttpMessageConverter ignored: org.springframework.hateoas.server.mvc.TypeConstrainedMappingJackson2HttpMessageConverter,org.springframework.data.rest.webmvc.alps.AlpsJsonHttpMessageConverter; SearchStrategy: all) did not find any beans (OnBeanCondition)

   JdbcClientAutoConfiguration matched:
      - @ConditionalOnSingleCandidate (types: org.springframework.jdbc.core.namedparam.NamedParameterJdbcTemplate; SearchStrategy: all) found a single bean 'namedParameterJdbcTemplate'; @ConditionalOnMissingBean (types: org.springframework.jdbc.core.simple.JdbcClient; SearchStrategy: all) did not find any beans (OnBeanCondition)

   JdbcTemplateAutoConfiguration matched:
      - @ConditionalOnClass found required classes 'javax.sql.DataSource', 'org.springframework.jdbc.core.JdbcTemplate' (OnClassCondition)
      - @ConditionalOnSingleCandidate (types: javax.sql.DataSource; SearchStrategy: all) found a single bean 'dataSource' (OnBeanCondition)

   JdbcTemplateConfiguration matched:
      - @ConditionalOnMissingBean (types: org.springframework.jdbc.core.JdbcOperations; SearchStrategy: all) did not find any beans (OnBeanCondition)

   JpaBaseConfiguration#entityManagerFactory matched:
      - @ConditionalOnMissingBean (types: org.springframework.orm.jpa.LocalContainerEntityManagerFactoryBean,jakarta.persistence.EntityManagerFactory; SearchStrategy: all) did not find any beans (OnBeanCondition)

   JpaBaseConfiguration#entityManagerFactoryBuilder matched:
      - @ConditionalOnMissingBean (types: org.springframework.boot.orm.jpa.EntityManagerFactoryBuilder; SearchStrategy: all) did not find any beans (OnBeanCondition)

   JpaBaseConfiguration#jpaVendorAdapter matched:
      - @ConditionalOnMissingBean (types: org.springframework.orm.jpa.JpaVendorAdapter; SearchStrategy: all) did not find any beans (OnBeanCondition)

   JpaBaseConfiguration#transactionManager matched:
      - @ConditionalOnMissingBean (types: org.springframework.transaction.TransactionManager; SearchStrategy: all) did not find any beans (OnBeanCondition)

   JpaBaseConfiguration.PersistenceManagedTypesConfiguration matched:
      - @ConditionalOnMissingBean (types: org.springframework.orm.jpa.LocalContainerEntityManagerFactoryBean,jakarta.persistence.EntityManagerFactory; SearchStrategy: all) did not find any beans (OnBeanCondition)

   JpaBaseConfiguration.PersistenceManagedTypesConfiguration#persistenceManagedTypes matched:
      - @ConditionalOnMissingBean (types: org.springframework.orm.jpa.persistenceunit.PersistenceManagedTypes; SearchStrategy: all) did not find any beans (OnBeanCondition)

   JpaRepositoriesAutoConfiguration matched:
      - @ConditionalOnClass found required class 'org.springframework.data.jpa.repository.JpaRepository' (OnClassCondition)
      - @ConditionalOnProperty (spring.data.jpa.repositories.enabled=true) matched (OnPropertyCondition)
      - @ConditionalOnBean (types: javax.sql.DataSource; SearchStrategy: all) found bean 'dataSource'; @ConditionalOnMissingBean (types: org.springframework.data.jpa.repository.support.JpaRepositoryFactoryBean,org.springframework.data.jpa.repository.config.JpaRepositoryConfigExtension; SearchStrategy: all) did not find any beans (OnBeanCondition)

   JtaAutoConfiguration matched:
      - @ConditionalOnClass found required class 'jakarta.transaction.Transaction' (OnClassCondition)
      - @ConditionalOnProperty (spring.jta.enabled) matched (OnPropertyCondition)

   JvmMetricsAutoConfiguration matched:
      - @ConditionalOnClass found required class 'io.micrometer.core.instrument.MeterRegistry' (OnClassCondition)
      - @ConditionalOnBean (types: io.micrometer.core.instrument.MeterRegistry; SearchStrategy: all) found bean 'simpleMeterRegistry' (OnBeanCondition)

   JvmMetricsAutoConfiguration#classLoaderMetrics matched:
      - @ConditionalOnMissingBean (types: io.micrometer.core.instrument.binder.jvm.ClassLoaderMetrics; SearchStrategy: all) did not find any beans (OnBeanCondition)

   JvmMetricsAutoConfiguration#jvmCompilationMetrics matched:
      - @ConditionalOnMissingBean (types: io.micrometer.core.instrument.binder.jvm.JvmCompilationMetrics; SearchStrategy: all) did not find any beans (OnBeanCondition)

   JvmMetricsAutoConfiguration#jvmGcMetrics matched:
      - @ConditionalOnMissingBean (types: io.micrometer.core.instrument.binder.jvm.JvmGcMetrics; SearchStrategy: all) did not find any beans (OnBeanCondition)

   JvmMetricsAutoConfiguration#jvmHeapPressureMetrics matched:
      - @ConditionalOnMissingBean (types: io.micrometer.core.instrument.binder.jvm.JvmHeapPressureMetrics; SearchStrategy: all) did not find any beans (OnBeanCondition)

   JvmMetricsAutoConfiguration#jvmInfoMetrics matched:
      - @ConditionalOnMissingBean (types: io.micrometer.core.instrument.binder.jvm.JvmInfoMetrics; SearchStrategy: all) did not find any beans (OnBeanCondition)

   JvmMetricsAutoConfiguration#jvmMemoryMetrics matched:
      - @ConditionalOnMissingBean (types: io.micrometer.core.instrument.binder.jvm.JvmMemoryMetrics; SearchStrategy: all) did not find any beans (OnBeanCondition)

   JvmMetricsAutoConfiguration#jvmThreadMetrics matched:
      - @ConditionalOnMissingBean (types: io.micrometer.core.instrument.binder.jvm.JvmThreadMetrics; SearchStrategy: all) did not find any beans (OnBeanCondition)

   KafkaMetricsAutoConfiguration matched:
      - @ConditionalOnClass found required classes 'io.micrometer.core.instrument.binder.kafka.KafkaClientMetrics', 'org.springframework.kafka.core.ProducerFactory' (OnClassCondition)
      - @ConditionalOnBean (types: io.micrometer.core.instrument.MeterRegistry; SearchStrategy: all) found bean 'simpleMeterRegistry' (OnBeanCondition)

   KafkaMetricsAutoConfiguration.KafkaStreamsMetricsConfiguration matched:
      - @ConditionalOnClass found required classes 'io.micrometer.core.instrument.binder.kafka.KafkaStreamsMetrics', 'org.springframework.kafka.config.StreamsBuilderFactoryBean' (OnClassCondition)

   LifecycleAutoConfiguration#defaultLifecycleProcessor matched:
      - @ConditionalOnMissingBean (names: lifecycleProcessor; SearchStrategy: current) did not find any beans (OnBeanCondition)

   LogbackMetricsAutoConfiguration matched:
      - @ConditionalOnClass found required classes 'io.micrometer.core.instrument.MeterRegistry', 'ch.qos.logback.classic.LoggerContext', 'org.slf4j.LoggerFactory' (OnClassCondition)
      - LogbackLoggingCondition ILoggerFactory is a Logback LoggerContext (LogbackMetricsAutoConfiguration.LogbackLoggingCondition)
      - @ConditionalOnBean (types: io.micrometer.core.instrument.MeterRegistry; SearchStrategy: all) found bean 'simpleMeterRegistry' (OnBeanCondition)

   LogbackMetricsAutoConfiguration#logbackMetrics matched:
      - @ConditionalOnMissingBean (types: io.micrometer.core.instrument.binder.logging.LogbackMetrics; SearchStrategy: all) did not find any beans (OnBeanCondition)

   ManagementContextAutoConfiguration.SameManagementContextConfiguration matched:
      - Management Port actual port type (SAME) matched required type (OnManagementPortCondition)

   MetricsAutoConfiguration matched:
      - @ConditionalOnClass found required class 'io.micrometer.core.annotation.Timed' (OnClassCondition)

   MetricsAutoConfiguration#micrometerClock matched:
      - @ConditionalOnMissingBean (types: io.micrometer.core.instrument.Clock; SearchStrategy: all) did not find any beans (OnBeanCondition)

   MetricsEndpointAutoConfiguration matched:
      - @ConditionalOnClass found required class 'io.micrometer.core.annotation.Timed' (OnClassCondition)
      - @ConditionalOnAvailableEndpoint marked as exposed by a 'management.endpoints.web.exposure' property (OnAvailableEndpointCondition)

   MetricsEndpointAutoConfiguration#metricsEndpoint matched:
      - @ConditionalOnBean (types: io.micrometer.core.instrument.MeterRegistry; SearchStrategy: all) found bean 'simpleMeterRegistry'; @ConditionalOnMissingBean (types: org.springframework.boot.actuate.metrics.MetricsEndpoint; SearchStrategy: all) did not find any beans (OnBeanCondition)

   MultipartAutoConfiguration matched:
      - @ConditionalOnClass found required classes 'jakarta.servlet.Servlet', 'org.springframework.web.multipart.support.StandardServletMultipartResolver', 'jakarta.servlet.MultipartConfigElement' (OnClassCondition)
      - found 'session' scope (OnWebApplicationCondition)
      - @ConditionalOnProperty (spring.servlet.multipart.enabled) matched (OnPropertyCondition)

   MultipartAutoConfiguration#multipartConfigElement matched:
      - @ConditionalOnMissingBean (types: jakarta.servlet.MultipartConfigElement; SearchStrategy: all) did not find any beans (OnBeanCondition)

   MultipartAutoConfiguration#multipartResolver matched:
      - @ConditionalOnMissingBean (types: org.springframework.web.multipart.MultipartResolver; SearchStrategy: all) did not find any beans (OnBeanCondition)

   NamedParameterJdbcTemplateConfiguration matched:
      - @ConditionalOnSingleCandidate (types: org.springframework.jdbc.core.JdbcTemplate; SearchStrategy: all) found a single bean 'jdbcTemplate'; @ConditionalOnMissingBean (types: org.springframework.jdbc.core.namedparam.NamedParameterJdbcOperations; SearchStrategy: all) did not find any beans (OnBeanCondition)

   NoOpCacheConfiguration matched:
      - Cache org.springframework.boot.autoconfigure.cache.NoOpCacheConfiguration automatic cache type (CacheCondition)

   ObservationAutoConfiguration matched:
      - @ConditionalOnClass found required class 'io.micrometer.observation.ObservationRegistry' (OnClassCondition)

   ObservationAutoConfiguration#observationRegistry matched:
      - @ConditionalOnMissingBean (types: io.micrometer.observation.ObservationRegistry; SearchStrategy: all) did not find any beans (OnBeanCondition)

   ObservationAutoConfiguration.MeterObservationHandlerConfiguration matched:
      - @ConditionalOnBean (types: io.micrometer.core.instrument.MeterRegistry; SearchStrategy: all) found bean 'simpleMeterRegistry'; @ConditionalOnMissingBean (types: io.micrometer.core.instrument.observation.MeterObservationHandler; SearchStrategy: all) did not find any beans (OnBeanCondition)

   ObservationAutoConfiguration.MeterObservationHandlerConfiguration.OnlyMetricsMeterObservationHandlerConfiguration matched:
      - @ConditionalOnMissingBean (types: io.micrometer.tracing.Tracer; SearchStrategy: all) did not find any beans (OnBeanCondition)

   ObservationAutoConfiguration.ObservedAspectConfiguration matched:
      - @ConditionalOnClass found required class 'org.aspectj.weaver.Advice' (OnClassCondition)

   ObservationAutoConfiguration.ObservedAspectConfiguration#observedAspect matched:
      - @ConditionalOnMissingBean (types: io.micrometer.observation.aop.ObservedAspect; SearchStrategy: all) did not find any beans (OnBeanCondition)

   ObservationAutoConfiguration.OnlyMetricsConfiguration matched:
      - @ConditionalOnClass found required class 'io.micrometer.core.instrument.MeterRegistry'; @ConditionalOnMissingClass did not find unwanted class 'io.micrometer.tracing.Tracer' (OnClassCondition)

   PersistenceExceptionTranslationAutoConfiguration matched:
      - @ConditionalOnClass found required class 'org.springframework.dao.annotation.PersistenceExceptionTranslationPostProcessor' (OnClassCondition)

   PersistenceExceptionTranslationAutoConfiguration#persistenceExceptionTranslationPostProcessor matched:
      - @ConditionalOnProperty (spring.dao.exceptiontranslation.enabled) matched (OnPropertyCondition)
      - @ConditionalOnMissingBean (types: org.springframework.dao.annotation.PersistenceExceptionTranslationPostProcessor; SearchStrategy: all) did not find any beans (OnBeanCondition)

   PropertyPlaceholderAutoConfiguration#propertySourcesPlaceholderConfigurer matched:
      - @ConditionalOnMissingBean (types: org.springframework.context.support.PropertySourcesPlaceholderConfigurer; SearchStrategy: current) did not find any beans (OnBeanCondition)

   RedisCacheConfiguration matched:
      - @ConditionalOnClass found required class 'org.springframework.data.redis.connection.RedisConnectionFactory' (OnClassCondition)
      - Cache org.springframework.boot.autoconfigure.cache.RedisCacheConfiguration automatic cache type (CacheCondition)

   RepositoryMetricsAutoConfiguration matched:
      - @ConditionalOnClass found required class 'org.springframework.data.repository.Repository' (OnClassCondition)
      - @ConditionalOnBean (types: io.micrometer.core.instrument.MeterRegistry; SearchStrategy: all) found bean 'simpleMeterRegistry' (OnBeanCondition)

   RepositoryMetricsAutoConfiguration#metricsRepositoryMethodInvocationListener matched:
      - @ConditionalOnMissingBean (types: org.springframework.boot.actuate.metrics.data.MetricsRepositoryMethodInvocationListener; SearchStrategy: all) did not find any beans (OnBeanCondition)

   RepositoryMetricsAutoConfiguration#repositoryTagsProvider matched:
      - @ConditionalOnMissingBean (types: org.springframework.boot.actuate.metrics.data.RepositoryTagsProvider; SearchStrategy: all) did not find any beans (OnBeanCondition)

   RestClientAutoConfiguration matched:
      - @ConditionalOnClass found required class 'org.springframework.web.client.RestClient' (OnClassCondition)
      - NoneNestedConditions 0 matched 1 did not; NestedCondition on NotReactiveWebApplicationCondition.ReactiveWebApplication did not find reactive web application classes (NotReactiveWebApplicationCondition)

   RestClientAutoConfiguration#httpMessageConvertersRestClientCustomizer matched:
      - @ConditionalOnMissingBean (types: org.springframework.boot.autoconfigure.web.client.HttpMessageConvertersRestClientCustomizer; SearchStrategy: all) did not find any beans (OnBeanCondition)

   RestClientAutoConfiguration#restClientBuilder matched:
      - @ConditionalOnMissingBean (types: org.springframework.web.client.RestClient$Builder; SearchStrategy: all) did not find any beans (OnBeanCondition)

   RestClientAutoConfiguration#restClientBuilderConfigurer matched:
      - @ConditionalOnMissingBean (types: org.springframework.boot.autoconfigure.web.client.RestClientBuilderConfigurer; SearchStrategy: all) did not find any beans (OnBeanCondition)

   RestClientAutoConfiguration#restClientSsl matched:
      - @ConditionalOnBean (types: org.springframework.boot.ssl.SslBundles; SearchStrategy: all) found bean 'sslBundleRegistry'; @ConditionalOnMissingBean (types: org.springframework.boot.autoconfigure.web.client.RestClientSsl; SearchStrategy: all) did not find any beans (OnBeanCondition)

   RestClientObservationConfiguration matched:
      - @ConditionalOnClass found required class 'org.springframework.web.client.RestClient' (OnClassCondition)
      - @ConditionalOnBean (types: org.springframework.web.client.RestClient$Builder; SearchStrategy: all) found bean 'restClientBuilder' (OnBeanCondition)

   RestTemplateAutoConfiguration matched:
      - @ConditionalOnClass found required class 'org.springframework.web.client.RestTemplate' (OnClassCondition)
      - NoneNestedConditions 0 matched 1 did not; NestedCondition on NotReactiveWebApplicationCondition.ReactiveWebApplication did not find reactive web application classes (NotReactiveWebApplicationCondition)

   RestTemplateAutoConfiguration#restTemplateBuilder matched:
      - @ConditionalOnMissingBean (types: org.springframework.boot.web.client.RestTemplateBuilder; SearchStrategy: all) did not find any beans (OnBeanCondition)

   RestTemplateObservationConfiguration matched:
      - @ConditionalOnClass found required class 'org.springframework.web.client.RestTemplate' (OnClassCondition)
      - @ConditionalOnBean (types: org.springframework.boot.web.client.RestTemplateBuilder; SearchStrategy: all) found bean 'restTemplateBuilder' (OnBeanCondition)

   ScheduledTasksObservabilityAutoConfiguration matched:
      - @ConditionalOnClass found required class 'org.springframework.scheduling.concurrent.ThreadPoolTaskScheduler' (OnClassCondition)
      - @ConditionalOnBean (types: io.micrometer.observation.ObservationRegistry; SearchStrategy: all) found bean 'observationRegistry' (OnBeanCondition)

   SecurityAutoConfiguration matched:
      - @ConditionalOnClass found required class 'org.springframework.security.authentication.DefaultAuthenticationEventPublisher' (OnClassCondition)

   SecurityAutoConfiguration#authenticationEventPublisher matched:
      - @ConditionalOnMissingBean (types: org.springframework.security.authentication.AuthenticationEventPublisher; SearchStrategy: all) did not find any beans (OnBeanCondition)

   SecurityFilterAutoConfiguration matched:
      - @ConditionalOnClass found required classes 'org.springframework.security.web.context.AbstractSecurityWebApplicationInitializer', 'org.springframework.security.config.http.SessionCreationPolicy' (OnClassCondition)
      - found 'session' scope (OnWebApplicationCondition)

   SecurityFilterAutoConfiguration#securityFilterChainRegistration matched:
      - @ConditionalOnBean (names: springSecurityFilterChain; SearchStrategy: all) found bean 'springSecurityFilterChain' (OnBeanCondition)

   SecurityRequestMatchersManagementContextConfiguration matched:
      - @ConditionalOnClass found required class 'org.springframework.security.web.util.matcher.RequestMatcher' (OnClassCondition)
      - found 'session' scope (OnWebApplicationCondition)

   SecurityRequestMatchersManagementContextConfiguration.MvcRequestMatcherConfiguration matched:
      - @ConditionalOnClass found required class 'org.springframework.web.servlet.DispatcherServlet' (OnClassCondition)
      - @ConditionalOnBean (types: org.springframework.boot.autoconfigure.web.servlet.DispatcherServletPath; SearchStrategy: all) found bean 'dispatcherServletRegistration' (OnBeanCondition)

   SecurityRequestMatchersManagementContextConfiguration.MvcRequestMatcherConfiguration#requestMatcherProvider matched:
      - @ConditionalOnClass found required class 'org.springframework.web.servlet.DispatcherServlet' (OnClassCondition)
      - @ConditionalOnMissingBean (types: org.springframework.boot.autoconfigure.security.servlet.RequestMatcherProvider; SearchStrategy: all) did not find any beans (OnBeanCondition)

   ServletEndpointManagementContextConfiguration matched:
      - found 'session' scope (OnWebApplicationCondition)

   ServletEndpointManagementContextConfiguration.WebMvcServletEndpointManagementContextConfiguration matched:
      - @ConditionalOnClass found required class 'org.springframework.web.servlet.DispatcherServlet' (OnClassCondition)

   ServletManagementContextAutoConfiguration matched:
      - @ConditionalOnClass found required class 'jakarta.servlet.Servlet' (OnClassCondition)
      - found 'session' scope (OnWebApplicationCondition)

   ServletWebServerFactoryAutoConfiguration matched:
      - @ConditionalOnClass found required class 'jakarta.servlet.ServletRequest' (OnClassCondition)
      - found 'session' scope (OnWebApplicationCondition)

   ServletWebServerFactoryAutoConfiguration#tomcatServletWebServerFactoryCustomizer matched:
      - @ConditionalOnClass found required class 'org.apache.catalina.startup.Tomcat' (OnClassCondition)

   ServletWebServerFactoryConfiguration.EmbeddedTomcat matched:
      - @ConditionalOnClass found required classes 'jakarta.servlet.Servlet', 'org.apache.catalina.startup.Tomcat', 'org.apache.coyote.UpgradeProtocol' (OnClassCondition)
      - @ConditionalOnMissingBean (types: org.springframework.boot.web.servlet.server.ServletWebServerFactory; SearchStrategy: current) did not find any beans (OnBeanCondition)

   SimpleCacheConfiguration matched:
      - Cache org.springframework.boot.autoconfigure.cache.SimpleCacheConfiguration automatic cache type (CacheCondition)

   SimpleMetricsExportAutoConfiguration matched:
      - @ConditionalOnEnabledMetricsExport management.defaults.metrics.export.enabled is considered true (OnMetricsExportEnabledCondition)
      - @ConditionalOnBean (types: io.micrometer.core.instrument.Clock; SearchStrategy: all) found bean 'micrometerClock'; @ConditionalOnMissingBean (types: io.micrometer.core.instrument.MeterRegistry; SearchStrategy: all) did not find any beans (OnBeanCondition)

   SimpleMetricsExportAutoConfiguration#simpleConfig matched:
      - @ConditionalOnMissingBean (types: io.micrometer.core.instrument.simple.SimpleConfig; SearchStrategy: all) did not find any beans (OnBeanCondition)

   SpringBootWebSecurityConfiguration matched:
      - found 'session' scope (OnWebApplicationCondition)

   SpringBootWebSecurityConfiguration.WebSecurityEnablerConfiguration matched:
      - @ConditionalOnClass found required class 'org.springframework.security.config.annotation.web.configuration.EnableWebSecurity' (OnClassCondition)
      - @ConditionalOnMissingBean (names: springSecurityFilterChain; SearchStrategy: all) did not find any beans (OnBeanCondition)

   SpringDataWebAutoConfiguration matched:
      - @ConditionalOnClass found required classes 'org.springframework.data.web.PageableHandlerMethodArgumentResolver', 'org.springframework.web.servlet.config.annotation.WebMvcConfigurer' (OnClassCondition)
      - found 'session' scope (OnWebApplicationCondition)
      - @ConditionalOnMissingBean (types: org.springframework.data.web.PageableHandlerMethodArgumentResolver; SearchStrategy: all) did not find any beans (OnBeanCondition)

   SpringDataWebAutoConfiguration#pageableCustomizer matched:
      - @ConditionalOnMissingBean (types: org.springframework.data.web.config.PageableHandlerMethodArgumentResolverCustomizer; SearchStrategy: all) did not find any beans (OnBeanCondition)

   SpringDataWebAutoConfiguration#sortCustomizer matched:
      - @ConditionalOnMissingBean (types: org.springframework.data.web.config.SortHandlerMethodArgumentResolverCustomizer; SearchStrategy: all) did not find any beans (OnBeanCondition)

   SpringDataWebAutoConfiguration#springDataWebSettings matched:
      - @ConditionalOnMissingBean (types: org.springframework.data.web.config.SpringDataWebSettings; SearchStrategy: all) did not find any beans (OnBeanCondition)

   SpringDocConfigProperties matched:
      - @ConditionalOnProperty (springdoc.api-docs.enabled) matched (OnPropertyCondition)
      - @ConditionalOnBean (types: org.springdoc.core.configuration.SpringDocConfiguration; SearchStrategy: all) found bean 'org.springdoc.core.configuration.SpringDocConfiguration' (OnBeanCondition)

   SpringDocConfiguration matched:
      - @ConditionalOnWebApplication (required) found 'session' scope (OnWebApplicationCondition)
      - @ConditionalOnProperty (springdoc.api-docs.enabled) matched (OnPropertyCondition)

   SpringDocConfiguration#fileSupportConverter matched:
      - @ConditionalOnMissingBean (types: org.springdoc.core.converters.FileSupportConverter; SearchStrategy: all) did not find any beans (OnBeanCondition)

   SpringDocConfiguration#globalOpenApiCustomizer matched:
      - @ConditionalOnMissingBean (types: org.springdoc.core.customizers.GlobalOpenApiCustomizer; SearchStrategy: all) did not find any beans (OnBeanCondition)

   SpringDocConfiguration#openAPIBuilder matched:
      - @ConditionalOnMissingBean (types: org.springdoc.core.service.OpenAPIService; SearchStrategy: all) did not find any beans (OnBeanCondition)

   SpringDocConfiguration#operationBuilder matched:
      - @ConditionalOnMissingBean (types: org.springdoc.core.service.OperationService; SearchStrategy: all) did not find any beans (OnBeanCondition)

   SpringDocConfiguration#parameterBuilder matched:
      - @ConditionalOnMissingBean (types: org.springdoc.core.service.GenericParameterService; SearchStrategy: all) did not find any beans (OnBeanCondition)

   SpringDocConfiguration#parameterObjectNamingStrategyCustomizer matched:
      - @ConditionalOnMissingBean (types: org.springdoc.core.customizers.ParameterObjectNamingStrategyCustomizer; SearchStrategy: all) did not find any beans (OnBeanCondition)

   SpringDocConfiguration#polymorphicModelConverter matched:
      - @ConditionalOnProperty (springdoc.model-converters.polymorphic-converter.enabled) matched (OnPropertyCondition)
      - @ConditionalOnMissingBean (types: org.springdoc.core.converters.PolymorphicModelConverter; SearchStrategy: all) did not find any beans (OnBeanCondition)

   SpringDocConfiguration#requestBodyBuilder matched:
      - @ConditionalOnMissingBean (types: org.springdoc.core.service.RequestBodyService; SearchStrategy: all) did not find any beans (OnBeanCondition)

   SpringDocConfiguration#responseSupportConverter matched:
      - @ConditionalOnMissingBean (types: org.springdoc.core.converters.ResponseSupportConverter; SearchStrategy: all) did not find any beans (OnBeanCondition)

   SpringDocConfiguration#schemaPropertyDeprecatingConverter matched:
      - @ConditionalOnProperty (springdoc.model-converters.deprecating-converter.enabled) matched (OnPropertyCondition)
      - @ConditionalOnMissingBean (types: org.springdoc.core.converters.SchemaPropertyDeprecatingConverter; SearchStrategy: all) did not find any beans (OnBeanCondition)

   SpringDocConfiguration#securityParser matched:
      - @ConditionalOnMissingBean (types: org.springdoc.core.service.SecurityService; SearchStrategy: all) did not find any beans (OnBeanCondition)

   SpringDocConfiguration#springDocCustomizers matched:
      - @ConditionalOnMissingBean (types: org.springdoc.core.customizers.SpringDocCustomizers; SearchStrategy: all) did not find any beans (OnBeanCondition)

   SpringDocConfiguration#springDocProviders matched:
      - @ConditionalOnMissingBean (types: org.springdoc.core.providers.SpringDocProviders; SearchStrategy: all) did not find any beans (OnBeanCondition)

   SpringDocConfiguration#springdocObjectMapperProvider matched:
      - @ConditionalOnMissingBean (types: org.springdoc.core.providers.ObjectMapperProvider; SearchStrategy: all) did not find any beans (OnBeanCondition)

   SpringDocConfiguration.QuerydslProvider matched:
      - @ConditionalOnClass found required class 'org.springframework.data.querydsl.binding.QuerydslBindingsFactory' (OnClassCondition)

   SpringDocConfiguration.QuerydslProvider#queryDslQuerydslPredicateOperationCustomizer matched:
      - @ConditionalOnMissingBean (types: org.springdoc.core.customizers.QuerydslPredicateOperationCustomizer; SearchStrategy: all) did not find any beans (OnBeanCondition)

   SpringDocConfiguration.SpringDocSpringDataWebPropertiesProvider matched:
      - @ConditionalOnClass found required class 'org.springframework.boot.autoconfigure.data.web.SpringDataWebProperties' (OnClassCondition)

   SpringDocConfiguration.SpringDocSpringDataWebPropertiesProvider#springDataWebPropertiesProvider matched:
      - @ConditionalOnMissingBean (types: org.springdoc.core.providers.SpringDataWebPropertiesProvider; SearchStrategy: all) did not find any beans (OnBeanCondition)

   SpringDocConfiguration.WebConversionServiceConfiguration matched:
      - @ConditionalOnClass found required class 'org.springframework.boot.autoconfigure.web.format.WebConversionService' (OnClassCondition)

   SpringDocPageableConfiguration matched:
      - @ConditionalOnClass found required class 'org.springframework.data.domain.Pageable' (OnClassCondition)
      - @ConditionalOnWebApplication (required) found 'session' scope (OnWebApplicationCondition)
      - @ConditionalOnProperty (springdoc.api-docs.enabled) matched (OnPropertyCondition)
      - @ConditionalOnBean (types: org.springdoc.core.configuration.SpringDocConfiguration; SearchStrategy: all) found bean 'org.springdoc.core.configuration.SpringDocConfiguration' (OnBeanCondition)

   SpringDocPageableConfiguration#dataRestDelegatingMethodParameterCustomizer matched:
      - @ConditionalOnMissingBean (types: org.springdoc.core.customizers.DataRestDelegatingMethodParameterCustomizer; SearchStrategy: all) did not find any beans (OnBeanCondition)

   SpringDocPageableConfiguration#pageOpenAPIConverter matched:
      - @ConditionalOnClass found required classes 'org.springframework.data.web.PagedModel', 'org.springframework.data.web.config.SpringDataWebSettings' (OnClassCondition)
      - @ConditionalOnMissingBean (types: org.springdoc.core.converters.PageOpenAPIConverter; SearchStrategy: all) did not find any beans (OnBeanCondition)

   SpringDocPageableConfiguration#pageableOpenAPIConverter matched:
      - @ConditionalOnProperty (springdoc.model-converters.pageable-converter.enabled) matched (OnPropertyCondition)
      - @ConditionalOnMissingBean (types: org.springdoc.core.converters.PageableOpenAPIConverter; SearchStrategy: all) did not find any beans (OnBeanCondition)

   SpringDocSecurityConfiguration matched:
      - @ConditionalOnClass found required class 'org.springframework.security.web.SecurityFilterChain' (OnClassCondition)
      - @ConditionalOnWebApplication (required) found 'session' scope (OnWebApplicationCondition)
      - @ConditionalOnExpression (#{${springdoc.api-docs.enabled:true} and ${springdoc.enable-spring-security:true}}) resulted in true (OnExpressionCondition)
      - @ConditionalOnBean (types: org.springdoc.core.configuration.SpringDocConfiguration; SearchStrategy: all) found bean 'org.springdoc.core.configuration.SpringDocConfiguration' (OnBeanCondition)

   SpringDocSecurityConfiguration.SpringSecurityLoginEndpointConfiguration matched:
      - @ConditionalOnClass found required class 'jakarta.servlet.Filter' (OnClassCondition)

   SpringDocSortConfiguration matched:
      - @ConditionalOnClass found required class 'org.springframework.data.domain.Sort' (OnClassCondition)
      - @ConditionalOnWebApplication (required) found 'session' scope (OnWebApplicationCondition)
      - @ConditionalOnProperty (springdoc.api-docs.enabled) matched (OnPropertyCondition)
      - @ConditionalOnBean (types: org.springdoc.core.configuration.SpringDocConfiguration; SearchStrategy: all) found bean 'org.springdoc.core.configuration.SpringDocConfiguration' (OnBeanCondition)

   SpringDocSortConfiguration#sortOpenAPIConverter matched:
      - @ConditionalOnProperty (springdoc.sort-converter.enabled) matched (OnPropertyCondition)
      - @ConditionalOnMissingBean (types: org.springdoc.core.converters.SortOpenAPIConverter; SearchStrategy: all) did not find any beans (OnBeanCondition)

   SpringDocUIConfiguration matched:
      - @ConditionalOnWebApplication (required) found 'session' scope (OnWebApplicationCondition)
      - @ConditionalOnBean (types: org.springdoc.core.configuration.SpringDocConfiguration; SearchStrategy: all) found bean 'org.springdoc.core.configuration.SpringDocConfiguration' (OnBeanCondition)

   SpringDocWebMvcConfiguration matched:
      - found 'session' scope (OnWebApplicationCondition)
      - @ConditionalOnProperty (springdoc.api-docs.enabled) matched (OnPropertyCondition)
      - @ConditionalOnBean (types: org.springdoc.core.configuration.SpringDocConfiguration; SearchStrategy: all) found bean 'org.springdoc.core.configuration.SpringDocConfiguration' (OnBeanCondition)

   SpringDocWebMvcConfiguration#openApiResource matched:
      - @ConditionalOnExpression (#{(${springdoc.use-management-port:false} == false ) and ${springdoc.enable-default-api-docs:true}}) resulted in true (OnExpressionCondition)
      - @ConditionalOnMissingBean (types: org.springdoc.webmvc.api.OpenApiWebMvcResource; SearchStrategy: all) did not find any beans (OnBeanCondition)

   SpringDocWebMvcConfiguration#requestBuilder matched:
      - @ConditionalOnMissingBean (types: org.springdoc.webmvc.core.service.RequestService; SearchStrategy: all) did not find any beans (OnBeanCondition)

   SpringDocWebMvcConfiguration#responseBuilder matched:
      - @ConditionalOnMissingBean (types: org.springdoc.core.service.GenericResponseService; SearchStrategy: all) did not find any beans (OnBeanCondition)

   SpringDocWebMvcConfiguration#springWebProvider matched:
      - @ConditionalOnMissingBean (types: org.springdoc.core.providers.SpringWebProvider; SearchStrategy: all) did not find any beans (OnBeanCondition)

   SpringDocWebMvcConfiguration.SpringDocWebMvcActuatorConfiguration matched:
      - @ConditionalOnClass found required class 'org.springframework.boot.actuate.endpoint.web.servlet.WebMvcEndpointHandlerMapping' (OnClassCondition)

   SpringDocWebMvcConfiguration.SpringDocWebMvcRouterConfiguration matched:
      - @ConditionalOnClass found required class 'org.springframework.web.servlet.function.RouterFunction' (OnClassCondition)

   SpringDocWebMvcConfiguration.SpringDocWebMvcRouterConfiguration#routerFunctionProvider matched:
      - @ConditionalOnMissingBean (types: org.springdoc.webmvc.core.providers.RouterFunctionWebMvcProvider; SearchStrategy: all) did not find any beans (OnBeanCondition)

   SqlInitializationAutoConfiguration matched:
      - @ConditionalOnProperty (spring.sql.init.enabled) matched (OnPropertyCondition)
      - NoneNestedConditions 0 matched 1 did not; NestedCondition on SqlInitializationAutoConfiguration.SqlInitializationModeCondition.ModeIsNever @ConditionalOnProperty (spring.sql.init.mode=never) did not find property 'mode' (SqlInitializationAutoConfiguration.SqlInitializationModeCondition)

   SslAutoConfiguration#sslBundleRegistry matched:
      - @ConditionalOnMissingBean (types: org.springframework.boot.ssl.SslBundleRegistry,org.springframework.boot.ssl.SslBundles; SearchStrategy: all) did not find any beans (OnBeanCondition)

   SslHealthContributorAutoConfiguration matched:
      - @ConditionalOnEnabledHealthIndicator management.health.defaults.enabled is considered true (OnEnabledHealthIndicatorCondition)

   SslHealthContributorAutoConfiguration#sslHealthIndicator matched:
      - @ConditionalOnMissingBean (names: sslHealthIndicator; SearchStrategy: all) did not find any beans (OnBeanCondition)

   SslHealthContributorAutoConfiguration#sslInfo matched:
      - @ConditionalOnMissingBean (types: org.springframework.boot.info.SslInfo; SearchStrategy: all) did not find any beans (OnBeanCondition)

   StartupTimeMetricsListenerAutoConfiguration matched:
      - @ConditionalOnClass found required class 'io.micrometer.core.instrument.MeterRegistry' (OnClassCondition)
      - @ConditionalOnBean (types: io.micrometer.core.instrument.MeterRegistry; SearchStrategy: all) found bean 'simpleMeterRegistry' (OnBeanCondition)

   StartupTimeMetricsListenerAutoConfiguration#startupTimeMetrics matched:
      - @ConditionalOnMissingBean (types: org.springframework.boot.actuate.metrics.startup.StartupTimeMetricsListener; SearchStrategy: all) did not find any beans (OnBeanCondition)

   SwaggerConfig matched:
      - found 'session' scope (OnWebApplicationCondition)
      - @ConditionalOnProperty (springdoc.swagger-ui.enabled) matched (OnPropertyCondition)
      - @ConditionalOnBean (types: org.springdoc.core.configuration.SpringDocConfiguration; SearchStrategy: all) found bean 'org.springdoc.core.configuration.SpringDocConfiguration' (OnBeanCondition)

   SwaggerConfig#indexPageTransformer matched:
      - @ConditionalOnMissingBean (types: org.springdoc.webmvc.ui.SwaggerIndexTransformer; SearchStrategy: all) did not find any beans (OnBeanCondition)

   SwaggerConfig#swaggerConfigResource matched:
      - @ConditionalOnProperty (springdoc.use-management-port=false) matched (OnPropertyCondition)
      - @ConditionalOnMissingBean (types: org.springdoc.webmvc.ui.SwaggerConfigResource; SearchStrategy: all) did not find any beans (OnBeanCondition)

   SwaggerConfig#swaggerResourceResolver matched:
      - @ConditionalOnMissingBean (types: org.springdoc.webmvc.ui.SwaggerResourceResolver; SearchStrategy: all) did not find any beans (OnBeanCondition)

   SwaggerConfig#swaggerWebMvcConfigurer matched:
      - @ConditionalOnMissingBean (types: org.springdoc.webmvc.ui.SwaggerWebMvcConfigurer; SearchStrategy: all) did not find any beans (OnBeanCondition)

   SwaggerConfig#swaggerWelcome matched:
      - @ConditionalOnProperty (springdoc.use-management-port=false) matched (OnPropertyCondition)
      - @ConditionalOnMissingBean (types: org.springdoc.webmvc.ui.SwaggerWelcomeWebMvc; SearchStrategy: all) did not find any beans (OnBeanCondition)

   SwaggerUiConfigProperties matched:
      - @ConditionalOnProperty (springdoc.swagger-ui.enabled) matched (OnPropertyCondition)
      - @ConditionalOnBean (types: org.springdoc.core.configuration.SpringDocConfiguration; SearchStrategy: all) found bean 'org.springdoc.core.configuration.SpringDocConfiguration' (OnBeanCondition)

   SwaggerUiOAuthProperties matched:
      - @ConditionalOnProperty (springdoc.swagger-ui.enabled) matched (OnPropertyCondition)
      - @ConditionalOnBean (types: org.springdoc.core.configuration.SpringDocConfiguration; SearchStrategy: all) found bean 'org.springdoc.core.configuration.SpringDocConfiguration' (OnBeanCondition)

   SystemMetricsAutoConfiguration matched:
      - @ConditionalOnClass found required class 'io.micrometer.core.instrument.MeterRegistry' (OnClassCondition)
      - @ConditionalOnBean (types: io.micrometer.core.instrument.MeterRegistry; SearchStrategy: all) found bean 'simpleMeterRegistry' (OnBeanCondition)

   SystemMetricsAutoConfiguration#diskSpaceMetrics matched:
      - @ConditionalOnMissingBean (types: org.springframework.boot.actuate.metrics.system.DiskSpaceMetricsBinder; SearchStrategy: all) did not find any beans (OnBeanCondition)

   SystemMetricsAutoConfiguration#fileDescriptorMetrics matched:
      - @ConditionalOnMissingBean (types: io.micrometer.core.instrument.binder.system.FileDescriptorMetrics; SearchStrategy: all) did not find any beans (OnBeanCondition)

   SystemMetricsAutoConfiguration#processorMetrics matched:
      - @ConditionalOnMissingBean (types: io.micrometer.core.instrument.binder.system.ProcessorMetrics; SearchStrategy: all) did not find any beans (OnBeanCondition)

   SystemMetricsAutoConfiguration#uptimeMetrics matched:
      - @ConditionalOnMissingBean (types: io.micrometer.core.instrument.binder.system.UptimeMetrics; SearchStrategy: all) did not find any beans (OnBeanCondition)

   TaskExecutionAutoConfiguration matched:
      - @ConditionalOnClass found required class 'org.springframework.scheduling.concurrent.ThreadPoolTaskExecutor' (OnClassCondition)

   TaskExecutorConfigurations.SimpleAsyncTaskExecutorBuilderConfiguration#simpleAsyncTaskExecutorBuilder matched:
      - @ConditionalOnMissingBean (types: org.springframework.boot.task.SimpleAsyncTaskExecutorBuilder; SearchStrategy: all) did not find any beans (OnBeanCondition)
      - @ConditionalOnThreading found PLATFORM (OnThreadingCondition)

   TaskExecutorConfigurations.TaskExecutorConfiguration matched:
      - @ConditionalOnMissingBean (types: java.util.concurrent.Executor; SearchStrategy: all) did not find any beans (OnBeanCondition)

   TaskExecutorConfigurations.TaskExecutorConfiguration#applicationTaskExecutor matched:
      - @ConditionalOnThreading found PLATFORM (OnThreadingCondition)

   TaskExecutorConfigurations.ThreadPoolTaskExecutorBuilderConfiguration#threadPoolTaskExecutorBuilder matched:
      - @ConditionalOnMissingBean (types: org.springframework.boot.task.ThreadPoolTaskExecutorBuilder; SearchStrategy: all) did not find any beans (OnBeanCondition)

   TaskExecutorMetricsAutoConfiguration matched:
      - @ConditionalOnClass found required class 'io.micrometer.core.instrument.binder.jvm.ExecutorServiceMetrics' (OnClassCondition)
      - @ConditionalOnBean (types: java.util.concurrent.Executor,io.micrometer.core.instrument.MeterRegistry; SearchStrategy: all) found beans 'applicationTaskExecutor', 'simpleMeterRegistry' (OnBeanCondition)

   TaskSchedulingAutoConfiguration matched:
      - @ConditionalOnClass found required class 'org.springframework.scheduling.concurrent.ThreadPoolTaskScheduler' (OnClassCondition)

   TaskSchedulingConfigurations.SimpleAsyncTaskSchedulerBuilderConfiguration#simpleAsyncTaskSchedulerBuilder matched:
      - @ConditionalOnMissingBean (types: org.springframework.boot.task.SimpleAsyncTaskSchedulerBuilder; SearchStrategy: all) did not find any beans (OnBeanCondition)
      - @ConditionalOnThreading found PLATFORM (OnThreadingCondition)

   TaskSchedulingConfigurations.ThreadPoolTaskSchedulerBuilderConfiguration#threadPoolTaskSchedulerBuilder matched:
      - @ConditionalOnMissingBean (types: org.springframework.boot.task.ThreadPoolTaskSchedulerBuilder; SearchStrategy: all) did not find any beans (OnBeanCondition)

   TomcatMetricsAutoConfiguration matched:
      - @ConditionalOnClass found required classes 'io.micrometer.core.instrument.binder.tomcat.TomcatMetrics', 'org.apache.catalina.Manager' (OnClassCondition)
      - @ConditionalOnWebApplication (required) found 'session' scope (OnWebApplicationCondition)

   TomcatMetricsAutoConfiguration#tomcatMetricsBinder matched:
      - @ConditionalOnBean (types: io.micrometer.core.instrument.MeterRegistry; SearchStrategy: all) found bean 'simpleMeterRegistry'; @ConditionalOnMissingBean (types: io.micrometer.core.instrument.binder.tomcat.TomcatMetrics,org.springframework.boot.actuate.metrics.web.tomcat.TomcatMetricsBinder; SearchStrategy: all) did not find any beans (OnBeanCondition)

   TransactionAutoConfiguration matched:
      - @ConditionalOnClass found required class 'org.springframework.transaction.PlatformTransactionManager' (OnClassCondition)

   TransactionAutoConfiguration.EnableTransactionManagementConfiguration matched:
      - @ConditionalOnBean (types: org.springframework.transaction.TransactionManager; SearchStrategy: all) found bean 'transactionManager'; @ConditionalOnMissingBean (types: org.springframework.transaction.annotation.AbstractTransactionManagementConfiguration; SearchStrategy: all) did not find any beans (OnBeanCondition)

   TransactionAutoConfiguration.EnableTransactionManagementConfiguration.CglibAutoProxyConfiguration matched:
      - @ConditionalOnProperty (spring.aop.proxy-target-class=true) matched (OnPropertyCondition)

   TransactionAutoConfiguration.TransactionTemplateConfiguration matched:
      - @ConditionalOnSingleCandidate (types: org.springframework.transaction.PlatformTransactionManager; SearchStrategy: all) found a single bean 'transactionManager' (OnBeanCondition)

   TransactionAutoConfiguration.TransactionTemplateConfiguration#transactionTemplate matched:
      - @ConditionalOnMissingBean (types: org.springframework.transaction.support.TransactionOperations; SearchStrategy: all) did not find any beans (OnBeanCondition)

   TransactionManagerCustomizationAutoConfiguration matched:
      - @ConditionalOnClass found required class 'org.springframework.transaction.PlatformTransactionManager' (OnClassCondition)

   TransactionManagerCustomizationAutoConfiguration#platformTransactionManagerCustomizers matched:
      - @ConditionalOnMissingBean (types: org.springframework.boot.autoconfigure.transaction.TransactionManagerCustomizers; SearchStrategy: all) did not find any beans (OnBeanCondition)

   UserDetailsServiceAutoConfiguration matched:
      - @ConditionalOnClass found required class 'org.springframework.security.authentication.AuthenticationManager' (OnClassCondition)
      - found 'session' scope (OnWebApplicationCondition)
      - AnyNestedCondition 1 matched 2 did not; NestedCondition on UserDetailsServiceAutoConfiguration.MissingAlternativeOrUserPropertiesConfigured.PasswordConfigured @ConditionalOnProperty (spring.security.user.password) did not find property 'password'; NestedCondition on UserDetailsServiceAutoConfiguration.MissingAlternativeOrUserPropertiesConfigured.NameConfigured @ConditionalOnProperty (spring.security.user.name) did not find property 'name'; NestedCondition on UserDetailsServiceAutoConfiguration.MissingAlternativeOrUserPropertiesConfigured.MissingAlternative @ConditionalOnMissingClass did not find unwanted classes 'org.springframework.security.oauth2.client.registration.ClientRegistrationRepository', 'org.springframework.security.oauth2.server.resource.introspection.OpaqueTokenIntrospector', 'org.springframework.security.saml2.provider.service.registration.RelyingPartyRegistrationRepository' (UserDetailsServiceAutoConfiguration.MissingAlternativeOrUserPropertiesConfigured)
      - @ConditionalOnBean (types: org.springframework.security.config.ObjectPostProcessor; SearchStrategy: all) found beans 'objectPostProcessor', 'webAuthorizationManagerPostProcessor', 'filterChainDecoratorPostProcessor', 'authenticationManagerPostProcessor'; @ConditionalOnMissingBean (types: org.springframework.security.authentication.AuthenticationManager,org.springframework.security.authentication.AuthenticationProvider,org.springframework.security.core.userdetails.UserDetailsService,org.springframework.security.authentication.AuthenticationManagerResolver,org.springframework.security.oauth2.jwt.JwtDecoder; SearchStrategy: all) did not find any beans (OnBeanCondition)

   ValidationAutoConfiguration matched:
      - @ConditionalOnClass found required class 'jakarta.validation.executable.ExecutableValidator' (OnClassCondition)
      - @ConditionalOnResource found location classpath:META-INF/services/jakarta.validation.spi.ValidationProvider (OnResourceCondition)

   ValidationAutoConfiguration#defaultValidator matched:
      - @ConditionalOnMissingBean (types: jakarta.validation.Validator; SearchStrategy: all) did not find any beans (OnBeanCondition)

   ValidationAutoConfiguration#methodValidationPostProcessor matched:
      - @ConditionalOnMissingBean (types: org.springframework.validation.beanvalidation.MethodValidationPostProcessor; SearchStrategy: current) did not find any beans (OnBeanCondition)

   WebEndpointAutoConfiguration matched:
      - @ConditionalOnWebApplication (required) found 'session' scope (OnWebApplicationCondition)

   WebEndpointAutoConfiguration#controllerEndpointDiscoverer matched:
      - @ConditionalOnMissingBean (types: org.springframework.boot.actuate.endpoint.web.annotation.ControllerEndpointsSupplier; SearchStrategy: all) did not find any beans (OnBeanCondition)

   WebEndpointAutoConfiguration#endpointMediaTypes matched:
      - @ConditionalOnMissingBean (types: org.springframework.boot.actuate.endpoint.web.EndpointMediaTypes; SearchStrategy: all) did not find any beans (OnBeanCondition)

   WebEndpointAutoConfiguration#pathMappedEndpoints matched:
      - @ConditionalOnMissingBean (types: org.springframework.boot.actuate.endpoint.web.PathMappedEndpoints; SearchStrategy: all) did not find any beans (OnBeanCondition)

   WebEndpointAutoConfiguration#webEndpointDiscoverer matched:
      - @ConditionalOnMissingBean (types: org.springframework.boot.actuate.endpoint.web.WebEndpointsSupplier; SearchStrategy: all) did not find any beans (OnBeanCondition)

   WebEndpointAutoConfiguration.WebEndpointServletConfiguration matched:
      - found 'session' scope (OnWebApplicationCondition)

   WebEndpointAutoConfiguration.WebEndpointServletConfiguration#servletEndpointDiscoverer matched:
      - @ConditionalOnMissingBean (types: org.springframework.boot.actuate.endpoint.web.annotation.ServletEndpointsSupplier; SearchStrategy: all) did not find any beans (OnBeanCondition)

   WebMvcAutoConfiguration matched:
      - @ConditionalOnClass found required classes 'jakarta.servlet.Servlet', 'org.springframework.web.servlet.DispatcherServlet', 'org.springframework.web.servlet.config.annotation.WebMvcConfigurer' (OnClassCondition)
      - found 'session' scope (OnWebApplicationCondition)
      - @ConditionalOnMissingBean (types: org.springframework.web.servlet.config.annotation.WebMvcConfigurationSupport; SearchStrategy: all) did not find any beans (OnBeanCondition)

   WebMvcAutoConfiguration#formContentFilter matched:
      - @ConditionalOnProperty (spring.mvc.formcontent.filter.enabled) matched (OnPropertyCondition)
      - @ConditionalOnMissingBean (types: org.springframework.web.filter.FormContentFilter; SearchStrategy: all) did not find any beans (OnBeanCondition)

   WebMvcAutoConfiguration.EnableWebMvcConfiguration#flashMapManager matched:
      - @ConditionalOnMissingBean (names: flashMapManager; SearchStrategy: all) did not find any beans (OnBeanCondition)

   WebMvcAutoConfiguration.EnableWebMvcConfiguration#localeResolver matched:
      - @ConditionalOnMissingBean (names: localeResolver; SearchStrategy: all) did not find any beans (OnBeanCondition)

   WebMvcAutoConfiguration.EnableWebMvcConfiguration#themeResolver matched:
      - @ConditionalOnMissingBean (names: themeResolver; SearchStrategy: all) did not find any beans (OnBeanCondition)

   WebMvcAutoConfiguration.EnableWebMvcConfiguration#viewNameTranslator matched:
      - @ConditionalOnMissingBean (names: viewNameTranslator; SearchStrategy: all) did not find any beans (OnBeanCondition)

   WebMvcAutoConfiguration.ResourceChainCustomizerConfiguration matched:
      - @ConditionalOnEnabledResourceChain found class org.webjars.WebJarVersionLocator (OnEnabledResourceChainCondition)

   WebMvcAutoConfiguration.WebMvcAutoConfigurationAdapter#defaultViewResolver matched:
      - @ConditionalOnMissingBean (types: org.springframework.web.servlet.view.InternalResourceViewResolver; SearchStrategy: all) did not find any beans (OnBeanCondition)

   WebMvcAutoConfiguration.WebMvcAutoConfigurationAdapter#requestContextFilter matched:
      - @ConditionalOnMissingBean (types: org.springframework.web.context.request.RequestContextListener,org.springframework.web.filter.RequestContextFilter; SearchStrategy: all) did not find any beans (OnBeanCondition)

   WebMvcAutoConfiguration.WebMvcAutoConfigurationAdapter#viewResolver matched:
      - @ConditionalOnBean (types: org.springframework.web.servlet.ViewResolver; SearchStrategy: all) found beans 'defaultViewResolver', 'beanNameViewResolver', 'mvcViewResolver'; @ConditionalOnMissingBean (names: viewResolver types: org.springframework.web.servlet.view.ContentNegotiatingViewResolver; SearchStrategy: all) did not find any beans (OnBeanCondition)

   WebMvcEndpointManagementContextConfiguration matched:
      - @ConditionalOnClass found required class 'org.springframework.web.servlet.DispatcherServlet' (OnClassCondition)
      - found 'session' scope (OnWebApplicationCondition)
      - @ConditionalOnBean (types: org.springframework.web.servlet.DispatcherServlet,org.springframework.boot.actuate.endpoint.web.WebEndpointsSupplier; SearchStrategy: all) found beans 'webEndpointDiscoverer', 'dispatcherServlet' (OnBeanCondition)

   WebMvcEndpointManagementContextConfiguration#controllerEndpointHandlerMapping matched:
      - @ConditionalOnMissingBean (types: org.springframework.boot.actuate.endpoint.web.servlet.ControllerEndpointHandlerMapping; SearchStrategy: all) did not find any beans (OnBeanCondition)

   WebMvcEndpointManagementContextConfiguration#endpointObjectMapperWebMvcConfigurer matched:
      - @ConditionalOnBean (types: org.springframework.boot.actuate.endpoint.jackson.EndpointObjectMapper; SearchStrategy: all) found bean 'endpointObjectMapper' (OnBeanCondition)

   WebMvcEndpointManagementContextConfiguration#webEndpointServletHandlerMapping matched:
      - @ConditionalOnMissingBean (types: org.springframework.boot.actuate.endpoint.web.servlet.WebMvcEndpointHandlerMapping; SearchStrategy: all) did not find any beans (OnBeanCondition)

   WebMvcObservationAutoConfiguration matched:
      - @ConditionalOnClass found required classes 'org.springframework.web.servlet.DispatcherServlet', 'io.micrometer.observation.Observation' (OnClassCondition)
      - found 'session' scope (OnWebApplicationCondition)
      - @ConditionalOnBean (types: io.micrometer.observation.ObservationRegistry; SearchStrategy: all) found bean 'observationRegistry' (OnBeanCondition)

   WebMvcObservationAutoConfiguration#webMvcObservationFilter matched:
      - @ConditionalOnMissingBean (types: org.springframework.web.filter.ServerHttpObservationFilter; SearchStrategy: all) did not find any beans (OnBeanCondition)

   WebMvcObservationAutoConfiguration.MeterFilterConfiguration matched:
      - @ConditionalOnClass found required class 'io.micrometer.core.instrument.MeterRegistry' (OnClassCondition)
      - @ConditionalOnBean (types: io.micrometer.core.instrument.MeterRegistry; SearchStrategy: all) found bean 'simpleMeterRegistry' (OnBeanCondition)

   WebSocketServletAutoConfiguration matched:
      - @ConditionalOnClass found required classes 'jakarta.servlet.Servlet', 'jakarta.websocket.server.ServerContainer' (OnClassCondition)
      - found 'session' scope (OnWebApplicationCondition)

   WebSocketServletAutoConfiguration.TomcatWebSocketConfiguration matched:
      - @ConditionalOnClass found required classes 'org.apache.catalina.startup.Tomcat', 'org.apache.tomcat.websocket.server.WsSci' (OnClassCondition)

   WebSocketServletAutoConfiguration.TomcatWebSocketConfiguration#websocketServletWebServerCustomizer matched:
      - @ConditionalOnMissingBean (names: websocketServletWebServerCustomizer; SearchStrategy: all) did not find any beans (OnBeanCondition)


Negative matches:
-----------------

   ActiveMQAutoConfiguration:
      Did not match:
         - @ConditionalOnClass did not find required class 'jakarta.jms.ConnectionFactory' (OnClassCondition)

   AopAutoConfiguration.AspectJAutoProxyingConfiguration.JdkDynamicAutoProxyConfiguration:
      Did not match:
         - @ConditionalOnProperty (spring.aop.proxy-target-class=false) did not find property 'proxy-target-class' (OnPropertyCondition)

   AopAutoConfiguration.ClassProxyingConfiguration:
      Did not match:
         - @ConditionalOnMissingClass found unwanted class 'org.aspectj.weaver.Advice' (OnClassCondition)

   AppOpticsMetricsExportAutoConfiguration:
      Did not match:
         - @ConditionalOnClass did not find required class 'io.micrometer.appoptics.AppOpticsMeterRegistry' (OnClassCondition)

   ArtemisAutoConfiguration:
      Did not match:
         - @ConditionalOnClass did not find required class 'jakarta.jms.ConnectionFactory' (OnClassCondition)

   AtlasMetricsExportAutoConfiguration:
      Did not match:
         - @ConditionalOnClass did not find required class 'io.micrometer.atlas.AtlasMeterRegistry' (OnClassCondition)

   AuditAutoConfiguration:
      Did not match:
         - @ConditionalOnBean (types: org.springframework.boot.actuate.audit.AuditEventRepository; SearchStrategy: all) did not find any beans of type org.springframework.boot.actuate.audit.AuditEventRepository (OnBeanCondition)
      Matched:
         - @ConditionalOnProperty (management.auditevents.enabled) matched (OnPropertyCondition)

   AuditEventsEndpointAutoConfiguration:
      Did not match:
         - @ConditionalOnAvailableEndpoint not exposed (OnAvailableEndpointCondition)

   AvailabilityHealthContributorAutoConfiguration#livenessStateHealthIndicator:
      Did not match:
         - @ConditionalOnProperty (management.health.livenessstate.enabled=true) did not find property 'enabled' (OnPropertyCondition)

   AvailabilityHealthContributorAutoConfiguration#readinessStateHealthIndicator:
      Did not match:
         - @ConditionalOnProperty (management.health.readinessstate.enabled=true) did not find property 'enabled' (OnPropertyCondition)

   AvailabilityProbesAutoConfiguration:
      Did not match:
         - Probes availability not running on a supported cloud platform (AvailabilityProbesAutoConfiguration.ProbesCondition)

   BatchAutoConfiguration:
      Did not match:
         - @ConditionalOnClass did not find required class 'org.springframework.batch.core.launch.JobLauncher' (OnClassCondition)

   BatchObservationAutoConfiguration:
      Did not match:
         - @ConditionalOnClass did not find required class 'org.springframework.batch.core.configuration.annotation.BatchObservabilityBeanPostProcessor' (OnClassCondition)

   BeansEndpointAutoConfiguration:
      Did not match:
         - @ConditionalOnAvailableEndpoint not exposed (OnAvailableEndpointCondition)

   BraveAutoConfiguration:
      Did not match:
         - @ConditionalOnClass did not find required class 'brave.Tracer' (OnClassCondition)

   Cache2kCacheConfiguration:
      Did not match:
         - @ConditionalOnClass did not find required class 'org.cache2k.Cache2kBuilder' (OnClassCondition)

   CacheAutoConfiguration:
      Did not match:
         - @ConditionalOnBean (types: org.springframework.cache.interceptor.CacheAspectSupport; SearchStrategy: all) did not find any beans of type org.springframework.cache.interceptor.CacheAspectSupport (OnBeanCondition)
      Matched:
         - @ConditionalOnClass found required class 'org.springframework.cache.CacheManager' (OnClassCondition)

   CacheAutoConfiguration.CacheManagerEntityManagerFactoryDependsOnPostProcessor:
      Did not match:
         - Ancestor org.springframework.boot.autoconfigure.cache.CacheAutoConfiguration did not match (ConditionEvaluationReport.AncestorsMatchedCondition)
      Matched:
         - @ConditionalOnClass found required class 'org.springframework.orm.jpa.LocalContainerEntityManagerFactoryBean' (OnClassCondition)

   CacheMeterBinderProvidersConfiguration.Cache2kCacheMeterBinderProviderConfiguration:
      Did not match:
         - @ConditionalOnClass did not find required classes 'org.cache2k.Cache2kBuilder', 'org.cache2k.extra.spring.SpringCache2kCache', 'org.cache2k.extra.micrometer.Cache2kCacheMetrics' (OnClassCondition)

   CacheMeterBinderProvidersConfiguration.CaffeineCacheMeterBinderProviderConfiguration:
      Did not match:
         - @ConditionalOnClass did not find required class 'com.github.benmanes.caffeine.cache.Cache' (OnClassCondition)

   CacheMeterBinderProvidersConfiguration.HazelcastCacheMeterBinderProviderConfiguration:
      Did not match:
         - @ConditionalOnClass did not find required classes 'com.hazelcast.spring.cache.HazelcastCache', 'com.hazelcast.core.Hazelcast' (OnClassCondition)

   CacheMeterBinderProvidersConfiguration.JCacheCacheMeterBinderProviderConfiguration:
      Did not match:
         - @ConditionalOnClass did not find required class 'javax.cache.CacheManager' (OnClassCondition)

   CacheMetricsAutoConfiguration:
      Did not match:
         - @ConditionalOnBean (types: org.springframework.cache.CacheManager; SearchStrategy: all) did not find any beans of type org.springframework.cache.CacheManager (OnBeanCondition)

   CachesEndpointAutoConfiguration:
      Did not match:
         - @ConditionalOnAvailableEndpoint not exposed (OnAvailableEndpointCondition)
      Matched:
         - @ConditionalOnClass found required class 'org.springframework.cache.CacheManager' (OnClassCondition)

   CaffeineCacheConfiguration:
      Did not match:
         - @ConditionalOnClass did not find required class 'com.github.benmanes.caffeine.cache.Caffeine' (OnClassCondition)

   CassandraAutoConfiguration:
      Did not match:
         - @ConditionalOnClass did not find required class 'com.datastax.oss.driver.api.core.CqlSession' (OnClassCondition)

   CassandraDataAutoConfiguration:
      Did not match:
         - @ConditionalOnClass did not find required class 'com.datastax.oss.driver.api.core.CqlSession' (OnClassCondition)

   CassandraHealthContributorAutoConfiguration:
      Did not match:
         - @ConditionalOnClass did not find required class 'com.datastax.oss.driver.api.core.CqlSession' (OnClassCondition)

   CassandraReactiveDataAutoConfiguration:
      Did not match:
         - @ConditionalOnClass did not find required class 'com.datastax.oss.driver.api.core.CqlSession' (OnClassCondition)

   CassandraReactiveHealthContributorAutoConfiguration:
      Did not match:
         - @ConditionalOnClass did not find required class 'com.datastax.oss.driver.api.core.CqlSession' (OnClassCondition)

   CassandraReactiveRepositoriesAutoConfiguration:
      Did not match:
         - @ConditionalOnClass did not find required class 'org.springframework.data.cassandra.ReactiveSession' (OnClassCondition)

   CassandraRepositoriesAutoConfiguration:
      Did not match:
         - @ConditionalOnClass did not find required class 'com.datastax.oss.driver.api.core.CqlSession' (OnClassCondition)

   ClientHttpConnectorAutoConfiguration:
      Did not match:
         - @ConditionalOnClass did not find required class 'org.springframework.web.reactive.function.client.WebClient' (OnClassCondition)

   CloudFoundryActuatorAutoConfiguration:
      Did not match:
         - @ConditionalOnCloudPlatform did not find CLOUD_FOUNDRY (OnCloudPlatformCondition)
      Matched:
         - @ConditionalOnClass found required class 'org.springframework.web.servlet.DispatcherServlet' (OnClassCondition)
         - found 'session' scope (OnWebApplicationCondition)
         - @ConditionalOnProperty (management.cloudfoundry.enabled) matched (OnPropertyCondition)

   CodecsAutoConfiguration:
      Did not match:
         - @ConditionalOnClass did not find required class 'org.springframework.web.reactive.function.client.WebClient' (OnClassCondition)

   CompositeMeterRegistryConfiguration:
      Did not match:
         - NoneNestedConditions 1 matched 1 did not; NestedCondition on CompositeMeterRegistryConfiguration.MultipleNonPrimaryMeterRegistriesCondition.SingleInjectableMeterRegistry @ConditionalOnSingleCandidate (types: io.micrometer.core.instrument.MeterRegistry; SearchStrategy: all) found a single bean 'simpleMeterRegistry'; NestedCondition on CompositeMeterRegistryConfiguration.MultipleNonPrimaryMeterRegistriesCondition.NoMeterRegistryCondition @ConditionalOnMissingBean (types: io.micrometer.core.instrument.MeterRegistry; SearchStrategy: all) found beans of type 'io.micrometer.core.instrument.MeterRegistry' simpleMeterRegistry (CompositeMeterRegistryConfiguration.MultipleNonPrimaryMeterRegistriesCondition)

   ConditionsReportEndpointAutoConfiguration:
      Did not match:
         - @ConditionalOnAvailableEndpoint not exposed (OnAvailableEndpointCondition)

   ConfigurationPropertiesReportEndpointAutoConfiguration:
      Did not match:
         - @ConditionalOnAvailableEndpoint not exposed (OnAvailableEndpointCondition)

   ConnectionFactoryHealthContributorAutoConfiguration:
      Did not match:
         - @ConditionalOnClass did not find required class 'io.r2dbc.spi.ConnectionFactory' (OnClassCondition)

   ConnectionPoolMetricsAutoConfiguration:
      Did not match:
         - @ConditionalOnClass did not find required class 'io.r2dbc.pool.ConnectionPool' (OnClassCondition)

   CouchbaseAutoConfiguration:
      Did not match:
         - @ConditionalOnClass did not find required class 'com.couchbase.client.java.Cluster' (OnClassCondition)

   CouchbaseCacheConfiguration:
      Did not match:
         - @ConditionalOnClass did not find required class 'com.couchbase.client.java.Cluster' (OnClassCondition)

   CouchbaseDataAutoConfiguration:
      Did not match:
         - @ConditionalOnClass did not find required class 'com.couchbase.client.java.Bucket' (OnClassCondition)

   CouchbaseHealthContributorAutoConfiguration:
      Did not match:
         - @ConditionalOnClass did not find required class 'com.couchbase.client.java.Cluster' (OnClassCondition)

   CouchbaseReactiveDataAutoConfiguration:
      Did not match:
         - @ConditionalOnClass did not find required class 'com.couchbase.client.java.Cluster' (OnClassCondition)

   CouchbaseReactiveHealthContributorAutoConfiguration:
      Did not match:
         - @ConditionalOnClass did not find required class 'com.couchbase.client.java.Cluster' (OnClassCondition)

   CouchbaseReactiveRepositoriesAutoConfiguration:
      Did not match:
         - @ConditionalOnClass did not find required class 'com.couchbase.client.java.Cluster' (OnClassCondition)

   CouchbaseRepositoriesAutoConfiguration:
      Did not match:
         - @ConditionalOnClass did not find required class 'com.couchbase.client.java.Bucket' (OnClassCondition)

   DataSourceAutoConfiguration.EmbeddedDatabaseConfiguration:
      Did not match:
         - EmbeddedDataSource spring.datasource.url is set (DataSourceAutoConfiguration.EmbeddedDatabaseCondition)

   DataSourceCheckpointRestoreConfiguration:
      Did not match:
         - @ConditionalOnClass did not find required class 'org.crac.Resource' (OnClassCondition)

   DataSourceConfiguration.Dbcp2:
      Did not match:
         - @ConditionalOnClass did not find required class 'org.apache.commons.dbcp2.BasicDataSource' (OnClassCondition)

   DataSourceConfiguration.Generic:
      Did not match:
         - @ConditionalOnProperty (spring.datasource.type) did not find property 'spring.datasource.type' (OnPropertyCondition)

   DataSourceConfiguration.OracleUcp:
      Did not match:
         - @ConditionalOnClass did not find required classes 'oracle.ucp.jdbc.PoolDataSourceImpl', 'oracle.jdbc.OracleConnection' (OnClassCondition)

   DataSourceConfiguration.Tomcat:
      Did not match:
         - @ConditionalOnClass did not find required class 'org.apache.tomcat.jdbc.pool.DataSource' (OnClassCondition)

   DataSourceJmxConfiguration.TomcatDataSourceJmxConfiguration:
      Did not match:
         - @ConditionalOnClass did not find required class 'org.apache.tomcat.jdbc.pool.DataSourceProxy' (OnClassCondition)

   DataSourcePoolMetadataProvidersConfiguration.CommonsDbcp2PoolDataSourceMetadataProviderConfiguration:
      Did not match:
         - @ConditionalOnClass did not find required class 'org.apache.commons.dbcp2.BasicDataSource' (OnClassCondition)

   DataSourcePoolMetadataProvidersConfiguration.OracleUcpPoolDataSourceMetadataProviderConfiguration:
      Did not match:
         - @ConditionalOnClass did not find required classes 'oracle.ucp.jdbc.PoolDataSource', 'oracle.jdbc.OracleConnection' (OnClassCondition)

   DataSourcePoolMetadataProvidersConfiguration.TomcatDataSourcePoolMetadataProviderConfiguration:
      Did not match:
         - @ConditionalOnClass did not find required class 'org.apache.tomcat.jdbc.pool.DataSource' (OnClassCondition)

   DataSourceTransactionManagerAutoConfiguration.JdbcTransactionManagerConfiguration#transactionManager:
      Did not match:
         - @ConditionalOnMissingBean (types: org.springframework.transaction.TransactionManager; SearchStrategy: all) found beans of type 'org.springframework.transaction.TransactionManager' transactionManager (OnBeanCondition)

   DatadogMetricsExportAutoConfiguration:
      Did not match:
         - @ConditionalOnClass did not find required class 'io.micrometer.datadog.DatadogMeterRegistry' (OnClassCondition)

   DispatcherServletAutoConfiguration.DispatcherServletConfiguration#multipartResolver:
      Did not match:
         - @ConditionalOnBean (types: org.springframework.web.multipart.MultipartResolver; SearchStrategy: all) did not find any beans of type org.springframework.web.multipart.MultipartResolver (OnBeanCondition)

   DynatraceMetricsExportAutoConfiguration:
      Did not match:
         - @ConditionalOnClass did not find required class 'io.micrometer.dynatrace.DynatraceMeterRegistry' (OnClassCondition)

   ElasticMetricsExportAutoConfiguration:
      Did not match:
         - @ConditionalOnClass did not find required class 'io.micrometer.elastic.ElasticMeterRegistry' (OnClassCondition)

   ElasticsearchClientAutoConfiguration:
      Did not match:
         - @ConditionalOnClass did not find required class 'co.elastic.clients.elasticsearch.ElasticsearchClient' (OnClassCondition)

   ElasticsearchDataAutoConfiguration:
      Did not match:
         - @ConditionalOnClass did not find required class 'org.springframework.data.elasticsearch.client.elc.ElasticsearchTemplate' (OnClassCondition)

   ElasticsearchReactiveHealthContributorAutoConfiguration:
      Did not match:
         - @ConditionalOnClass did not find required class 'reactor.core.publisher.Flux' (OnClassCondition)

   ElasticsearchRepositoriesAutoConfiguration:
      Did not match:
         - @ConditionalOnClass did not find required class 'org.springframework.data.elasticsearch.repository.ElasticsearchRepository' (OnClassCondition)

   ElasticsearchRestClientAutoConfiguration:
      Did not match:
         - @ConditionalOnClass did not find required class 'org.elasticsearch.client.RestClientBuilder' (OnClassCondition)

   ElasticsearchRestHealthContributorAutoConfiguration:
      Did not match:
         - @ConditionalOnClass did not find required class 'org.elasticsearch.client.RestClient' (OnClassCondition)

   EmbeddedLdapAutoConfiguration:
      Did not match:
         - @ConditionalOnClass did not find required class 'com.unboundid.ldap.listener.InMemoryDirectoryServer' (OnClassCondition)

   EmbeddedWebServerFactoryCustomizerAutoConfiguration.JettyWebServerFactoryCustomizerConfiguration:
      Did not match:
         - @ConditionalOnClass did not find required classes 'org.eclipse.jetty.server.Server', 'org.eclipse.jetty.util.Loader', 'org.eclipse.jetty.ee10.webapp.WebAppContext' (OnClassCondition)

   EmbeddedWebServerFactoryCustomizerAutoConfiguration.NettyWebServerFactoryCustomizerConfiguration:
      Did not match:
         - @ConditionalOnClass did not find required class 'reactor.netty.http.server.HttpServer' (OnClassCondition)

   EmbeddedWebServerFactoryCustomizerAutoConfiguration.TomcatWebServerFactoryCustomizerConfiguration#tomcatVirtualThreadsProtocolHandlerCustomizer:
      Did not match:
         - @ConditionalOnThreading did not find VIRTUAL (OnThreadingCondition)

   EmbeddedWebServerFactoryCustomizerAutoConfiguration.UndertowWebServerFactoryCustomizerConfiguration:
      Did not match:
         - @ConditionalOnClass did not find required classes 'io.undertow.Undertow', 'org.xnio.SslClientAuthMode' (OnClassCondition)

   EnvironmentEndpointAutoConfiguration:
      Did not match:
         - @ConditionalOnAvailableEndpoint not exposed (OnAvailableEndpointCondition)

   ErrorWebFluxAutoConfiguration:
      Did not match:
         - @ConditionalOnClass did not find required class 'org.springframework.web.reactive.config.WebFluxConfigurer' (OnClassCondition)

   FlywayAutoConfiguration:
      Did not match:
         - @ConditionalOnProperty (spring.flyway.enabled) found different value in property 'enabled' (OnPropertyCondition)
      Matched:
         - @ConditionalOnClass found required class 'org.flywaydb.core.Flyway' (OnClassCondition)

   FlywayEndpointAutoConfiguration:
      Did not match:
         - @ConditionalOnAvailableEndpoint not exposed (OnAvailableEndpointCondition)
      Matched:
         - @ConditionalOnClass found required class 'org.flywaydb.core.Flyway' (OnClassCondition)

   FreeMarkerAutoConfiguration:
      Did not match:
         - @ConditionalOnClass did not find required class 'freemarker.template.Configuration' (OnClassCondition)

   GangliaMetricsExportAutoConfiguration:
      Did not match:
         - @ConditionalOnClass did not find required class 'io.micrometer.ganglia.GangliaMeterRegistry' (OnClassCondition)

   GraphQlAutoConfiguration:
      Did not match:
         - @ConditionalOnClass did not find required class 'graphql.GraphQL' (OnClassCondition)

   GraphQlObservationAutoConfiguration:
      Did not match:
         - @ConditionalOnClass did not find required class 'graphql.GraphQL' (OnClassCondition)

   GraphQlQueryByExampleAutoConfiguration:
      Did not match:
         - @ConditionalOnClass did not find required class 'graphql.GraphQL' (OnClassCondition)

   GraphQlQuerydslAutoConfiguration:
      Did not match:
         - @ConditionalOnClass did not find required class 'com.querydsl.core.Query' (OnClassCondition)

   GraphQlRSocketAutoConfiguration:
      Did not match:
         - @ConditionalOnClass did not find required class 'graphql.GraphQL' (OnClassCondition)

   GraphQlReactiveQueryByExampleAutoConfiguration:
      Did not match:
         - @ConditionalOnClass did not find required class 'graphql.GraphQL' (OnClassCondition)

   GraphQlReactiveQuerydslAutoConfiguration:
      Did not match:
         - @ConditionalOnClass did not find required class 'com.querydsl.core.Query' (OnClassCondition)

   GraphQlWebFluxAutoConfiguration:
      Did not match:
         - @ConditionalOnClass did not find required class 'graphql.GraphQL' (OnClassCondition)

   GraphQlWebFluxSecurityAutoConfiguration:
      Did not match:
         - @ConditionalOnClass did not find required class 'graphql.GraphQL' (OnClassCondition)

   GraphQlWebMvcAutoConfiguration:
      Did not match:
         - @ConditionalOnClass did not find required class 'graphql.GraphQL' (OnClassCondition)

   GraphQlWebMvcSecurityAutoConfiguration:
      Did not match:
         - @ConditionalOnClass did not find required class 'graphql.GraphQL' (OnClassCondition)

   GraphiteMetricsExportAutoConfiguration:
      Did not match:
         - @ConditionalOnClass did not find required class 'io.micrometer.graphite.GraphiteMeterRegistry' (OnClassCondition)

   GroovyTemplateAutoConfiguration:
      Did not match:
         - @ConditionalOnClass did not find required class 'groovy.text.markup.MarkupTemplateEngine' (OnClassCondition)

   GsonAutoConfiguration:
      Did not match:
         - @ConditionalOnClass did not find required class 'com.google.gson.Gson' (OnClassCondition)

   GsonHttpMessageConvertersConfiguration:
      Did not match:
         - @ConditionalOnClass did not find required class 'com.google.gson.Gson' (OnClassCondition)

   H2ConsoleAutoConfiguration:
      Did not match:
         - @ConditionalOnProperty (spring.h2.console.enabled=true) did not find property 'enabled' (OnPropertyCondition)
      Matched:
         - @ConditionalOnClass found required class 'org.h2.server.web.JakartaWebServlet' (OnClassCondition)
         - found 'session' scope (OnWebApplicationCondition)

   HazelcastAutoConfiguration:
      Did not match:
         - @ConditionalOnClass did not find required class 'com.hazelcast.core.HazelcastInstance' (OnClassCondition)

   HazelcastCacheConfiguration:
      Did not match:
         - @ConditionalOnClass did not find required class 'com.hazelcast.core.HazelcastInstance' (OnClassCondition)

   HazelcastHealthContributorAutoConfiguration:
      Did not match:
         - @ConditionalOnClass did not find required class 'com.hazelcast.core.HazelcastInstance' (OnClassCondition)

   HazelcastJpaDependencyAutoConfiguration:
      Did not match:
         - @ConditionalOnClass did not find required class 'com.hazelcast.core.HazelcastInstance' (OnClassCondition)

   HealthEndpointReactiveWebExtensionConfiguration:
      Did not match:
         - did not find reactive web application classes (OnWebApplicationCondition)

   HealthEndpointWebExtensionConfiguration.JerseyAdditionalHealthEndpointPathsConfiguration:
      Did not match:
         - @ConditionalOnClass did not find required class 'org.glassfish.jersey.server.ResourceConfig' (OnClassCondition)

   HeapDumpWebEndpointAutoConfiguration:
      Did not match:
         - @ConditionalOnAvailableEndpoint not exposed (OnAvailableEndpointCondition)

   HibernateMetricsAutoConfiguration:
      Did not match:
         - @ConditionalOnClass did not find required class 'org.hibernate.stat.HibernateMetrics' (OnClassCondition)

   HttpExchangesAutoConfiguration:
      Did not match:
         - @ConditionalOnBean (types: org.springframework.boot.actuate.web.exchanges.HttpExchangeRepository; SearchStrategy: all) did not find any beans of type org.springframework.boot.actuate.web.exchanges.HttpExchangeRepository (OnBeanCondition)
      Matched:
         - @ConditionalOnWebApplication (required) found 'session' scope (OnWebApplicationCondition)
         - @ConditionalOnProperty (management.httpexchanges.recording.enabled) matched (OnPropertyCondition)

   HttpExchangesAutoConfiguration.ReactiveHttpExchangesConfiguration:
      Did not match:
         - did not find reactive web application classes (OnWebApplicationCondition)
         - Ancestor org.springframework.boot.actuate.autoconfigure.web.exchanges.HttpExchangesAutoConfiguration did not match (ConditionEvaluationReport.AncestorsMatchedCondition)

   HttpExchangesAutoConfiguration.ServletHttpExchangesConfiguration:
      Did not match:
         - Ancestor org.springframework.boot.actuate.autoconfigure.web.exchanges.HttpExchangesAutoConfiguration did not match (ConditionEvaluationReport.AncestorsMatchedCondition)
      Matched:
         - found 'session' scope (OnWebApplicationCondition)

   HttpExchangesEndpointAutoConfiguration:
      Did not match:
         - @ConditionalOnAvailableEndpoint not exposed (OnAvailableEndpointCondition)

   HttpHandlerAutoConfiguration:
      Did not match:
         - @ConditionalOnClass did not find required class 'org.springframework.web.reactive.DispatcherHandler' (OnClassCondition)

   HumioMetricsExportAutoConfiguration:
      Did not match:
         - @ConditionalOnClass did not find required class 'io.micrometer.humio.HumioMeterRegistry' (OnClassCondition)

   HypermediaAutoConfiguration:
      Did not match:
         - @ConditionalOnClass did not find required class 'org.springframework.hateoas.EntityModel' (OnClassCondition)

   InfinispanCacheConfiguration:
      Did not match:
         - @ConditionalOnClass did not find required class 'org.infinispan.spring.embedded.provider.SpringEmbeddedCacheManager' (OnClassCondition)

   InfluxMetricsExportAutoConfiguration:
      Did not match:
         - @ConditionalOnClass did not find required class 'io.micrometer.influx.InfluxMeterRegistry' (OnClassCondition)

   InfoContributorAutoConfiguration#buildInfoContributor:
      Did not match:
         - @ConditionalOnSingleCandidate (types: org.springframework.boot.info.BuildProperties; SearchStrategy: all) did not find any beans (OnBeanCondition)
      Matched:
         - @ConditionalOnEnabledInfoContributor management.info.defaults.enabled is considered true (OnEnabledInfoContributorCondition)

   InfoContributorAutoConfiguration#envInfoContributor:
      Did not match:
         - @ConditionalOnEnabledInfoContributor management.info.env.enabled is not true (OnEnabledInfoContributorCondition)

   InfoContributorAutoConfiguration#gitInfoContributor:
      Did not match:
         - @ConditionalOnSingleCandidate (types: org.springframework.boot.info.GitProperties; SearchStrategy: all) did not find any beans (OnBeanCondition)
      Matched:
         - @ConditionalOnEnabledInfoContributor management.info.defaults.enabled is considered true (OnEnabledInfoContributorCondition)

   InfoContributorAutoConfiguration#javaInfoContributor:
      Did not match:
         - @ConditionalOnEnabledInfoContributor management.info.java.enabled is not true (OnEnabledInfoContributorCondition)

   InfoContributorAutoConfiguration#osInfoContributor:
      Did not match:
         - @ConditionalOnEnabledInfoContributor management.info.os.enabled is not true (OnEnabledInfoContributorCondition)

   InfoContributorAutoConfiguration#processInfoContributor:
      Did not match:
         - @ConditionalOnEnabledInfoContributor management.info.process.enabled is not true (OnEnabledInfoContributorCondition)

   InfoContributorAutoConfiguration#sslInfo:
      Did not match:
         - @ConditionalOnEnabledInfoContributor management.info.ssl.enabled is not true (OnEnabledInfoContributorCondition)
      Matched:
         - @ConditionalOnMissingBean (types: org.springframework.boot.info.SslInfo; SearchStrategy: all) did not find any beans (OnBeanCondition)

   InfoContributorAutoConfiguration#sslInfoContributor:
      Did not match:
         - @ConditionalOnEnabledInfoContributor management.info.ssl.enabled is not true (OnEnabledInfoContributorCondition)

   IntegrationAutoConfiguration:
      Did not match:
         - @ConditionalOnClass did not find required class 'org.springframework.integration.config.EnableIntegration' (OnClassCondition)

   IntegrationGraphEndpointAutoConfiguration:
      Did not match:
         - @ConditionalOnClass did not find required class 'org.springframework.integration.graph.IntegrationGraphServer' (OnClassCondition)

   JCacheCacheConfiguration:
      Did not match:
         - @ConditionalOnClass did not find required class 'javax.cache.Caching' (OnClassCondition)

   JacksonHttpMessageConvertersConfiguration.MappingJackson2XmlHttpMessageConverterConfiguration:
      Did not match:
         - @ConditionalOnClass did not find required class 'com.fasterxml.jackson.dataformat.xml.XmlMapper' (OnClassCondition)

   JdbcRepositoriesAutoConfiguration:
      Did not match:
         - @ConditionalOnClass did not find required class 'org.springframework.data.jdbc.repository.config.AbstractJdbcConfiguration' (OnClassCondition)

   JerseyAutoConfiguration:
      Did not match:
         - @ConditionalOnClass did not find required class 'org.glassfish.jersey.server.spring.SpringComponentProvider' (OnClassCondition)

   JerseySameManagementContextConfiguration:
      Did not match:
         - @ConditionalOnClass did not find required class 'org.glassfish.jersey.server.ResourceConfig' (OnClassCondition)

   JerseyServerMetricsAutoConfiguration:
      Did not match:
         - @ConditionalOnClass did not find required class 'org.glassfish.jersey.micrometer.server.ObservationApplicationEventListener' (OnClassCondition)

   JerseyWebEndpointManagementContextConfiguration:
      Did not match:
         - @ConditionalOnClass did not find required class 'org.glassfish.jersey.server.ResourceConfig' (OnClassCondition)

   JettyMetricsAutoConfiguration:
      Did not match:
         - @ConditionalOnClass did not find required class 'org.eclipse.jetty.server.Server' (OnClassCondition)

   JmsAutoConfiguration:
      Did not match:
         - @ConditionalOnClass did not find required class 'jakarta.jms.Message' (OnClassCondition)

   JmsHealthContributorAutoConfiguration:
      Did not match:
         - @ConditionalOnClass did not find required class 'jakarta.jms.ConnectionFactory' (OnClassCondition)

   JmxAutoConfiguration:
      Did not match:
         - @ConditionalOnProperty (spring.jmx.enabled=true) did not find property 'enabled' (OnPropertyCondition)
      Matched:
         - @ConditionalOnClass found required class 'org.springframework.jmx.export.MBeanExporter' (OnClassCondition)

   JmxEndpointAutoConfiguration:
      Did not match:
         - @ConditionalOnProperty (spring.jmx.enabled=true) did not find property 'enabled' (OnPropertyCondition)

   JmxMetricsExportAutoConfiguration:
      Did not match:
         - @ConditionalOnClass did not find required class 'io.micrometer.jmx.JmxMeterRegistry' (OnClassCondition)

   JndiConnectionFactoryAutoConfiguration:
      Did not match:
         - @ConditionalOnClass did not find required class 'org.springframework.jms.core.JmsTemplate' (OnClassCondition)

   JndiDataSourceAutoConfiguration:
      Did not match:
         - @ConditionalOnProperty (spring.datasource.jndi-name) did not find property 'jndi-name' (OnPropertyCondition)
      Matched:
         - @ConditionalOnClass found required classes 'javax.sql.DataSource', 'org.springframework.jdbc.datasource.embedded.EmbeddedDatabaseType' (OnClassCondition)

   JndiJtaConfiguration:
      Did not match:
         - @ConditionalOnJndi JNDI environment is not available (OnJndiCondition)
      Matched:
         - @ConditionalOnClass found required class 'org.springframework.transaction.jta.JtaTransactionManager' (OnClassCondition)

   JooqAutoConfiguration:
      Did not match:
         - @ConditionalOnClass did not find required class 'org.jooq.DSLContext' (OnClassCondition)

   JpaBaseConfiguration.JpaWebConfiguration:
      Did not match:
         - @ConditionalOnProperty (spring.jpa.open-in-view=true) found different value in property 'open-in-view' (OnPropertyCondition)
      Matched:
         - @ConditionalOnClass found required class 'org.springframework.web.servlet.config.annotation.WebMvcConfigurer' (OnClassCondition)
         - found 'session' scope (OnWebApplicationCondition)

   JpaRepositoriesAutoConfiguration#entityManagerFactoryBootstrapExecutorCustomizer:
      Did not match:
         - AnyNestedCondition 0 matched 2 did not; NestedCondition on JpaRepositoriesAutoConfiguration.BootstrapExecutorCondition.LazyBootstrapMode @ConditionalOnProperty (spring.data.jpa.repositories.bootstrap-mode=lazy) did not find property 'bootstrap-mode'; NestedCondition on JpaRepositoriesAutoConfiguration.BootstrapExecutorCondition.DeferredBootstrapMode @ConditionalOnProperty (spring.data.jpa.repositories.bootstrap-mode=deferred) did not find property 'bootstrap-mode' (JpaRepositoriesAutoConfiguration.BootstrapExecutorCondition)

   JsonbAutoConfiguration:
      Did not match:
         - @ConditionalOnClass did not find required class 'jakarta.json.bind.Jsonb' (OnClassCondition)

   JsonbHttpMessageConvertersConfiguration:
      Did not match:
         - @ConditionalOnClass did not find required class 'jakarta.json.bind.Jsonb' (OnClassCondition)

   KairosMetricsExportAutoConfiguration:
      Did not match:
         - @ConditionalOnClass did not find required class 'io.micrometer.kairos.KairosMeterRegistry' (OnClassCondition)

   LdapAutoConfiguration:
      Did not match:
         - @ConditionalOnClass did not find required class 'org.springframework.ldap.core.ContextSource' (OnClassCondition)

   LdapHealthContributorAutoConfiguration:
      Did not match:
         - @ConditionalOnClass did not find required class 'org.springframework.ldap.core.LdapOperations' (OnClassCondition)

   LdapRepositoriesAutoConfiguration:
      Did not match:
         - @ConditionalOnClass did not find required class 'org.springframework.data.ldap.repository.LdapRepository' (OnClassCondition)

   LettuceMetricsAutoConfiguration:
      Did not match:
         - @ConditionalOnClass did not find required class 'io.lettuce.core.metrics.MicrometerCommandLatencyRecorder' (OnClassCondition)

   LiquibaseAutoConfiguration:
      Did not match:
         - @ConditionalOnClass did not find required class 'liquibase.change.DatabaseChange' (OnClassCondition)

   LiquibaseEndpointAutoConfiguration:
      Did not match:
         - @ConditionalOnClass did not find required class 'liquibase.integration.spring.SpringLiquibase' (OnClassCondition)

   Log4J2MetricsAutoConfiguration:
      Did not match:
         - @ConditionalOnClass did not find required class 'org.apache.logging.log4j.core.LoggerContext' (OnClassCondition)

   LogFileWebEndpointAutoConfiguration:
      Did not match:
         - @ConditionalOnAvailableEndpoint not exposed (OnAvailableEndpointCondition)

   LoggersEndpointAutoConfiguration:
      Did not match:
         - @ConditionalOnAvailableEndpoint not exposed (OnAvailableEndpointCondition)

   MailHealthContributorAutoConfiguration:
      Did not match:
         - @ConditionalOnBean (types: org.springframework.mail.javamail.JavaMailSenderImpl; SearchStrategy: all) did not find any beans of type org.springframework.mail.javamail.JavaMailSenderImpl (OnBeanCondition)
      Matched:
         - @ConditionalOnClass found required class 'org.springframework.mail.javamail.JavaMailSenderImpl' (OnClassCondition)
         - @ConditionalOnEnabledHealthIndicator management.health.defaults.enabled is considered true (OnEnabledHealthIndicatorCondition)

   MailSenderAutoConfiguration:
      Did not match:
         - @ConditionalOnClass did not find required class 'jakarta.mail.internet.MimeMessage' (OnClassCondition)

   MailSenderValidatorAutoConfiguration:
      Did not match:
         - @ConditionalOnProperty (spring.mail.test-connection) did not find property 'test-connection' (OnPropertyCondition)

   ManagementContextAutoConfiguration.DifferentManagementContextConfiguration:
      Did not match:
         - Management Port actual port type (SAME) did not match required type (DIFFERENT) (OnManagementPortCondition)

   ManagementWebSecurityAutoConfiguration:
      Did not match:
         - AllNestedConditions 1 matched 1 did not; NestedCondition on DefaultWebSecurityCondition.Beans @ConditionalOnMissingBean (types: org.springframework.security.web.SecurityFilterChain; SearchStrategy: all) found beans of type 'org.springframework.security.web.SecurityFilterChain' chain; NestedCondition on DefaultWebSecurityCondition.Classes @ConditionalOnClass found required classes 'org.springframework.security.web.SecurityFilterChain', 'org.springframework.security.config.annotation.web.builders.HttpSecurity' (DefaultWebSecurityCondition)
      Matched:
         - found 'session' scope (OnWebApplicationCondition)

   MappingsEndpointAutoConfiguration:
      Did not match:
         - @ConditionalOnAvailableEndpoint not exposed (OnAvailableEndpointCondition)

   MessageSourceAutoConfiguration:
      Did not match:
         - ResourceBundle did not find bundle with basename messages (MessageSourceAutoConfiguration.ResourceBundleCondition)

   MetricsAspectsAutoConfiguration:
      Did not match:
         - AnyNestedCondition 0 matched 2 did not; NestedCondition on MetricsAspectsAutoConfiguration.ObservationAnnotationsEnabledCondition.ManagementObservationsEnabledCondition @ConditionalOnProperty (management.observations.annotations.enabled=true) did not find property 'enabled'; NestedCondition on MetricsAspectsAutoConfiguration.ObservationAnnotationsEnabledCondition.MicrometerObservationsEnabledCondition @ConditionalOnProperty (micrometer.observations.annotations.enabled=true) did not find property 'enabled' (MetricsAspectsAutoConfiguration.ObservationAnnotationsEnabledCondition)
      Matched:
         - @ConditionalOnClass found required classes 'io.micrometer.core.instrument.MeterRegistry', 'org.aspectj.weaver.Advice' (OnClassCondition)

   MicrometerTracingAutoConfiguration:
      Did not match:
         - @ConditionalOnClass did not find required class 'io.micrometer.tracing.Tracer' (OnClassCondition)

   MongoAutoConfiguration:
      Did not match:
         - @ConditionalOnClass did not find required class 'com.mongodb.client.MongoClient' (OnClassCondition)

   MongoDataAutoConfiguration:
      Did not match:
         - @ConditionalOnClass did not find required class 'com.mongodb.client.MongoClient' (OnClassCondition)

   MongoHealthContributorAutoConfiguration:
      Did not match:
         - @ConditionalOnClass did not find required class 'org.springframework.data.mongodb.core.MongoTemplate' (OnClassCondition)

   MongoMetricsAutoConfiguration:
      Did not match:
         - @ConditionalOnClass did not find required class 'com.mongodb.MongoClientSettings' (OnClassCondition)

   MongoReactiveAutoConfiguration:
      Did not match:
         - @ConditionalOnClass did not find required class 'com.mongodb.reactivestreams.client.MongoClient' (OnClassCondition)

   MongoReactiveDataAutoConfiguration:
      Did not match:
         - @ConditionalOnClass did not find required class 'com.mongodb.reactivestreams.client.MongoClient' (OnClassCondition)

   MongoReactiveHealthContributorAutoConfiguration:
      Did not match:
         - @ConditionalOnClass did not find required class 'reactor.core.publisher.Flux' (OnClassCondition)

   MongoReactiveRepositoriesAutoConfiguration:
      Did not match:
         - @ConditionalOnClass did not find required class 'com.mongodb.reactivestreams.client.MongoClient' (OnClassCondition)

   MongoRepositoriesAutoConfiguration:
      Did not match:
         - @ConditionalOnClass did not find required class 'com.mongodb.client.MongoClient' (OnClassCondition)

   MultipleOpenApiSupportConfiguration:
      Did not match:
         - AnyNestedCondition 0 matched 2 did not; NestedCondition on MultipleOpenApiSupportCondition.OnActuatorDifferentPort found non-matching nested conditions Management Port actual port type (SAME) did not match required type (DIFFERENT), @ConditionalOnProperty (springdoc.show-actuator) did not find property 'springdoc.show-actuator'; NestedCondition on MultipleOpenApiSupportCondition.OnMultipleOpenApiSupportCondition AnyNestedCondition 0 matched 3 did not; NestedCondition on MultipleOpenApiGroupsCondition.OnListGroupedOpenApiBean @ConditionalOnBean (types: org.springdoc.core.models.GroupedOpenApi; SearchStrategy: all) did not find any beans of type org.springdoc.core.models.GroupedOpenApi; NestedCondition on MultipleOpenApiGroupsCondition.OnGroupConfigProperty @ConditionalOnProperty (springdoc.group-configs[0].group) did not find property 'springdoc.group-configs[0].group'; NestedCondition on MultipleOpenApiGroupsCondition.OnGroupedOpenApiBean @ConditionalOnBean (types: org.springdoc.core.models.GroupedOpenApi; SearchStrategy: all) did not find any beans of type org.springdoc.core.models.GroupedOpenApi (MultipleOpenApiSupportCondition)
      Matched:
         - found 'session' scope (OnWebApplicationCondition)
         - @ConditionalOnProperty (springdoc.api-docs.enabled) matched (OnPropertyCondition)

   MultipleOpenApiSupportConfiguration.SpringDocWebMvcActuatorDifferentConfiguration:
      Did not match:
         - Management Port actual port type (SAME) did not match required type (DIFFERENT) (OnManagementPortCondition)
         - Ancestor org.springdoc.webmvc.core.configuration.MultipleOpenApiSupportConfiguration did not match (ConditionEvaluationReport.AncestorsMatchedCondition)
      Matched:
         - @ConditionalOnClass found required class 'org.springframework.boot.actuate.endpoint.web.servlet.WebMvcEndpointHandlerMapping' (OnClassCondition)

   MustacheAutoConfiguration:
      Did not match:
         - @ConditionalOnClass did not find required class 'com.samskivert.mustache.Mustache' (OnClassCondition)

   Neo4jAutoConfiguration:
      Did not match:
         - @ConditionalOnClass did not find required class 'org.neo4j.driver.Driver' (OnClassCondition)

   Neo4jDataAutoConfiguration:
      Did not match:
         - @ConditionalOnClass did not find required class 'org.neo4j.driver.Driver' (OnClassCondition)

   Neo4jHealthContributorAutoConfiguration:
      Did not match:
         - @ConditionalOnClass did not find required class 'org.neo4j.driver.Driver' (OnClassCondition)

   Neo4jReactiveDataAutoConfiguration:
      Did not match:
         - @ConditionalOnClass did not find required class 'org.neo4j.driver.Driver' (OnClassCondition)

   Neo4jReactiveRepositoriesAutoConfiguration:
      Did not match:
         - @ConditionalOnClass did not find required class 'org.neo4j.driver.Driver' (OnClassCondition)

   Neo4jRepositoriesAutoConfiguration:
      Did not match:
         - @ConditionalOnClass did not find required class 'org.neo4j.driver.Driver' (OnClassCondition)

   NettyAutoConfiguration:
      Did not match:
         - @ConditionalOnClass did not find required class 'io.netty.util.NettyRuntime' (OnClassCondition)

   NewRelicMetricsExportAutoConfiguration:
      Did not match:
         - @ConditionalOnClass did not find required class 'io.micrometer.newrelic.NewRelicMeterRegistry' (OnClassCondition)

   NoOpMeterRegistryConfiguration:
      Did not match:
         - @ConditionalOnMissingBean (types: io.micrometer.core.instrument.MeterRegistry; SearchStrategy: all) found beans of type 'io.micrometer.core.instrument.MeterRegistry' simpleMeterRegistry (OnBeanCondition)

   NoopTracerAutoConfiguration:
      Did not match:
         - @ConditionalOnClass did not find required class 'io.micrometer.tracing.Tracer' (OnClassCondition)

   OAuth2AuthorizationServerAutoConfiguration:
      Did not match:
         - @ConditionalOnClass did not find required class 'org.springframework.security.oauth2.server.authorization.OAuth2Authorization' (OnClassCondition)

   OAuth2AuthorizationServerJwtAutoConfiguration:
      Did not match:
         - @ConditionalOnClass did not find required class 'org.springframework.security.oauth2.server.authorization.OAuth2Authorization' (OnClassCondition)

   OAuth2ClientAutoConfiguration:
      Did not match:
         - @ConditionalOnClass did not find required class 'org.springframework.security.oauth2.client.registration.ClientRegistration' (OnClassCondition)

   OAuth2ResourceServerAutoConfiguration:
      Did not match:
         - @ConditionalOnClass did not find required class 'org.springframework.security.oauth2.server.resource.authentication.BearerTokenAuthenticationToken' (OnClassCondition)

   ObservationAutoConfiguration.MeterObservationHandlerConfiguration.TracingAndMetricsObservationHandlerConfiguration:
      Did not match:
         - @ConditionalOnBean did not find required type 'io.micrometer.tracing.Tracer' (OnBeanCondition)
         - @ConditionalOnBean (types: io.micrometer.tracing.Tracer; SearchStrategy: all) did not find any beans of type io.micrometer.tracing.Tracer (OnBeanCondition)

   ObservationAutoConfiguration.MetricsWithTracingConfiguration:
      Did not match:
         - @ConditionalOnClass did not find required class 'io.micrometer.tracing.Tracer' (OnClassCondition)

   ObservationAutoConfiguration.OnlyTracingConfiguration:
      Did not match:
         - @ConditionalOnClass did not find required class 'io.micrometer.tracing.Tracer' (OnClassCondition)

   OpenTelemetryAutoConfiguration:
      Did not match:
         - @ConditionalOnClass did not find required class 'io.opentelemetry.sdk.OpenTelemetrySdk' (OnClassCondition)

   OpenTelemetryLoggingAutoConfiguration:
      Did not match:
         - @ConditionalOnClass did not find required class 'io.opentelemetry.api.OpenTelemetry' (OnClassCondition)

   OpenTelemetryTracingAutoConfiguration:
      Did not match:
         - @ConditionalOnClass did not find required class 'io.micrometer.tracing.otel.bridge.OtelTracer' (OnClassCondition)

   OtlpLoggingAutoConfiguration:
      Did not match:
         - @ConditionalOnClass did not find required class 'io.opentelemetry.api.OpenTelemetry' (OnClassCondition)

   OtlpMetricsExportAutoConfiguration:
      Did not match:
         - @ConditionalOnClass did not find required class 'io.micrometer.registry.otlp.OtlpMeterRegistry' (OnClassCondition)

   OtlpTracingAutoConfiguration:
      Did not match:
         - @ConditionalOnClass did not find required class 'io.micrometer.tracing.otel.bridge.OtelTracer' (OnClassCondition)

   ProjectInfoAutoConfiguration#buildProperties:
      Did not match:
         - @ConditionalOnResource did not find resource '${spring.info.build.location:classpath:META-INF/build-info.properties}' (OnResourceCondition)

   ProjectInfoAutoConfiguration#gitProperties:
      Did not match:
         - GitResource did not find git info at classpath:git.properties (ProjectInfoAutoConfiguration.GitResourceAvailableCondition)

   PrometheusExemplarsAutoConfiguration:
      Did not match:
         - @ConditionalOnClass did not find required class 'io.micrometer.tracing.Tracer' (OnClassCondition)

   PrometheusMetricsExportAutoConfiguration:
      Did not match:
         - @ConditionalOnClass did not find required class 'io.micrometer.prometheusmetrics.PrometheusMeterRegistry' (OnClassCondition)

   PrometheusSimpleclientExemplarsAutoConfiguration:
      Did not match:
         - @ConditionalOnClass did not find required class 'io.micrometer.tracing.Tracer' (OnClassCondition)

   PrometheusSimpleclientMetricsExportAutoConfiguration:
      Did not match:
         - @ConditionalOnClass did not find required class 'io.micrometer.prometheus.PrometheusMeterRegistry' (OnClassCondition)

   PulsarAutoConfiguration:
      Did not match:
         - @ConditionalOnClass did not find required class 'org.apache.pulsar.client.api.PulsarClient' (OnClassCondition)

   PulsarReactiveAutoConfiguration:
      Did not match:
         - @ConditionalOnClass did not find required class 'org.apache.pulsar.client.api.PulsarClient' (OnClassCondition)

   QuartzAutoConfiguration:
      Did not match:
         - @ConditionalOnClass did not find required class 'org.quartz.Scheduler' (OnClassCondition)

   QuartzEndpointAutoConfiguration:
      Did not match:
         - @ConditionalOnClass did not find required class 'org.quartz.Scheduler' (OnClassCondition)

   R2dbcAutoConfiguration:
      Did not match:
         - @ConditionalOnClass did not find required class 'io.r2dbc.spi.ConnectionFactory' (OnClassCondition)

   R2dbcDataAutoConfiguration:
      Did not match:
         - @ConditionalOnClass did not find required class 'org.springframework.data.r2dbc.core.R2dbcEntityTemplate' (OnClassCondition)

   R2dbcInitializationConfiguration:
      Did not match:
         - @ConditionalOnClass did not find required classes 'io.r2dbc.spi.ConnectionFactory', 'org.springframework.r2dbc.connection.init.DatabasePopulator' (OnClassCondition)

   R2dbcObservationAutoConfiguration:
      Did not match:
         - @ConditionalOnClass did not find required class 'io.r2dbc.proxy.ProxyConnectionFactory' (OnClassCondition)

   R2dbcProxyAutoConfiguration:
      Did not match:
         - @ConditionalOnClass did not find required class 'io.r2dbc.proxy.ProxyConnectionFactory' (OnClassCondition)

   R2dbcRepositoriesAutoConfiguration:
      Did not match:
         - @ConditionalOnClass did not find required class 'io.r2dbc.spi.ConnectionFactory' (OnClassCondition)

   R2dbcTransactionManagerAutoConfiguration:
      Did not match:
         - @ConditionalOnClass did not find required class 'org.springframework.r2dbc.connection.R2dbcTransactionManager' (OnClassCondition)

   RSocketGraphQlClientAutoConfiguration:
      Did not match:
         - @ConditionalOnClass did not find required class 'graphql.GraphQL' (OnClassCondition)

   RSocketMessagingAutoConfiguration:
      Did not match:
         - @ConditionalOnClass did not find required class 'io.rsocket.RSocket' (OnClassCondition)

   RSocketRequesterAutoConfiguration:
      Did not match:
         - @ConditionalOnClass did not find required class 'io.rsocket.RSocket' (OnClassCondition)

   RSocketSecurityAutoConfiguration:
      Did not match:
         - @ConditionalOnClass did not find required class 'org.springframework.security.rsocket.core.SecuritySocketAcceptorInterceptor' (OnClassCondition)

   RSocketServerAutoConfiguration:
      Did not match:
         - @ConditionalOnClass did not find required class 'io.rsocket.core.RSocketServer' (OnClassCondition)

   RSocketStrategiesAutoConfiguration:
      Did not match:
         - @ConditionalOnClass did not find required class 'io.netty.buffer.PooledByteBufAllocator' (OnClassCondition)

   RabbitAutoConfiguration:
      Did not match:
         - @ConditionalOnClass did not find required class 'com.rabbitmq.client.Channel' (OnClassCondition)

   RabbitHealthContributorAutoConfiguration:
      Did not match:
         - @ConditionalOnClass did not find required class 'org.springframework.amqp.rabbit.core.RabbitTemplate' (OnClassCondition)

   RabbitMetricsAutoConfiguration:
      Did not match:
         - @ConditionalOnClass did not find required class 'com.rabbitmq.client.ConnectionFactory' (OnClassCondition)

   ReactiveCloudFoundryActuatorAutoConfiguration:
      Did not match:
         - @ConditionalOnWebApplication did not find reactive web application classes (OnWebApplicationCondition)

   ReactiveElasticsearchClientAutoConfiguration:
      Did not match:
         - @ConditionalOnClass did not find required class 'co.elastic.clients.transport.ElasticsearchTransport' (OnClassCondition)

   ReactiveElasticsearchRepositoriesAutoConfiguration:
      Did not match:
         - @ConditionalOnClass did not find required class 'reactor.core.publisher.Mono' (OnClassCondition)

   ReactiveHealthEndpointConfiguration:
      Did not match:
         - @ConditionalOnClass did not find required class 'reactor.core.publisher.Flux' (OnClassCondition)

   ReactiveManagementContextAutoConfiguration:
      Did not match:
         - @ConditionalOnClass did not find required class 'reactor.core.publisher.Flux' (OnClassCondition)

   ReactiveManagementWebSecurityAutoConfiguration:
      Did not match:
         - @ConditionalOnWebApplication did not find reactive web application classes (OnWebApplicationCondition)

   ReactiveMultipartAutoConfiguration:
      Did not match:
         - @ConditionalOnClass did not find required class 'org.springframework.web.reactive.config.WebFluxConfigurer' (OnClassCondition)

   ReactiveOAuth2ClientAutoConfiguration:
      Did not match:
         - @ConditionalOnClass did not find required class 'reactor.core.publisher.Flux' (OnClassCondition)

   ReactiveOAuth2ResourceServerAutoConfiguration:
      Did not match:
         - @ConditionalOnWebApplication did not find reactive web application classes (OnWebApplicationCondition)

   ReactiveSecurityAutoConfiguration:
      Did not match:
         - @ConditionalOnClass did not find required class 'reactor.core.publisher.Flux' (OnClassCondition)

   ReactiveUserDetailsServiceAutoConfiguration:
      Did not match:
         - AnyNestedCondition 0 matched 2 did not; NestedCondition on ReactiveUserDetailsServiceAutoConfiguration.RSocketEnabledOrReactiveWebApplication.ReactiveWebApplicationCondition did not find reactive web application classes; NestedCondition on ReactiveUserDetailsServiceAutoConfiguration.RSocketEnabledOrReactiveWebApplication.RSocketSecurityEnabledCondition @ConditionalOnBean (types: org.springframework.messaging.rsocket.annotation.support.RSocketMessageHandler; SearchStrategy: all) did not find any beans of type org.springframework.messaging.rsocket.annotation.support.RSocketMessageHandler (ReactiveUserDetailsServiceAutoConfiguration.RSocketEnabledOrReactiveWebApplication)
      Matched:
         - @ConditionalOnClass found required class 'org.springframework.security.authentication.ReactiveAuthenticationManager' (OnClassCondition)
         - AnyNestedCondition 1 matched 2 did not; NestedCondition on ReactiveUserDetailsServiceAutoConfiguration.MissingAlternativeOrUserPropertiesConfigured.PasswordConfigured @ConditionalOnProperty (spring.security.user.password) did not find property 'password'; NestedCondition on ReactiveUserDetailsServiceAutoConfiguration.MissingAlternativeOrUserPropertiesConfigured.NameConfigured @ConditionalOnProperty (spring.security.user.name) did not find property 'name'; NestedCondition on ReactiveUserDetailsServiceAutoConfiguration.MissingAlternativeOrUserPropertiesConfigured.MissingAlternative @ConditionalOnMissingClass did not find unwanted classes 'org.springframework.security.oauth2.client.registration.ClientRegistrationRepository', 'org.springframework.security.oauth2.server.resource.introspection.ReactiveOpaqueTokenIntrospector' (ReactiveUserDetailsServiceAutoConfiguration.MissingAlternativeOrUserPropertiesConfigured)

   ReactiveWebServerFactoryAutoConfiguration:
      Did not match:
         - @ConditionalOnWebApplication did not find reactive web application classes (OnWebApplicationCondition)

   ReactorAutoConfiguration:
      Did not match:
         - @ConditionalOnClass did not find required class 'reactor.core.publisher.Hooks' (OnClassCondition)

   RedisHealthContributorAutoConfiguration:
      Did not match:
         - @ConditionalOnBean (types: org.springframework.data.redis.connection.RedisConnectionFactory; SearchStrategy: all) did not find any beans of type org.springframework.data.redis.connection.RedisConnectionFactory (OnBeanCondition)
      Matched:
         - @ConditionalOnClass found required class 'org.springframework.data.redis.connection.RedisConnectionFactory' (OnClassCondition)
         - @ConditionalOnEnabledHealthIndicator management.health.defaults.enabled is considered true (OnEnabledHealthIndicatorCondition)

   RedisReactiveAutoConfiguration:
      Did not match:
         - @ConditionalOnClass did not find required class 'reactor.core.publisher.Flux' (OnClassCondition)

   RedisReactiveHealthContributorAutoConfiguration:
      Did not match:
         - @ConditionalOnClass did not find required class 'reactor.core.publisher.Flux' (OnClassCondition)

   RedisRepositoriesAutoConfiguration:
      Did not match:
         - @ConditionalOnBean (types: org.springframework.data.redis.connection.RedisConnectionFactory; SearchStrategy: all) did not find any beans of type org.springframework.data.redis.connection.RedisConnectionFactory (OnBeanCondition)
      Matched:
         - @ConditionalOnClass found required class 'org.springframework.data.redis.repository.configuration.EnableRedisRepositories' (OnClassCondition)
         - @ConditionalOnProperty (spring.data.redis.repositories.enabled=true) matched (OnPropertyCondition)

   RepositoryRestMvcAutoConfiguration:
      Did not match:
         - @ConditionalOnClass did not find required class 'org.springframework.data.rest.webmvc.config.RepositoryRestMvcConfiguration' (OnClassCondition)

   Saml2RelyingPartyAutoConfiguration:
      Did not match:
         - @ConditionalOnClass did not find required class 'org.springframework.security.saml2.provider.service.registration.RelyingPartyRegistrationRepository' (OnClassCondition)

   SbomEndpointAutoConfiguration:
      Did not match:
         - @ConditionalOnAvailableEndpoint not exposed (OnAvailableEndpointCondition)

   ScheduledTasksEndpointAutoConfiguration:
      Did not match:
         - @ConditionalOnAvailableEndpoint not exposed (OnAvailableEndpointCondition)

   SecurityDataConfiguration:
      Did not match:
         - @ConditionalOnClass did not find required class 'org.springframework.security.data.repository.query.SecurityEvaluationContextExtension' (OnClassCondition)

   SecurityRequestMatchersManagementContextConfiguration.JerseyRequestMatcherConfiguration:
      Did not match:
         - @ConditionalOnClass did not find required class 'org.glassfish.jersey.server.ResourceConfig' (OnClassCondition)

   SendGridAutoConfiguration:
      Did not match:
         - @ConditionalOnClass did not find required class 'com.sendgrid.SendGrid' (OnClassCondition)

   ServletEndpointManagementContextConfiguration.JerseyServletEndpointManagementContextConfiguration:
      Did not match:
         - @ConditionalOnClass did not find required class 'org.glassfish.jersey.server.ResourceConfig' (OnClassCondition)

   ServletManagementContextAutoConfiguration.ApplicationContextFilterConfiguration:
      Did not match:
         - @ConditionalOnProperty (management.server.add-application-context-header=true) did not find property 'add-application-context-header' (OnPropertyCondition)

   ServletWebServerFactoryAutoConfiguration.ForwardedHeaderFilterConfiguration:
      Did not match:
         - @ConditionalOnProperty (server.forward-headers-strategy=framework) did not find property 'server.forward-headers-strategy' (OnPropertyCondition)

   ServletWebServerFactoryConfiguration.EmbeddedJetty:
      Did not match:
         - @ConditionalOnClass did not find required classes 'org.eclipse.jetty.server.Server', 'org.eclipse.jetty.util.Loader', 'org.eclipse.jetty.ee10.webapp.WebAppContext' (OnClassCondition)

   ServletWebServerFactoryConfiguration.EmbeddedUndertow:
      Did not match:
         - @ConditionalOnClass did not find required classes 'io.undertow.Undertow', 'org.xnio.SslClientAuthMode' (OnClassCondition)

   SessionAutoConfiguration:
      Did not match:
         - @ConditionalOnClass did not find required class 'org.springframework.session.Session' (OnClassCondition)

   SessionsEndpointAutoConfiguration:
      Did not match:
         - @ConditionalOnClass did not find required class 'org.springframework.session.Session' (OnClassCondition)

   ShutdownEndpointAutoConfiguration:
      Did not match:
         - @ConditionalOnAvailableEndpoint the configured access for endpoint 'shutdown' is NONE (OnAvailableEndpointCondition)

   SignalFxMetricsExportAutoConfiguration:
      Did not match:
         - @ConditionalOnClass did not find required class 'io.micrometer.signalfx.SignalFxMeterRegistry' (OnClassCondition)

   SpringApplicationAdminJmxAutoConfiguration:
      Did not match:
         - @ConditionalOnProperty (spring.application.admin.enabled=true) did not find property 'enabled' (OnPropertyCondition)

   SpringBootWebSecurityConfiguration.SecurityFilterChainConfiguration:
      Did not match:
         - AllNestedConditions 1 matched 1 did not; NestedCondition on DefaultWebSecurityCondition.Beans @ConditionalOnMissingBean (types: org.springframework.security.web.SecurityFilterChain; SearchStrategy: all) found beans of type 'org.springframework.security.web.SecurityFilterChain' chain; NestedCondition on DefaultWebSecurityCondition.Classes @ConditionalOnClass found required classes 'org.springframework.security.web.SecurityFilterChain', 'org.springframework.security.config.annotation.web.builders.HttpSecurity' (DefaultWebSecurityCondition)

   SpringDocConfiguration#propertiesResolverForSchema:
      Did not match:
         - @ConditionalOnProperty (springdoc.api-docs.resolve-schema-properties) did not find property 'springdoc.api-docs.resolve-schema-properties' (OnPropertyCondition)

   SpringDocConfiguration#propertyCustomizingConverter:
      Did not match:
         - @ConditionalOnBean (types: org.springdoc.core.customizers.PropertyCustomizer; SearchStrategy: all) did not find any beans of type org.springdoc.core.customizers.PropertyCustomizer (OnBeanCondition)

   SpringDocConfiguration#springdocBeanFactoryPostProcessor:
      Did not match:
         - AnyNestedCondition 0 matched 2 did not; NestedCondition on CacheOrGroupedOpenApiCondition.OnCacheDisabled found non-matching nested conditions @ConditionalOnProperty (springdoc.cache.disabled) did not find property 'springdoc.cache.disabled'; NestedCondition on CacheOrGroupedOpenApiCondition.OnMultipleOpenApiSupportCondition AnyNestedCondition 0 matched 2 did not; NestedCondition on MultipleOpenApiSupportCondition.OnActuatorDifferentPort found non-matching nested conditions Management Port actual port type (SAME) did not match required type (DIFFERENT), @ConditionalOnProperty (springdoc.show-actuator) did not find property 'springdoc.show-actuator'; NestedCondition on MultipleOpenApiSupportCondition.OnMultipleOpenApiSupportCondition AnyNestedCondition 0 matched 3 did not; NestedCondition on MultipleOpenApiGroupsCondition.OnListGroupedOpenApiBean @ConditionalOnBean (types: org.springdoc.core.models.GroupedOpenApi; SearchStrategy: all) did not find any beans of type org.springdoc.core.models.GroupedOpenApi; NestedCondition on MultipleOpenApiGroupsCondition.OnGroupConfigProperty @ConditionalOnProperty (springdoc.group-configs[0].group) did not find property 'springdoc.group-configs[0].group'; NestedCondition on MultipleOpenApiGroupsCondition.OnGroupedOpenApiBean @ConditionalOnBean (types: org.springdoc.core.models.GroupedOpenApi; SearchStrategy: all) did not find any beans of type org.springdoc.core.models.GroupedOpenApi (CacheOrGroupedOpenApiCondition)
      Matched:
         - @ConditionalOnClass found required class 'org.springframework.boot.context.properties.bind.BindResult' (OnClassCondition)

   SpringDocConfiguration#springdocBeanFactoryPostProcessor2:
      Did not match:
         - @ConditionalOnMissingClass found unwanted class 'org.springframework.boot.context.properties.bind.BindResult' (OnClassCondition)

   SpringDocConfiguration.SpringDocActuatorConfiguration:
      Did not match:
         - @ConditionalOnProperty (springdoc.show-actuator) did not find property 'springdoc.show-actuator' (OnPropertyCondition)
      Matched:
         - @ConditionalOnClass found required class 'org.springframework.boot.actuate.autoconfigure.endpoint.web.WebEndpointProperties' (OnClassCondition)

   SpringDocConfiguration.SpringDocRepositoryRestConfiguration:
      Did not match:
         - @ConditionalOnClass did not find required class 'org.springframework.data.rest.core.config.RepositoryRestConfiguration' (OnClassCondition)

   SpringDocConfiguration.SpringDocWebFluxSupportConfiguration:
      Did not match:
         - @ConditionalOnClass did not find required class 'reactor.core.publisher.Flux' (OnClassCondition)

   SpringDocDataRestConfiguration:
      Did not match:
         - @ConditionalOnClass did not find required class 'org.springframework.data.rest.core.config.RepositoryRestConfiguration' (OnClassCondition)

   SpringDocFunctionCatalogConfiguration:
      Did not match:
         - @ConditionalOnClass did not find required class 'org.springframework.cloud.function.web.function.FunctionEndpointInitializer' (OnClassCondition)

   SpringDocGroovyConfiguration:
      Did not match:
         - @ConditionalOnClass did not find required class 'groovy.lang.MetaClass' (OnClassCondition)

   SpringDocHateoasConfiguration:
      Did not match:
         - @ConditionalOnClass did not find required class 'org.springframework.hateoas.server.LinkRelationProvider' (OnClassCondition)

   SpringDocJacksonKotlinModuleConfiguration:
      Did not match:
         - @ConditionalOnClass did not find required class 'com.fasterxml.jackson.module.kotlin.KotlinModule' (OnClassCondition)

   SpringDocJavadocConfiguration:
      Did not match:
         - @ConditionalOnClass did not find required class 'com.github.therapi.runtimejavadoc.CommentFormatter' (OnClassCondition)

   SpringDocKotlinConfiguration:
      Did not match:
         - @ConditionalOnClass did not find required class 'kotlin.coroutines.Continuation' (OnClassCondition)

   SpringDocKotlinxConfiguration:
      Did not match:
         - @ConditionalOnClass did not find required class 'kotlinx.coroutines.flow.Flow' (OnClassCondition)

   SpringDocSecurityConfiguration.SpringDocSecurityOAuth2ClientConfiguration:
      Did not match:
         - @ConditionalOnClass did not find required class 'org.springframework.security.oauth2.client.annotation.RegisteredOAuth2AuthorizedClient' (OnClassCondition)

   SpringDocSecurityConfiguration.SpringDocSecurityOAuth2Configuration:
      Did not match:
         - @ConditionalOnClass did not find required class 'org.springframework.security.oauth2.server.authorization.OAuth2AuthorizationService' (OnClassCondition)

   SpringDocSecurityConfiguration.SpringSecurityLoginEndpointConfiguration#springSecurityLoginEndpointCustomizer:
      Did not match:
         - @ConditionalOnProperty (springdoc.show-login-endpoint) did not find property 'springdoc.show-login-endpoint' (OnPropertyCondition)

   SpringDocSortConfiguration#dataRestDelegatingMethodParameterCustomizer:
      Did not match:
         - @ConditionalOnMissingBean (types: org.springdoc.core.customizers.DataRestDelegatingMethodParameterCustomizer; SearchStrategy: all) found beans of type 'org.springdoc.core.customizers.DataRestDelegatingMethodParameterCustomizer' dataRestDelegatingMethodParameterCustomizer (OnBeanCondition)

   SpringDocWebMvcConfiguration.SpringDocWebMvcActuatorConfiguration#actuatorProvider:
      Did not match:
         - @ConditionalOnExpression (#{${springdoc.show-actuator:false} or ${springdoc.use-management-port:false}}) resulted in false (OnExpressionCondition)

   SpringDocWebMvcConfiguration.SpringDocWebMvcActuatorConfiguration#openApiActuatorResource:
      Did not match:
         - @ConditionalOnExpression (#{${springdoc.use-management-port:false} and ${springdoc.enable-default-api-docs:true}}) resulted in false (OnExpressionCondition)

   StackdriverMetricsExportAutoConfiguration:
      Did not match:
         - @ConditionalOnClass did not find required class 'io.micrometer.stackdriver.StackdriverMeterRegistry' (OnClassCondition)

   StartupEndpointAutoConfiguration:
      Did not match:
         - ApplicationStartup configured applicationStartup is of type class org.springframework.core.metrics.DefaultApplicationStartup, expected BufferingApplicationStartup. (StartupEndpointAutoConfiguration.ApplicationStartupCondition)

   StatsdMetricsExportAutoConfiguration:
      Did not match:
         - @ConditionalOnClass did not find required class 'io.micrometer.statsd.StatsdMeterRegistry' (OnClassCondition)

   SwaggerConfig#springWebProvider:
      Did not match:
         - @ConditionalOnMissingBean (types: org.springdoc.core.providers.SpringWebProvider; SearchStrategy: all) found beans of type 'org.springdoc.core.providers.SpringWebProvider' springWebProvider (OnBeanCondition)

   SwaggerConfig#swaggerUiHome:
      Did not match:
         - @ConditionalOnProperty (springdoc.swagger-ui.use-root-path=true) did not find property 'springdoc.swagger-ui.use-root-path' (OnPropertyCondition)

   SwaggerConfig.SwaggerActuatorWelcomeConfiguration:
      Did not match:
         - @ConditionalOnProperty (springdoc.use-management-port) did not find property 'springdoc.use-management-port' (OnPropertyCondition)
      Matched:
         - @ConditionalOnClass found required class 'org.springframework.boot.actuate.endpoint.web.servlet.WebMvcEndpointHandlerMapping' (OnClassCondition)

   TaskExecutorConfigurations.SimpleAsyncTaskExecutorBuilderConfiguration#simpleAsyncTaskExecutorBuilderVirtualThreads:
      Did not match:
         - @ConditionalOnMissingBean (types: org.springframework.boot.task.SimpleAsyncTaskExecutorBuilder; SearchStrategy: all) found beans of type 'org.springframework.boot.task.SimpleAsyncTaskExecutorBuilder' simpleAsyncTaskExecutorBuilder (OnBeanCondition)

   TaskExecutorConfigurations.TaskExecutorConfiguration#applicationTaskExecutorVirtualThreads:
      Did not match:
         - @ConditionalOnThreading did not find VIRTUAL (OnThreadingCondition)

   TaskSchedulingAutoConfiguration#scheduledBeanLazyInitializationExcludeFilter:
      Did not match:
         - @ConditionalOnBean (names: org.springframework.context.annotation.internalScheduledAnnotationProcessor; SearchStrategy: all) did not find any beans named org.springframework.context.annotation.internalScheduledAnnotationProcessor (OnBeanCondition)

   TaskSchedulingConfigurations.SimpleAsyncTaskSchedulerBuilderConfiguration#simpleAsyncTaskSchedulerBuilderVirtualThreads:
      Did not match:
         - @ConditionalOnMissingBean (types: org.springframework.boot.task.SimpleAsyncTaskSchedulerBuilder; SearchStrategy: all) found beans of type 'org.springframework.boot.task.SimpleAsyncTaskSchedulerBuilder' simpleAsyncTaskSchedulerBuilder (OnBeanCondition)

   TaskSchedulingConfigurations.TaskSchedulerConfiguration:
      Did not match:
         - @ConditionalOnBean (names: org.springframework.context.annotation.internalScheduledAnnotationProcessor; SearchStrategy: all) did not find any beans named org.springframework.context.annotation.internalScheduledAnnotationProcessor (OnBeanCondition)

   ThreadDumpEndpointAutoConfiguration:
      Did not match:
         - @ConditionalOnAvailableEndpoint not exposed (OnAvailableEndpointCondition)

   ThymeleafAutoConfiguration:
      Did not match:
         - @ConditionalOnClass did not find required class 'org.thymeleaf.spring6.SpringTemplateEngine' (OnClassCondition)

   TransactionAutoConfiguration#transactionalOperator:
      Did not match:
         - @ConditionalOnSingleCandidate (types: org.springframework.transaction.ReactiveTransactionManager; SearchStrategy: all) did not find any beans (OnBeanCondition)

   TransactionAutoConfiguration.AspectJTransactionManagementConfiguration:
      Did not match:
         - @ConditionalOnBean (types: org.springframework.transaction.aspectj.AbstractTransactionAspect; SearchStrategy: all) did not find any beans of type org.springframework.transaction.aspectj.AbstractTransactionAspect (OnBeanCondition)

   TransactionAutoConfiguration.EnableTransactionManagementConfiguration.JdkDynamicAutoProxyConfiguration:
      Did not match:
         - @ConditionalOnProperty (spring.aop.proxy-target-class=false) did not find property 'proxy-target-class' (OnPropertyCondition)

   WavefrontAutoConfiguration:
      Did not match:
         - @ConditionalOnClass did not find required class 'com.wavefront.sdk.common.application.ApplicationTags' (OnClassCondition)

   WavefrontMetricsExportAutoConfiguration:
      Did not match:
         - @ConditionalOnClass did not find required class 'com.wavefront.sdk.common.WavefrontSender' (OnClassCondition)

   WavefrontTracingAutoConfiguration:
      Did not match:
         - @ConditionalOnClass did not find required class 'com.wavefront.sdk.common.WavefrontSender' (OnClassCondition)

   WebClientAutoConfiguration:
      Did not match:
         - @ConditionalOnClass did not find required class 'org.springframework.web.reactive.function.client.WebClient' (OnClassCondition)

   WebClientObservationConfiguration:
      Did not match:
         - @ConditionalOnClass did not find required class 'org.springframework.web.reactive.function.client.WebClient' (OnClassCondition)

   WebFluxAutoConfiguration:
      Did not match:
         - @ConditionalOnClass did not find required class 'org.springframework.web.reactive.config.WebFluxConfigurer' (OnClassCondition)

   WebFluxEndpointManagementContextConfiguration:
      Did not match:
         - @ConditionalOnClass did not find required class 'org.springframework.web.reactive.DispatcherHandler' (OnClassCondition)

   WebFluxObservationAutoConfiguration:
      Did not match:
         - @ConditionalOnWebApplication did not find reactive web application classes (OnWebApplicationCondition)

   WebMvcAutoConfiguration#hiddenHttpMethodFilter:
      Did not match:
         - @ConditionalOnProperty (spring.mvc.hiddenmethod.filter.enabled) did not find property 'enabled' (OnPropertyCondition)

   WebMvcAutoConfiguration.ProblemDetailsErrorHandlingConfiguration:
      Did not match:
         - @ConditionalOnProperty (spring.mvc.problemdetails.enabled=true) did not find property 'enabled' (OnPropertyCondition)

   WebMvcAutoConfiguration.WebMvcAutoConfigurationAdapter#beanNameViewResolver:
      Did not match:
         - @ConditionalOnMissingBean (types: org.springframework.web.servlet.view.BeanNameViewResolver; SearchStrategy: all) found beans of type 'org.springframework.web.servlet.view.BeanNameViewResolver' beanNameViewResolver (OnBeanCondition)

   WebMvcEndpointManagementContextConfiguration#managementHealthEndpointWebMvcHandlerMapping:
      Did not match:
         - Management Port actual port type (SAME) did not match required type (DIFFERENT) (OnManagementPortCondition)

   WebServiceTemplateAutoConfiguration:
      Did not match:
         - @ConditionalOnClass did not find required class 'org.springframework.ws.client.core.WebServiceTemplate' (OnClassCondition)

   WebServicesAutoConfiguration:
      Did not match:
         - @ConditionalOnClass did not find required class 'org.springframework.ws.transport.http.MessageDispatcherServlet' (OnClassCondition)

   WebSessionIdResolverAutoConfiguration:
      Did not match:
         - @ConditionalOnClass did not find required class 'reactor.core.publisher.Mono' (OnClassCondition)

   WebSocketMessagingAutoConfiguration:
      Did not match:
         - @ConditionalOnClass did not find required class 'org.springframework.web.socket.config.annotation.WebSocketMessageBrokerConfigurer' (OnClassCondition)

   WebSocketReactiveAutoConfiguration:
      Did not match:
         - @ConditionalOnWebApplication did not find reactive web application classes (OnWebApplicationCondition)

   WebSocketServletAutoConfiguration.JettyWebSocketConfiguration:
      Did not match:
         - @ConditionalOnClass did not find required class 'org.eclipse.jetty.ee10.websocket.jakarta.server.config.JakartaWebSocketServletContainerInitializer' (OnClassCondition)

   WebSocketServletAutoConfiguration.UndertowWebSocketConfiguration:
      Did not match:
         - @ConditionalOnClass did not find required class 'io.undertow.websockets.jsr.Bootstrap' (OnClassCondition)

   XADataSourceAutoConfiguration:
      Did not match:
         - @ConditionalOnBean (types: org.springframework.boot.jdbc.XADataSourceWrapper; SearchStrategy: all) did not find any beans of type org.springframework.boot.jdbc.XADataSourceWrapper (OnBeanCondition)
      Matched:
         - @ConditionalOnClass found required classes 'javax.sql.DataSource', 'jakarta.transaction.TransactionManager', 'org.springframework.jdbc.datasource.embedded.EmbeddedDatabaseType' (OnClassCondition)

   ZipkinAutoConfiguration:
      Did not match:
         - @ConditionalOnClass did not find required class 'zipkin2.reporter.Encoding' (OnClassCondition)


Exclusions:
-----------

    org.springframework.boot.autoconfigure.data.redis.RedisAutoConfiguration

    org.springframework.boot.autoconfigure.kafka.KafkaAutoConfiguration


Unconditional classes:
----------------------

    org.springframework.boot.autoconfigure.context.ConfigurationPropertiesAutoConfiguration

    org.springframework.boot.actuate.autoconfigure.availability.AvailabilityHealthContributorAutoConfiguration

    org.springframework.boot.autoconfigure.ssl.SslAutoConfiguration

    org.springframework.boot.actuate.autoconfigure.info.InfoContributorAutoConfiguration

    org.springframework.boot.autoconfigure.context.PropertyPlaceholderAutoConfiguration

    org.springframework.boot.autoconfigure.context.LifecycleAutoConfiguration

    org.springframework.boot.actuate.autoconfigure.metrics.integration.IntegrationMetricsAutoConfiguration

    org.springframework.boot.actuate.autoconfigure.endpoint.EndpointAutoConfiguration

    org.springframework.boot.actuate.autoconfigure.web.server.ManagementContextAutoConfiguration

    org.springframework.boot.actuate.autoconfigure.health.HealthContributorAutoConfiguration

    org.springframework.boot.actuate.autoconfigure.endpoint.jackson.JacksonEndpointAutoConfiguration

    org.springdoc.core.configuration.SpringDocSpecPropertiesConfiguration

    org.springframework.boot.autoconfigure.availability.ApplicationAvailabilityAutoConfiguration

    org.springframework.boot.autoconfigure.info.ProjectInfoAutoConfiguration



2026-08-15T17:56:05.799+05:30  INFO 10736 --- [           main] com.finclear.FinClearApplication         : Started FinClearApplication in 4.016 seconds (process running for 4.249)
2026-08-15T17:56:05.821+05:30 DEBUG 10736 --- [           main] o.s.b.a.ApplicationAvailabilityBean      : Application availability state LivenessState changed to CORRECT
2026-08-15T17:56:05.877+05:30 DEBUG 10736 --- [           main] org.hibernate.SQL                        : select u1_0.id,u1_0.created_at,u1_0.email,u1_0.enabled,u1_0.password_hash,u1_0.role from users u1_0 where u1_0.email=?
2026-08-15T17:56:05.985+05:30 DEBUG 10736 --- [           main] org.hibernate.SQL                        : insert into users (created_at,email,enabled,password_hash,role,id) values (?,?,?,?,?,?)
2026-08-15T17:56:06.002+05:30 DEBUG 10736 --- [           main] org.hibernate.SQL                        : insert into accounts (account_number,available_balance,created_at,currency,status,user_id,version,id) values (?,?,?,?,?,?,?,?)
2026-08-15T17:56:06.002+05:30 DEBUG 10736 --- [           main] org.hibernate.SQL                        : select u1_0.id,u1_0.created_at,u1_0.email,u1_0.enabled,u1_0.password_hash,u1_0.role from users u1_0 where u1_0.email=?
2026-08-15T17:56:06.068+05:30 DEBUG 10736 --- [           main] org.hibernate.SQL                        : insert into users (created_at,email,enabled,password_hash,role,id) values (?,?,?,?,?,?)
2026-08-15T17:56:06.068+05:30 DEBUG 10736 --- [           main] org.hibernate.SQL                        : insert into accounts (account_number,available_balance,created_at,currency,status,user_id,version,id) values (?,?,?,?,?,?,?,?)
2026-08-15T17:56:06.084+05:30 DEBUG 10736 --- [           main] org.hibernate.SQL                        : select count(*) from exception_cases ec1_0
2026-08-15T17:56:06.084+05:30 DEBUG 10736 --- [           main] org.hibernate.SQL                        : insert into exception_cases (amount,category,created_at,currency,evidence,owner,severity,status,title,updated_at,id) values (?,?,?,?,?,?,?,?,?,?,?)
2026-08-15T17:56:06.084+05:30 DEBUG 10736 --- [           main] org.hibernate.SQL                        : insert into exception_cases (amount,category,created_at,currency,evidence,owner,severity,status,title,updated_at,id) values (?,?,?,?,?,?,?,?,?,?,?)
2026-08-15T17:56:06.084+05:30 DEBUG 10736 --- [           main] org.hibernate.SQL                        : insert into exception_cases (amount,category,created_at,currency,evidence,owner,severity,status,title,updated_at,id) values (?,?,?,?,?,?,?,?,?,?,?)
2026-08-15T17:56:06.084+05:30 DEBUG 10736 --- [           main] o.s.b.a.ApplicationAvailabilityBean      : Application availability state ReadinessState changed to ACCEPTING_TRAFFIC
2026-08-15T17:56:11.410+05:30  INFO 10736 --- [nio-8080-exec-1] o.a.c.c.C.[Tomcat].[localhost].[/]       : Initializing Spring DispatcherServlet 'dispatcherServlet'
2026-08-15T17:56:11.410+05:30  INFO 10736 --- [nio-8080-exec-1] o.s.web.servlet.DispatcherServlet        : Initializing Servlet 'dispatcherServlet'
2026-08-15T17:56:11.410+05:30 DEBUG 10736 --- [nio-8080-exec-1] o.s.web.servlet.DispatcherServlet        : Detected StandardServletMultipartResolver
2026-08-15T17:56:11.410+05:30 DEBUG 10736 --- [nio-8080-exec-1] o.s.web.servlet.DispatcherServlet        : Detected AcceptHeaderLocaleResolver
2026-08-15T17:56:11.410+05:30 DEBUG 10736 --- [nio-8080-exec-1] o.s.web.servlet.DispatcherServlet        : Detected FixedThemeResolver
2026-08-15T17:56:11.414+05:30 DEBUG 10736 --- [nio-8080-exec-1] o.s.web.servlet.DispatcherServlet        : Detected org.springframework.web.servlet.view.DefaultRequestToViewNameTranslator@4473bbc1
2026-08-15T17:56:11.414+05:30 DEBUG 10736 --- [nio-8080-exec-1] o.s.web.servlet.DispatcherServlet        : Detected org.springframework.web.servlet.support.SessionFlashMapManager@31857c80
2026-08-15T17:56:11.414+05:30 DEBUG 10736 --- [nio-8080-exec-1] o.s.web.servlet.DispatcherServlet        : enableLoggingRequestDetails='false': request parameters and headers will be masked to prevent unsafe logging of potentially sensitive data
2026-08-15T17:56:11.414+05:30  INFO 10736 --- [nio-8080-exec-1] o.s.web.servlet.DispatcherServlet        : Completed initialization in 4 ms
2026-08-15T17:56:11.439+05:30 DEBUG 10736 --- [nio-8080-exec-1] o.s.web.servlet.DispatcherServlet        : GET "/actuator/health", parameters={}
2026-08-15T17:56:11.439+05:30 DEBUG 10736 --- [nio-8080-exec-1] s.b.a.e.w.s.WebMvcEndpointHandlerMapping : Mapped to Actuator web endpoint 'health'
2026-08-15T17:56:11.450+05:30 DEBUG 10736 --- [nio-8080-exec-1] m.m.a.RequestResponseBodyMethodProcessor : Read "application/octet-stream" to []
2026-08-15T17:56:11.461+05:30 DEBUG 10736 --- [nio-8080-exec-1] o.s.w.s.m.m.a.HttpEntityMethodProcessor  : Using 'application/vnd.spring-boot.actuator.v3+json', given [*/*] and supported [application/vnd.spring-boot.actuator.v3+json, application/vnd.spring-boot.actuator.v2+json, application/json]
2026-08-15T17:56:11.486+05:30 DEBUG 10736 --- [nio-8080-exec-1] o.s.w.s.m.m.a.HttpEntityMethodProcessor  : Writing [org.springframework.boot.actuate.health.SystemHealth@2909a0f4]
2026-08-15T17:56:11.495+05:30 DEBUG 10736 --- [nio-8080-exec-1] o.s.web.servlet.DispatcherServlet        : Completed 200 OK
2026-08-15T18:22:36.038+05:30  WARN 10736 --- [l-1 housekeeper] com.zaxxer.hikari.pool.HikariPool        : HikariPool-1 - Thread starvation or clock leap detected (housekeeper delta=10m31s783ms444탎500ns).
2026-08-15T19:17:17.049+05:30  WARN 10736 --- [l-1 housekeeper] com.zaxxer.hikari.pool.HikariPool        : HikariPool-1 - Thread starvation or clock leap detected (housekeeper delta=44m40s791ms862탎900ns).
2026-08-15T20:25:55.575+05:30  WARN 10736 --- [l-1 housekeeper] com.zaxxer.hikari.pool.HikariPool        : HikariPool-1 - Thread starvation or clock leap detected (housekeeper delta=20m37s534ms199탎800ns).
2026-08-15T20:48:48.438+05:30 DEBUG 10736 --- [nio-8080-exec-6] o.s.web.servlet.DispatcherServlet        : GET "/actuator/health", parameters={}
2026-08-15T20:48:48.438+05:30 DEBUG 10736 --- [nio-8080-exec-6] s.b.a.e.w.s.WebMvcEndpointHandlerMapping : Mapped to Actuator web endpoint 'health'
2026-08-15T20:48:48.444+05:30 DEBUG 10736 --- [nio-8080-exec-6] m.m.a.RequestResponseBodyMethodProcessor : Read "application/octet-stream" to []
2026-08-15T20:48:48.444+05:30 DEBUG 10736 --- [nio-8080-exec-6] o.s.w.s.m.m.a.HttpEntityMethodProcessor  : Using 'application/vnd.spring-boot.actuator.v3+json', given [*/*] and supported [application/vnd.spring-boot.actuator.v3+json, application/vnd.spring-boot.actuator.v2+json, application/json]
2026-08-15T20:48:48.444+05:30 DEBUG 10736 --- [nio-8080-exec-6] o.s.w.s.m.m.a.HttpEntityMethodProcessor  : Writing [org.springframework.boot.actuate.health.SystemHealth@5c91648b]
2026-08-15T20:48:48.444+05:30 DEBUG 10736 --- [nio-8080-exec-6] o.s.web.servlet.DispatcherServlet        : Completed 200 OK
2026-08-15T20:49:06.545+05:30 DEBUG 10736 --- [nio-8080-exec-8] o.s.web.servlet.DispatcherServlet        : POST "/api/v1/auth/login", parameters={}
2026-08-15T20:49:06.545+05:30 DEBUG 10736 --- [nio-8080-exec-8] s.w.s.m.m.a.RequestMappingHandlerMapping : Mapped to com.finclear.api.AuthController#login(Login)
2026-08-15T20:49:06.586+05:30 DEBUG 10736 --- [nio-8080-exec-8] o.s.web.method.HandlerMethod             : Could not resolve parameter [0] in public com.finclear.api.AuthController$Token com.finclear.api.AuthController.login(com.finclear.api.AuthController$Login): JSON parse error: Unexpected character ('\' (code 92)): was expecting double-quote to start field name
2026-08-15T20:49:06.589+05:30 DEBUG 10736 --- [nio-8080-exec-8] .m.m.a.ExceptionHandlerExceptionResolver : Using @ExceptionHandler com.finclear.api.ApiExceptionHandler#generic(Exception)
2026-08-15T20:49:06.594+05:30 DEBUG 10736 --- [nio-8080-exec-8] o.s.w.s.m.m.a.HttpEntityMethodProcessor  : Using 'application/json', given [*/*] and supported [application/json, application/*+json, application/yaml]
2026-08-15T20:49:06.594+05:30 DEBUG 10736 --- [nio-8080-exec-8] o.s.w.s.m.m.a.HttpEntityMethodProcessor  : Writing [{timestamp=2026-08-15T15:19:06.589554500Z, error=Internal server error}]
2026-08-15T20:49:06.594+05:30 DEBUG 10736 --- [nio-8080-exec-8] .m.m.a.ExceptionHandlerExceptionResolver : Resolved [org.springframework.http.converter.HttpMessageNotReadableException: JSON parse error: Unexpected character ('\' (code 92)): was expecting double-quote to start field name]
2026-08-15T20:49:06.594+05:30 DEBUG 10736 --- [nio-8080-exec-8] o.s.web.servlet.DispatcherServlet        : Completed 500 INTERNAL_SERVER_ERROR
2026-08-15T20:49:14.132+05:30 DEBUG 10736 --- [nio-8080-exec-2] o.s.web.servlet.DispatcherServlet        : POST "/api/v1/auth/login", parameters={}
2026-08-15T20:49:14.142+05:30 DEBUG 10736 --- [nio-8080-exec-2] s.w.s.m.m.a.RequestMappingHandlerMapping : Mapped to com.finclear.api.AuthController#login(Login)
2026-08-15T20:49:14.143+05:30 DEBUG 10736 --- [nio-8080-exec-2] m.m.a.RequestResponseBodyMethodProcessor : Read "application/json;charset=UTF-8" to [Login[email=admin@finclear.local, password=Admin@12345]]
2026-08-15T20:49:14.143+05:30 DEBUG 10736 --- [nio-8080-exec-2] org.hibernate.SQL                        : select u1_0.id,u1_0.created_at,u1_0.email,u1_0.enabled,u1_0.password_hash,u1_0.role from users u1_0 where u1_0.email=?
2026-08-15T20:49:14.256+05:30 DEBUG 10736 --- [nio-8080-exec-2] m.m.a.RequestResponseBodyMethodProcessor : Using 'application/json', given [*/*] and supported [application/json, application/*+json, application/yaml]
2026-08-15T20:49:14.260+05:30 DEBUG 10736 --- [nio-8080-exec-2] m.m.a.RequestResponseBodyMethodProcessor : Writing [Token[token=eyJhbGciOiJIUzUxMiJ9.eyJzdWIiOiJhZG1pbkBmaW5jbGVhci5sb2NhbCIsInJvbGUiOiJBRE1JTiIsImlhdCI (truncated)...]
2026-08-15T20:49:14.260+05:30 DEBUG 10736 --- [nio-8080-exec-2] o.s.web.servlet.DispatcherServlet        : Completed 200 OK
2026-08-15T20:50:08.841+05:30 DEBUG 10736 --- [nio-8080-exec-2] o.s.web.servlet.DispatcherServlet        : POST "/api/v1/auth/login", parameters={}
2026-08-15T20:50:08.850+05:30 DEBUG 10736 --- [nio-8080-exec-2] s.w.s.m.m.a.RequestMappingHandlerMapping : Mapped to com.finclear.api.AuthController#login(Login)
2026-08-15T20:50:08.850+05:30 DEBUG 10736 --- [nio-8080-exec-2] m.m.a.RequestResponseBodyMethodProcessor : Read "application/json;charset=UTF-8" to [Login[email=admin@finclear.local, password=Admin@12345]]
2026-08-15T20:50:08.850+05:30 DEBUG 10736 --- [nio-8080-exec-2] org.hibernate.SQL                        : select u1_0.id,u1_0.created_at,u1_0.email,u1_0.enabled,u1_0.password_hash,u1_0.role from users u1_0 where u1_0.email=?
2026-08-15T20:50:08.951+05:30 DEBUG 10736 --- [nio-8080-exec-2] m.m.a.RequestResponseBodyMethodProcessor : Using 'application/json', given [*/*] and supported [application/json, application/*+json, application/yaml]
2026-08-15T20:50:08.951+05:30 DEBUG 10736 --- [nio-8080-exec-2] m.m.a.RequestResponseBodyMethodProcessor : Writing [Token[token=eyJhbGciOiJIUzUxMiJ9.eyJzdWIiOiJhZG1pbkBmaW5jbGVhci5sb2NhbCIsInJvbGUiOiJBRE1JTiIsImlhdCI (truncated)...]
2026-08-15T20:50:08.953+05:30 DEBUG 10736 --- [nio-8080-exec-2] o.s.web.servlet.DispatcherServlet        : Completed 200 OK
2026-08-15T20:50:09.041+05:30 DEBUG 10736 --- [nio-8080-exec-6] o.s.web.servlet.DispatcherServlet        : GET "/api/v1/control/overview", parameters={}
2026-08-15T20:50:09.041+05:30 DEBUG 10736 --- [nio-8080-exec-6] s.w.s.m.m.a.RequestMappingHandlerMapping : Mapped to com.finclear.api.ControlCenterController#overview()
2026-08-15T20:50:09.050+05:30 DEBUG 10736 --- [nio-8080-exec-6] org.hibernate.SQL                        : select p1_0.id,p1_0.amount,p1_0.created_at,p1_0.currency,p1_0.idempotency_key,p1_0.merchant,p1_0.payer_account_id,p1_0.status,p1_0.updated_at from payments p1_0 order by p1_0.created_at desc fetch first ? rows only
2026-08-15T20:50:09.050+05:30 DEBUG 10736 --- [nio-8080-exec-6] org.hibernate.SQL                        : select a1_0.id,a1_0.account_number,a1_0.available_balance,a1_0.created_at,a1_0.currency,a1_0.status,a1_0.user_id,a1_0.version from accounts a1_0
2026-08-15T20:50:09.058+05:30 DEBUG 10736 --- [nio-8080-exec-6] org.hibernate.SQL                        : select ec1_0.id,ec1_0.amount,ec1_0.category,ec1_0.created_at,ec1_0.currency,ec1_0.evidence,ec1_0.owner,ec1_0.severity,ec1_0.status,ec1_0.title,ec1_0.updated_at from exception_cases ec1_0 order by ec1_0.created_at desc
2026-08-15T20:50:09.058+05:30 DEBUG 10736 --- [nio-8080-exec-6] m.m.a.RequestResponseBodyMethodProcessor : Using 'application/json', given [*/*] and supported [application/json, application/*+json, application/yaml]
2026-08-15T20:50:09.058+05:30 DEBUG 10736 --- [nio-8080-exec-6] m.m.a.RequestResponseBodyMethodProcessor : Writing [{exposure=629250.0000, openExceptions=3, availableBalance=2667600.0000, settlementHealth=ATTENTION,  (truncated)...]
2026-08-15T20:50:09.058+05:30 DEBUG 10736 --- [nio-8080-exec-6] o.s.web.servlet.DispatcherServlet        : Completed 200 OK
2026-08-15T20:50:09.179+05:30 DEBUG 10736 --- [io-8080-exec-10] o.s.web.servlet.DispatcherServlet        : GET "/api/v1/control/exceptions", parameters={}
2026-08-15T20:50:09.179+05:30 DEBUG 10736 --- [io-8080-exec-10] s.w.s.m.m.a.RequestMappingHandlerMapping : Mapped to com.finclear.api.ControlCenterController#cases()
2026-08-15T20:50:09.184+05:30 DEBUG 10736 --- [io-8080-exec-10] org.hibernate.SQL                        : select ec1_0.id,ec1_0.amount,ec1_0.category,ec1_0.created_at,ec1_0.currency,ec1_0.evidence,ec1_0.owner,ec1_0.severity,ec1_0.status,ec1_0.title,ec1_0.updated_at from exception_cases ec1_0 order by ec1_0.created_at desc
2026-08-15T20:50:09.185+05:30 DEBUG 10736 --- [io-8080-exec-10] m.m.a.RequestResponseBodyMethodProcessor : Using 'application/json', given [*/*] and supported [application/json, application/*+json, application/yaml]
2026-08-15T20:50:09.185+05:30 DEBUG 10736 --- [io-8080-exec-10] m.m.a.RequestResponseBodyMethodProcessor : Writing [[{owner=Nisha � Payments Ops, title=Gateway settlement missing for captured payments, id=d9ebf868-67 (truncated)...]
2026-08-15T20:50:09.191+05:30 DEBUG 10736 --- [io-8080-exec-10] o.s.web.servlet.DispatcherServlet        : Completed 200 OK
2026-08-15T20:50:09.200+05:30 DEBUG 10736 --- [nio-8080-exec-8] o.s.web.servlet.DispatcherServlet        : GET "/api/v1/control/explain", parameters={}
2026-08-15T20:50:09.200+05:30 DEBUG 10736 --- [nio-8080-exec-8] s.w.s.m.m.a.RequestMappingHandlerMapping : Mapped to com.finclear.api.ControlCenterController#explain()
2026-08-15T20:50:09.200+05:30 DEBUG 10736 --- [nio-8080-exec-8] org.hibernate.SQL                        : select ec1_0.id,ec1_0.amount,ec1_0.category,ec1_0.created_at,ec1_0.currency,ec1_0.evidence,ec1_0.owner,ec1_0.severity,ec1_0.status,ec1_0.title,ec1_0.updated_at from exception_cases ec1_0 order by ec1_0.created_at desc
2026-08-15T20:50:09.200+05:30 DEBUG 10736 --- [nio-8080-exec-8] m.m.a.RequestResponseBodyMethodProcessor : Using 'application/json', given [*/*] and supported [application/json, application/*+json, application/yaml]
2026-08-15T20:50:09.200+05:30 DEBUG 10736 --- [nio-8080-exec-8] m.m.a.RequestResponseBodyMethodProcessor : Writing [{summary=3 exceptions account for 629250.00 INR of operational exposure., headline=Money needs atten (truncated)...]
2026-08-15T20:50:09.207+05:30 DEBUG 10736 --- [nio-8080-exec-8] o.s.web.servlet.DispatcherServlet        : Completed 200 OK
2026-08-15T20:50:09.210+05:30 DEBUG 10736 --- [nio-8080-exec-9] o.s.web.servlet.DispatcherServlet        : GET "/api/v1/control/overview", parameters={}
2026-08-15T20:50:09.210+05:30 DEBUG 10736 --- [nio-8080-exec-9] s.w.s.m.m.a.RequestMappingHandlerMapping : Mapped to com.finclear.api.ControlCenterController#overview()
2026-08-15T20:50:09.223+05:30 DEBUG 10736 --- [nio-8080-exec-9] org.hibernate.SQL                        : select p1_0.id,p1_0.amount,p1_0.created_at,p1_0.currency,p1_0.idempotency_key,p1_0.merchant,p1_0.payer_account_id,p1_0.status,p1_0.updated_at from payments p1_0 order by p1_0.created_at desc fetch first ? rows only
2026-08-15T20:50:09.224+05:30 DEBUG 10736 --- [nio-8080-exec-9] org.hibernate.SQL                        : select a1_0.id,a1_0.account_number,a1_0.available_balance,a1_0.created_at,a1_0.currency,a1_0.status,a1_0.user_id,a1_0.version from accounts a1_0
2026-08-15T20:50:09.229+05:30 DEBUG 10736 --- [nio-8080-exec-9] org.hibernate.SQL                        : select ec1_0.id,ec1_0.amount,ec1_0.category,ec1_0.created_at,ec1_0.currency,ec1_0.evidence,ec1_0.owner,ec1_0.severity,ec1_0.status,ec1_0.title,ec1_0.updated_at from exception_cases ec1_0 order by ec1_0.created_at desc
2026-08-15T20:50:09.229+05:30 DEBUG 10736 --- [nio-8080-exec-9] m.m.a.RequestResponseBodyMethodProcessor : Using 'application/json', given [*/*] and supported [application/json, application/*+json, application/yaml]
2026-08-15T20:50:09.229+05:30 DEBUG 10736 --- [nio-8080-exec-9] m.m.a.RequestResponseBodyMethodProcessor : Writing [{exposure=629250.0000, openExceptions=3, availableBalance=2667600.0000, settlementHealth=ATTENTION,  (truncated)...]
2026-08-15T20:50:09.229+05:30 DEBUG 10736 --- [nio-8080-exec-9] o.s.web.servlet.DispatcherServlet        : Completed 200 OK
2026-08-15T20:50:09.249+05:30 DEBUG 10736 --- [nio-8080-exec-1] o.s.web.servlet.DispatcherServlet        : GET "/api/v1/control/exceptions", parameters={}
2026-08-15T20:50:09.249+05:30 DEBUG 10736 --- [nio-8080-exec-1] s.w.s.m.m.a.RequestMappingHandlerMapping : Mapped to com.finclear.api.ControlCenterController#cases()
2026-08-15T20:50:09.249+05:30 DEBUG 10736 --- [nio-8080-exec-1] org.hibernate.SQL                        : select ec1_0.id,ec1_0.amount,ec1_0.category,ec1_0.created_at,ec1_0.currency,ec1_0.evidence,ec1_0.owner,ec1_0.severity,ec1_0.status,ec1_0.title,ec1_0.updated_at from exception_cases ec1_0 order by ec1_0.created_at desc
2026-08-15T20:50:09.249+05:30 DEBUG 10736 --- [nio-8080-exec-1] m.m.a.RequestResponseBodyMethodProcessor : Using 'application/json', given [*/*] and supported [application/json, application/*+json, application/yaml]
2026-08-15T20:50:09.249+05:30 DEBUG 10736 --- [nio-8080-exec-1] m.m.a.RequestResponseBodyMethodProcessor : Writing [[{owner=Nisha � Payments Ops, title=Gateway settlement missing for captured payments, id=d9ebf868-67 (truncated)...]
2026-08-15T20:50:09.249+05:30 DEBUG 10736 --- [nio-8080-exec-1] o.s.web.servlet.DispatcherServlet        : Completed 200 OK
2026-08-15T20:50:09.257+05:30 DEBUG 10736 --- [nio-8080-exec-5] o.s.web.servlet.DispatcherServlet        : GET "/api/v1/control/explain", parameters={}
2026-08-15T20:50:09.257+05:30 DEBUG 10736 --- [nio-8080-exec-5] s.w.s.m.m.a.RequestMappingHandlerMapping : Mapped to com.finclear.api.ControlCenterController#explain()
2026-08-15T20:50:09.257+05:30 DEBUG 10736 --- [nio-8080-exec-5] org.hibernate.SQL                        : select ec1_0.id,ec1_0.amount,ec1_0.category,ec1_0.created_at,ec1_0.currency,ec1_0.evidence,ec1_0.owner,ec1_0.severity,ec1_0.status,ec1_0.title,ec1_0.updated_at from exception_cases ec1_0 order by ec1_0.created_at desc
2026-08-15T20:50:09.270+05:30 DEBUG 10736 --- [nio-8080-exec-5] m.m.a.RequestResponseBodyMethodProcessor : Using 'application/json', given [*/*] and supported [application/json, application/*+json, application/yaml]
2026-08-15T20:50:09.270+05:30 DEBUG 10736 --- [nio-8080-exec-5] m.m.a.RequestResponseBodyMethodProcessor : Writing [{summary=3 exceptions account for 629250.00 INR of operational exposure., headline=Money needs atten (truncated)...]
2026-08-15T20:50:09.270+05:30 DEBUG 10736 --- [nio-8080-exec-5] o.s.web.servlet.DispatcherServlet        : Completed 200 OK
2026-08-15T20:50:26.977+05:30 DEBUG 10736 --- [io-8080-exec-10] o.s.web.servlet.DispatcherServlet        : POST "/api/v1/auth/login", parameters={}
2026-08-15T20:50:26.977+05:30 DEBUG 10736 --- [io-8080-exec-10] s.w.s.m.m.a.RequestMappingHandlerMapping : Mapped to com.finclear.api.AuthController#login(Login)
2026-08-15T20:50:26.977+05:30 DEBUG 10736 --- [io-8080-exec-10] m.m.a.RequestResponseBodyMethodProcessor : Read "application/json;charset=UTF-8" to [Login[email=admin@finclear.local, password=Admin@12345]]
2026-08-15T20:50:26.984+05:30 DEBUG 10736 --- [io-8080-exec-10] org.hibernate.SQL                        : select u1_0.id,u1_0.created_at,u1_0.email,u1_0.enabled,u1_0.password_hash,u1_0.role from users u1_0 where u1_0.email=?
2026-08-15T20:50:27.074+05:30 DEBUG 10736 --- [io-8080-exec-10] m.m.a.RequestResponseBodyMethodProcessor : Using 'application/json', given [*/*] and supported [application/json, application/*+json, application/yaml]
2026-08-15T20:50:27.074+05:30 DEBUG 10736 --- [io-8080-exec-10] m.m.a.RequestResponseBodyMethodProcessor : Writing [Token[token=eyJhbGciOiJIUzUxMiJ9.eyJzdWIiOiJhZG1pbkBmaW5jbGVhci5sb2NhbCIsInJvbGUiOiJBRE1JTiIsImlhdCI (truncated)...]
2026-08-15T20:50:27.074+05:30 DEBUG 10736 --- [io-8080-exec-10] o.s.web.servlet.DispatcherServlet        : Completed 200 OK
2026-08-15T20:50:29.195+05:30 DEBUG 10736 --- [nio-8080-exec-6] o.s.web.servlet.DispatcherServlet        : GET "/api/v1/control/exceptions", parameters={}
2026-08-15T20:50:29.195+05:30 DEBUG 10736 --- [nio-8080-exec-6] s.w.s.m.m.a.RequestMappingHandlerMapping : Mapped to com.finclear.api.ControlCenterController#cases()
2026-08-15T20:50:29.195+05:30 DEBUG 10736 --- [nio-8080-exec-6] org.hibernate.SQL                        : select ec1_0.id,ec1_0.amount,ec1_0.category,ec1_0.created_at,ec1_0.currency,ec1_0.evidence,ec1_0.owner,ec1_0.severity,ec1_0.status,ec1_0.title,ec1_0.updated_at from exception_cases ec1_0 order by ec1_0.created_at desc
2026-08-15T20:50:29.195+05:30 DEBUG 10736 --- [nio-8080-exec-6] m.m.a.RequestResponseBodyMethodProcessor : Using 'application/json', given [*/*] and supported [application/json, application/*+json, application/yaml]
2026-08-15T20:50:29.195+05:30 DEBUG 10736 --- [nio-8080-exec-6] m.m.a.RequestResponseBodyMethodProcessor : Writing [[{owner=Nisha � Payments Ops, title=Gateway settlement missing for captured payments, id=d9ebf868-67 (truncated)...]
2026-08-15T20:50:29.195+05:30 DEBUG 10736 --- [nio-8080-exec-6] o.s.web.servlet.DispatcherServlet        : Completed 200 OK
2026-08-15T20:50:29.290+05:30 DEBUG 10736 --- [nio-8080-exec-4] o.s.web.servlet.DispatcherServlet        : GET "/api/v1/control/exceptions", parameters={}
2026-08-15T20:50:29.290+05:30 DEBUG 10736 --- [nio-8080-exec-4] s.w.s.m.m.a.RequestMappingHandlerMapping : Mapped to com.finclear.api.ControlCenterController#cases()
2026-08-15T20:50:29.290+05:30 DEBUG 10736 --- [nio-8080-exec-4] org.hibernate.SQL                        : select ec1_0.id,ec1_0.amount,ec1_0.category,ec1_0.created_at,ec1_0.currency,ec1_0.evidence,ec1_0.owner,ec1_0.severity,ec1_0.status,ec1_0.title,ec1_0.updated_at from exception_cases ec1_0 order by ec1_0.created_at desc
2026-08-15T20:50:29.301+05:30 DEBUG 10736 --- [nio-8080-exec-4] m.m.a.RequestResponseBodyMethodProcessor : Using 'application/json', given [*/*] and supported [application/json, application/*+json, application/yaml]
2026-08-15T20:50:29.301+05:30 DEBUG 10736 --- [nio-8080-exec-4] m.m.a.RequestResponseBodyMethodProcessor : Writing [[{owner=Nisha � Payments Ops, title=Gateway settlement missing for captured payments, id=d9ebf868-67 (truncated)...]
2026-08-15T20:50:29.301+05:30 DEBUG 10736 --- [nio-8080-exec-4] o.s.web.servlet.DispatcherServlet        : Completed 200 OK
2026-08-15T20:51:28.638+05:30 DEBUG 10736 --- [nio-8080-exec-2] o.s.web.servlet.DispatcherServlet        : POST "/api/v1/auth/login", parameters={}
2026-08-15T20:51:28.653+05:30 DEBUG 10736 --- [nio-8080-exec-2] s.w.s.m.m.a.RequestMappingHandlerMapping : Mapped to com.finclear.api.AuthController#login(Login)
2026-08-15T20:51:28.654+05:30 DEBUG 10736 --- [nio-8080-exec-2] m.m.a.RequestResponseBodyMethodProcessor : Read "application/json;charset=UTF-8" to [Login[email=admin@finclear.local, password=Admin@12345]]
2026-08-15T20:51:28.654+05:30 DEBUG 10736 --- [nio-8080-exec-2] org.hibernate.SQL                        : select u1_0.id,u1_0.created_at,u1_0.email,u1_0.enabled,u1_0.password_hash,u1_0.role from users u1_0 where u1_0.email=?
2026-08-15T20:51:28.855+05:30 DEBUG 10736 --- [nio-8080-exec-2] m.m.a.RequestResponseBodyMethodProcessor : Using 'application/json', given [*/*] and supported [application/json, application/*+json, application/yaml]
2026-08-15T20:51:28.872+05:30 DEBUG 10736 --- [nio-8080-exec-2] m.m.a.RequestResponseBodyMethodProcessor : Writing [Token[token=eyJhbGciOiJIUzUxMiJ9.eyJzdWIiOiJhZG1pbkBmaW5jbGVhci5sb2NhbCIsInJvbGUiOiJBRE1JTiIsImlhdCI (truncated)...]
2026-08-15T20:51:28.874+05:30 DEBUG 10736 --- [nio-8080-exec-2] o.s.web.servlet.DispatcherServlet        : Completed 200 OK
2026-08-15T20:51:28.974+05:30 DEBUG 10736 --- [nio-8080-exec-1] o.s.web.servlet.DispatcherServlet        : GET "/api/v1/control/overview", parameters={}
2026-08-15T20:51:28.975+05:30 DEBUG 10736 --- [nio-8080-exec-1] s.w.s.m.m.a.RequestMappingHandlerMapping : Mapped to com.finclear.api.ControlCenterController#overview()
2026-08-15T20:51:28.975+05:30 DEBUG 10736 --- [nio-8080-exec-1] org.hibernate.SQL                        : select p1_0.id,p1_0.amount,p1_0.created_at,p1_0.currency,p1_0.idempotency_key,p1_0.merchant,p1_0.payer_account_id,p1_0.status,p1_0.updated_at from payments p1_0 order by p1_0.created_at desc fetch first ? rows only
2026-08-15T20:51:28.980+05:30 DEBUG 10736 --- [nio-8080-exec-7] o.s.web.servlet.DispatcherServlet        : GET "/api/v1/control/exceptions", parameters={}
2026-08-15T20:51:28.982+05:30 DEBUG 10736 --- [nio-8080-exec-7] s.w.s.m.m.a.RequestMappingHandlerMapping : Mapped to com.finclear.api.ControlCenterController#cases()
2026-08-15T20:51:28.982+05:30 DEBUG 10736 --- [nio-8080-exec-8] o.s.web.servlet.DispatcherServlet        : GET "/api/v1/payments", parameters={}
2026-08-15T20:51:28.982+05:30 DEBUG 10736 --- [nio-8080-exec-9] o.s.web.servlet.DispatcherServlet        : GET "/api/v1/control/explain", parameters={}
2026-08-15T20:51:28.982+05:30 DEBUG 10736 --- [nio-8080-exec-5] o.s.web.servlet.DispatcherServlet        : GET "/api/v1/accounts", parameters={}
2026-08-15T20:51:28.982+05:30 DEBUG 10736 --- [nio-8080-exec-1] org.hibernate.SQL                        : select a1_0.id,a1_0.account_number,a1_0.available_balance,a1_0.created_at,a1_0.currency,a1_0.status,a1_0.user_id,a1_0.version from accounts a1_0
2026-08-15T20:51:28.982+05:30 DEBUG 10736 --- [nio-8080-exec-8] s.w.s.m.m.a.RequestMappingHandlerMapping : Mapped to com.finclear.api.PaymentController#latest()
2026-08-15T20:51:28.982+05:30 DEBUG 10736 --- [nio-8080-exec-9] s.w.s.m.m.a.RequestMappingHandlerMapping : Mapped to com.finclear.api.ControlCenterController#explain()
2026-08-15T20:51:28.982+05:30 DEBUG 10736 --- [nio-8080-exec-5] s.w.s.m.m.a.RequestMappingHandlerMapping : Mapped to com.finclear.api.AccountController#all(Authentication)
2026-08-15T20:51:28.982+05:30 DEBUG 10736 --- [nio-8080-exec-7] org.hibernate.SQL                        : select ec1_0.id,ec1_0.amount,ec1_0.category,ec1_0.created_at,ec1_0.currency,ec1_0.evidence,ec1_0.owner,ec1_0.severity,ec1_0.status,ec1_0.title,ec1_0.updated_at from exception_cases ec1_0 order by ec1_0.created_at desc
2026-08-15T20:51:28.989+05:30 DEBUG 10736 --- [nio-8080-exec-8] org.hibernate.SQL                        : select p1_0.id,p1_0.amount,p1_0.created_at,p1_0.currency,p1_0.idempotency_key,p1_0.merchant,p1_0.payer_account_id,p1_0.status,p1_0.updated_at from payments p1_0 order by p1_0.created_at desc fetch first ? rows only
2026-08-15T20:51:28.989+05:30 DEBUG 10736 --- [nio-8080-exec-9] org.hibernate.SQL                        : select ec1_0.id,ec1_0.amount,ec1_0.category,ec1_0.created_at,ec1_0.currency,ec1_0.evidence,ec1_0.owner,ec1_0.severity,ec1_0.status,ec1_0.title,ec1_0.updated_at from exception_cases ec1_0 order by ec1_0.created_at desc
2026-08-15T20:51:28.989+05:30 DEBUG 10736 --- [nio-8080-exec-1] org.hibernate.SQL                        : select ec1_0.id,ec1_0.amount,ec1_0.category,ec1_0.created_at,ec1_0.currency,ec1_0.evidence,ec1_0.owner,ec1_0.severity,ec1_0.status,ec1_0.title,ec1_0.updated_at from exception_cases ec1_0 order by ec1_0.created_at desc
2026-08-15T20:51:28.990+05:30 DEBUG 10736 --- [nio-8080-exec-7] m.m.a.RequestResponseBodyMethodProcessor : Using 'application/json', given [*/*] and supported [application/json, application/*+json, application/yaml]
2026-08-15T20:51:28.990+05:30 DEBUG 10736 --- [nio-8080-exec-7] m.m.a.RequestResponseBodyMethodProcessor : Writing [[{owner=Nisha � Payments Ops, title=Gateway settlement missing for captured payments, id=d9ebf868-67 (truncated)...]
2026-08-15T20:51:28.992+05:30 DEBUG 10736 --- [nio-8080-exec-5] org.hibernate.SQL                        : select a1_0.id,a1_0.account_number,a1_0.available_balance,a1_0.created_at,a1_0.currency,a1_0.status,a1_0.user_id,a1_0.version from accounts a1_0
2026-08-15T20:51:28.992+05:30 DEBUG 10736 --- [nio-8080-exec-9] m.m.a.RequestResponseBodyMethodProcessor : Using 'application/json', given [*/*] and supported [application/json, application/*+json, application/yaml]
2026-08-15T20:51:28.992+05:30 DEBUG 10736 --- [nio-8080-exec-7] o.s.web.servlet.DispatcherServlet        : Completed 200 OK
2026-08-15T20:51:28.994+05:30 DEBUG 10736 --- [nio-8080-exec-9] m.m.a.RequestResponseBodyMethodProcessor : Writing [{summary=3 exceptions account for 629250.00 INR of operational exposure., headline=Money needs atten (truncated)...]
2026-08-15T20:51:28.994+05:30 DEBUG 10736 --- [nio-8080-exec-8] m.m.a.RequestResponseBodyMethodProcessor : Using 'application/json', given [*/*] and supported [application/json, application/*+json, application/yaml]
2026-08-15T20:51:28.996+05:30 DEBUG 10736 --- [nio-8080-exec-8] m.m.a.RequestResponseBodyMethodProcessor : Writing [[]]
2026-08-15T20:51:28.994+05:30 DEBUG 10736 --- [nio-8080-exec-1] m.m.a.RequestResponseBodyMethodProcessor : Using 'application/json', given [*/*] and supported [application/json, application/*+json, application/yaml]
2026-08-15T20:51:28.994+05:30 DEBUG 10736 --- [nio-8080-exec-9] o.s.web.servlet.DispatcherServlet        : Completed 200 OK
2026-08-15T20:51:28.996+05:30 DEBUG 10736 --- [nio-8080-exec-1] m.m.a.RequestResponseBodyMethodProcessor : Writing [{exposure=629250.0000, openExceptions=3, availableBalance=2667600.0000, settlementHealth=ATTENTION,  (truncated)...]
2026-08-15T20:51:28.998+05:30 DEBUG 10736 --- [nio-8080-exec-8] o.s.web.servlet.DispatcherServlet        : Completed 200 OK
2026-08-15T20:51:28.999+05:30 DEBUG 10736 --- [nio-8080-exec-5] m.m.a.RequestResponseBodyMethodProcessor : Using 'application/json', given [*/*] and supported [application/json, application/*+json, application/yaml]
2026-08-15T20:51:28.999+05:30 DEBUG 10736 --- [nio-8080-exec-1] o.s.web.servlet.DispatcherServlet        : Completed 200 OK
2026-08-15T20:51:29.000+05:30 DEBUG 10736 --- [nio-8080-exec-5] m.m.a.RequestResponseBodyMethodProcessor : Writing [[{accountNumber=FC-100001, id=4e894728-ee87-4744-9b5e-e340a4d8741b, balance=1842680.0000, currency=I (truncated)...]
2026-08-15T20:51:29.000+05:30 DEBUG 10736 --- [nio-8080-exec-5] o.s.web.servlet.DispatcherServlet        : Completed 200 OK
2026-08-15T20:51:33.930+05:30 DEBUG 10736 --- [nio-8080-exec-4] o.s.web.servlet.DispatcherServlet        : GET "/api/v1/control/overview", parameters={}
2026-08-15T20:51:33.938+05:30 DEBUG 10736 --- [io-8080-exec-10] o.s.web.servlet.DispatcherServlet        : GET "/api/v1/payments", parameters={}
2026-08-15T20:51:33.938+05:30 DEBUG 10736 --- [nio-8080-exec-6] o.s.web.servlet.DispatcherServlet        : GET "/api/v1/accounts", parameters={}
2026-08-15T20:51:33.938+05:30 DEBUG 10736 --- [nio-8080-exec-3] o.s.web.servlet.DispatcherServlet        : GET "/api/v1/control/exceptions", parameters={}
2026-08-15T20:51:33.938+05:30 DEBUG 10736 --- [nio-8080-exec-2] o.s.web.servlet.DispatcherServlet        : GET "/api/v1/control/explain", parameters={}
2026-08-15T20:51:33.939+05:30 DEBUG 10736 --- [nio-8080-exec-4] s.w.s.m.m.a.RequestMappingHandlerMapping : Mapped to com.finclear.api.ControlCenterController#overview()
2026-08-15T20:51:33.939+05:30 DEBUG 10736 --- [io-8080-exec-10] s.w.s.m.m.a.RequestMappingHandlerMapping : Mapped to com.finclear.api.PaymentController#latest()
2026-08-15T20:51:33.939+05:30 DEBUG 10736 --- [nio-8080-exec-6] s.w.s.m.m.a.RequestMappingHandlerMapping : Mapped to com.finclear.api.AccountController#all(Authentication)
2026-08-15T20:51:33.939+05:30 DEBUG 10736 --- [nio-8080-exec-3] s.w.s.m.m.a.RequestMappingHandlerMapping : Mapped to com.finclear.api.ControlCenterController#cases()
2026-08-15T20:51:33.939+05:30 DEBUG 10736 --- [nio-8080-exec-2] s.w.s.m.m.a.RequestMappingHandlerMapping : Mapped to com.finclear.api.ControlCenterController#explain()
2026-08-15T20:51:33.944+05:30 DEBUG 10736 --- [nio-8080-exec-4] org.hibernate.SQL                        : select p1_0.id,p1_0.amount,p1_0.created_at,p1_0.currency,p1_0.idempotency_key,p1_0.merchant,p1_0.payer_account_id,p1_0.status,p1_0.updated_at from payments p1_0 order by p1_0.created_at desc fetch first ? rows only
2026-08-15T20:51:33.944+05:30 DEBUG 10736 --- [io-8080-exec-10] org.hibernate.SQL                        : select p1_0.id,p1_0.amount,p1_0.created_at,p1_0.currency,p1_0.idempotency_key,p1_0.merchant,p1_0.payer_account_id,p1_0.status,p1_0.updated_at from payments p1_0 order by p1_0.created_at desc fetch first ? rows only
2026-08-15T20:51:33.950+05:30 DEBUG 10736 --- [nio-8080-exec-2] org.hibernate.SQL                        : select ec1_0.id,ec1_0.amount,ec1_0.category,ec1_0.created_at,ec1_0.currency,ec1_0.evidence,ec1_0.owner,ec1_0.severity,ec1_0.status,ec1_0.title,ec1_0.updated_at from exception_cases ec1_0 order by ec1_0.created_at desc
2026-08-15T20:51:33.948+05:30 DEBUG 10736 --- [nio-8080-exec-6] org.hibernate.SQL                        : select a1_0.id,a1_0.account_number,a1_0.available_balance,a1_0.created_at,a1_0.currency,a1_0.status,a1_0.user_id,a1_0.version from accounts a1_0
2026-08-15T20:51:33.954+05:30 DEBUG 10736 --- [nio-8080-exec-4] org.hibernate.SQL                        : select a1_0.id,a1_0.account_number,a1_0.available_balance,a1_0.created_at,a1_0.currency,a1_0.status,a1_0.user_id,a1_0.version from accounts a1_0
2026-08-15T20:51:33.952+05:30 DEBUG 10736 --- [nio-8080-exec-3] org.hibernate.SQL                        : select ec1_0.id,ec1_0.amount,ec1_0.category,ec1_0.created_at,ec1_0.currency,ec1_0.evidence,ec1_0.owner,ec1_0.severity,ec1_0.status,ec1_0.title,ec1_0.updated_at from exception_cases ec1_0 order by ec1_0.created_at desc
2026-08-15T20:51:33.952+05:30 DEBUG 10736 --- [io-8080-exec-10] m.m.a.RequestResponseBodyMethodProcessor : Using 'application/json', given [*/*] and supported [application/json, application/*+json, application/yaml]
2026-08-15T20:51:33.956+05:30 DEBUG 10736 --- [nio-8080-exec-6] m.m.a.RequestResponseBodyMethodProcessor : Using 'application/json', given [*/*] and supported [application/json, application/*+json, application/yaml]
2026-08-15T20:51:33.954+05:30 DEBUG 10736 --- [nio-8080-exec-2] m.m.a.RequestResponseBodyMethodProcessor : Using 'application/json', given [*/*] and supported [application/json, application/*+json, application/yaml]
2026-08-15T20:51:33.956+05:30 DEBUG 10736 --- [io-8080-exec-10] m.m.a.RequestResponseBodyMethodProcessor : Writing [[]]
2026-08-15T20:51:33.956+05:30 DEBUG 10736 --- [nio-8080-exec-4] org.hibernate.SQL                        : select ec1_0.id,ec1_0.amount,ec1_0.category,ec1_0.created_at,ec1_0.currency,ec1_0.evidence,ec1_0.owner,ec1_0.severity,ec1_0.status,ec1_0.title,ec1_0.updated_at from exception_cases ec1_0 order by ec1_0.created_at desc
2026-08-15T20:51:33.956+05:30 DEBUG 10736 --- [nio-8080-exec-6] m.m.a.RequestResponseBodyMethodProcessor : Writing [[{accountNumber=FC-100001, id=4e894728-ee87-4744-9b5e-e340a4d8741b, balance=1842680.0000, currency=I (truncated)...]
2026-08-15T20:51:33.956+05:30 DEBUG 10736 --- [nio-8080-exec-2] m.m.a.RequestResponseBodyMethodProcessor : Writing [{summary=3 exceptions account for 629250.00 INR of operational exposure., headline=Money needs atten (truncated)...]
2026-08-15T20:51:33.956+05:30 DEBUG 10736 --- [nio-8080-exec-3] m.m.a.RequestResponseBodyMethodProcessor : Using 'application/json', given [*/*] and supported [application/json, application/*+json, application/yaml]
2026-08-15T20:51:33.956+05:30 DEBUG 10736 --- [io-8080-exec-10] o.s.web.servlet.DispatcherServlet        : Completed 200 OK
2026-08-15T20:51:33.956+05:30 DEBUG 10736 --- [nio-8080-exec-6] o.s.web.servlet.DispatcherServlet        : Completed 200 OK
2026-08-15T20:51:33.963+05:30 DEBUG 10736 --- [nio-8080-exec-4] m.m.a.RequestResponseBodyMethodProcessor : Using 'application/json', given [*/*] and supported [application/json, application/*+json, application/yaml]
2026-08-15T20:51:33.956+05:30 DEBUG 10736 --- [nio-8080-exec-2] o.s.web.servlet.DispatcherServlet        : Completed 200 OK
2026-08-15T20:51:33.956+05:30 DEBUG 10736 --- [nio-8080-exec-3] m.m.a.RequestResponseBodyMethodProcessor : Writing [[{owner=Nisha � Payments Ops, title=Gateway settlement missing for captured payments, id=d9ebf868-67 (truncated)...]
2026-08-15T20:51:33.963+05:30 DEBUG 10736 --- [nio-8080-exec-4] m.m.a.RequestResponseBodyMethodProcessor : Writing [{exposure=629250.0000, openExceptions=3, availableBalance=2667600.0000, settlementHealth=ATTENTION,  (truncated)...]
2026-08-15T20:51:33.967+05:30 DEBUG 10736 --- [nio-8080-exec-3] o.s.web.servlet.DispatcherServlet        : Completed 200 OK
2026-08-15T20:51:33.967+05:30 DEBUG 10736 --- [nio-8080-exec-4] o.s.web.servlet.DispatcherServlet        : Completed 200 OK
2026-08-15T20:51:38.933+05:30 DEBUG 10736 --- [nio-8080-exec-1] o.s.web.servlet.DispatcherServlet        : GET "/api/v1/control/overview", parameters={}
2026-08-15T20:51:38.941+05:30 DEBUG 10736 --- [nio-8080-exec-5] o.s.web.servlet.DispatcherServlet        : GET "/api/v1/control/explain", parameters={}
2026-08-15T20:51:38.933+05:30 DEBUG 10736 --- [nio-8080-exec-7] o.s.web.servlet.DispatcherServlet        : GET "/api/v1/control/exceptions", parameters={}
2026-08-15T20:51:38.933+05:30 DEBUG 10736 --- [nio-8080-exec-8] o.s.web.servlet.DispatcherServlet        : GET "/api/v1/payments", parameters={}
2026-08-15T20:51:38.941+05:30 DEBUG 10736 --- [nio-8080-exec-9] o.s.web.servlet.DispatcherServlet        : GET "/api/v1/accounts", parameters={}
2026-08-15T20:51:38.941+05:30 DEBUG 10736 --- [nio-8080-exec-1] s.w.s.m.m.a.RequestMappingHandlerMapping : Mapped to com.finclear.api.ControlCenterController#overview()
2026-08-15T20:51:38.941+05:30 DEBUG 10736 --- [nio-8080-exec-5] s.w.s.m.m.a.RequestMappingHandlerMapping : Mapped to com.finclear.api.ControlCenterController#explain()
2026-08-15T20:51:38.941+05:30 DEBUG 10736 --- [nio-8080-exec-7] s.w.s.m.m.a.RequestMappingHandlerMapping : Mapped to com.finclear.api.ControlCenterController#cases()
2026-08-15T20:51:38.941+05:30 DEBUG 10736 --- [nio-8080-exec-8] s.w.s.m.m.a.RequestMappingHandlerMapping : Mapped to com.finclear.api.PaymentController#latest()
2026-08-15T20:51:38.941+05:30 DEBUG 10736 --- [nio-8080-exec-9] s.w.s.m.m.a.RequestMappingHandlerMapping : Mapped to com.finclear.api.AccountController#all(Authentication)
2026-08-15T20:51:38.946+05:30 DEBUG 10736 --- [nio-8080-exec-1] org.hibernate.SQL                        : select p1_0.id,p1_0.amount,p1_0.created_at,p1_0.currency,p1_0.idempotency_key,p1_0.merchant,p1_0.payer_account_id,p1_0.status,p1_0.updated_at from payments p1_0 order by p1_0.created_at desc fetch first ? rows only
2026-08-15T20:51:38.946+05:30 DEBUG 10736 --- [nio-8080-exec-5] org.hibernate.SQL                        : select ec1_0.id,ec1_0.amount,ec1_0.category,ec1_0.created_at,ec1_0.currency,ec1_0.evidence,ec1_0.owner,ec1_0.severity,ec1_0.status,ec1_0.title,ec1_0.updated_at from exception_cases ec1_0 order by ec1_0.created_at desc
2026-08-15T20:51:38.948+05:30 DEBUG 10736 --- [nio-8080-exec-7] org.hibernate.SQL                        : select ec1_0.id,ec1_0.amount,ec1_0.category,ec1_0.created_at,ec1_0.currency,ec1_0.evidence,ec1_0.owner,ec1_0.severity,ec1_0.status,ec1_0.title,ec1_0.updated_at from exception_cases ec1_0 order by ec1_0.created_at desc
2026-08-15T20:51:38.948+05:30 DEBUG 10736 --- [nio-8080-exec-8] org.hibernate.SQL                        : select p1_0.id,p1_0.amount,p1_0.created_at,p1_0.currency,p1_0.idempotency_key,p1_0.merchant,p1_0.payer_account_id,p1_0.status,p1_0.updated_at from payments p1_0 order by p1_0.created_at desc fetch first ? rows only
2026-08-15T20:51:38.948+05:30 DEBUG 10736 --- [nio-8080-exec-9] org.hibernate.SQL                        : select a1_0.id,a1_0.account_number,a1_0.available_balance,a1_0.created_at,a1_0.currency,a1_0.status,a1_0.user_id,a1_0.version from accounts a1_0
2026-08-15T20:51:38.951+05:30 DEBUG 10736 --- [nio-8080-exec-1] org.hibernate.SQL                        : select a1_0.id,a1_0.account_number,a1_0.available_balance,a1_0.created_at,a1_0.currency,a1_0.status,a1_0.user_id,a1_0.version from accounts a1_0
2026-08-15T20:51:38.948+05:30 DEBUG 10736 --- [nio-8080-exec-5] m.m.a.RequestResponseBodyMethodProcessor : Using 'application/json', given [*/*] and supported [application/json, application/*+json, application/yaml]
2026-08-15T20:51:38.951+05:30 DEBUG 10736 --- [nio-8080-exec-7] m.m.a.RequestResponseBodyMethodProcessor : Using 'application/json', given [*/*] and supported [application/json, application/*+json, application/yaml]
2026-08-15T20:51:38.951+05:30 DEBUG 10736 --- [nio-8080-exec-8] m.m.a.RequestResponseBodyMethodProcessor : Using 'application/json', given [*/*] and supported [application/json, application/*+json, application/yaml]
2026-08-15T20:51:38.954+05:30 DEBUG 10736 --- [nio-8080-exec-5] m.m.a.RequestResponseBodyMethodProcessor : Writing [{summary=3 exceptions account for 629250.00 INR of operational exposure., headline=Money needs atten (truncated)...]
2026-08-15T20:51:38.954+05:30 DEBUG 10736 --- [nio-8080-exec-9] m.m.a.RequestResponseBodyMethodProcessor : Using 'application/json', given [*/*] and supported [application/json, application/*+json, application/yaml]
2026-08-15T20:51:38.954+05:30 DEBUG 10736 --- [nio-8080-exec-7] m.m.a.RequestResponseBodyMethodProcessor : Writing [[{owner=Nisha � Payments Ops, title=Gateway settlement missing for captured payments, id=d9ebf868-67 (truncated)...]
2026-08-15T20:51:38.954+05:30 DEBUG 10736 --- [nio-8080-exec-8] m.m.a.RequestResponseBodyMethodProcessor : Writing [[]]
2026-08-15T20:51:38.956+05:30 DEBUG 10736 --- [nio-8080-exec-9] m.m.a.RequestResponseBodyMethodProcessor : Writing [[{accountNumber=FC-100001, id=4e894728-ee87-4744-9b5e-e340a4d8741b, balance=1842680.0000, currency=I (truncated)...]
2026-08-15T20:51:38.956+05:30 DEBUG 10736 --- [nio-8080-exec-5] o.s.web.servlet.DispatcherServlet        : Completed 200 OK
2026-08-15T20:51:38.957+05:30 DEBUG 10736 --- [nio-8080-exec-1] org.hibernate.SQL                        : select ec1_0.id,ec1_0.amount,ec1_0.category,ec1_0.created_at,ec1_0.currency,ec1_0.evidence,ec1_0.owner,ec1_0.severity,ec1_0.status,ec1_0.title,ec1_0.updated_at from exception_cases ec1_0 order by ec1_0.created_at desc
2026-08-15T20:51:38.957+05:30 DEBUG 10736 --- [nio-8080-exec-7] o.s.web.servlet.DispatcherServlet        : Completed 200 OK
2026-08-15T20:51:38.957+05:30 DEBUG 10736 --- [nio-8080-exec-8] o.s.web.servlet.DispatcherServlet        : Completed 200 OK
2026-08-15T20:51:38.957+05:30 DEBUG 10736 --- [nio-8080-exec-9] o.s.web.servlet.DispatcherServlet        : Completed 200 OK
2026-08-15T20:51:38.961+05:30 DEBUG 10736 --- [nio-8080-exec-1] m.m.a.RequestResponseBodyMethodProcessor : Using 'application/json', given [*/*] and supported [application/json, application/*+json, application/yaml]
2026-08-15T20:51:38.962+05:30 DEBUG 10736 --- [nio-8080-exec-1] m.m.a.RequestResponseBodyMethodProcessor : Writing [{exposure=629250.0000, openExceptions=3, availableBalance=2667600.0000, settlementHealth=ATTENTION,  (truncated)...]
2026-08-15T20:51:38.962+05:30 DEBUG 10736 --- [nio-8080-exec-1] o.s.web.servlet.DispatcherServlet        : Completed 200 OK
2026-08-15T20:51:43.918+05:30 DEBUG 10736 --- [nio-8080-exec-5] o.s.web.servlet.DispatcherServlet        : GET "/api/v1/control/overview", parameters={}
2026-08-15T20:51:43.926+05:30 DEBUG 10736 --- [nio-8080-exec-8] o.s.web.servlet.DispatcherServlet        : GET "/api/v1/payments", parameters={}
2026-08-15T20:51:43.926+05:30 DEBUG 10736 --- [nio-8080-exec-7] o.s.web.servlet.DispatcherServlet        : GET "/api/v1/control/exceptions", parameters={}
2026-08-15T20:51:43.927+05:30 DEBUG 10736 --- [nio-8080-exec-9] o.s.web.servlet.DispatcherServlet        : GET "/api/v1/accounts", parameters={}
2026-08-15T20:51:43.929+05:30 DEBUG 10736 --- [nio-8080-exec-1] o.s.web.servlet.DispatcherServlet        : GET "/api/v1/control/explain", parameters={}
2026-08-15T20:51:43.931+05:30 DEBUG 10736 --- [nio-8080-exec-5] s.w.s.m.m.a.RequestMappingHandlerMapping : Mapped to com.finclear.api.ControlCenterController#overview()
2026-08-15T20:51:43.931+05:30 DEBUG 10736 --- [nio-8080-exec-8] s.w.s.m.m.a.RequestMappingHandlerMapping : Mapped to com.finclear.api.PaymentController#latest()
2026-08-15T20:51:43.931+05:30 DEBUG 10736 --- [nio-8080-exec-7] s.w.s.m.m.a.RequestMappingHandlerMapping : Mapped to com.finclear.api.ControlCenterController#cases()
2026-08-15T20:51:43.931+05:30 DEBUG 10736 --- [nio-8080-exec-9] s.w.s.m.m.a.RequestMappingHandlerMapping : Mapped to com.finclear.api.AccountController#all(Authentication)
2026-08-15T20:51:43.931+05:30 DEBUG 10736 --- [nio-8080-exec-1] s.w.s.m.m.a.RequestMappingHandlerMapping : Mapped to com.finclear.api.ControlCenterController#explain()
2026-08-15T20:51:43.935+05:30 DEBUG 10736 --- [nio-8080-exec-8] org.hibernate.SQL                        : select p1_0.id,p1_0.amount,p1_0.created_at,p1_0.currency,p1_0.idempotency_key,p1_0.merchant,p1_0.payer_account_id,p1_0.status,p1_0.updated_at from payments p1_0 order by p1_0.created_at desc fetch first ? rows only
2026-08-15T20:51:43.935+05:30 DEBUG 10736 --- [nio-8080-exec-5] org.hibernate.SQL                        : select p1_0.id,p1_0.amount,p1_0.created_at,p1_0.currency,p1_0.idempotency_key,p1_0.merchant,p1_0.payer_account_id,p1_0.status,p1_0.updated_at from payments p1_0 order by p1_0.created_at desc fetch first ? rows only
2026-08-15T20:51:43.937+05:30 DEBUG 10736 --- [nio-8080-exec-1] org.hibernate.SQL                        : select ec1_0.id,ec1_0.amount,ec1_0.category,ec1_0.created_at,ec1_0.currency,ec1_0.evidence,ec1_0.owner,ec1_0.severity,ec1_0.status,ec1_0.title,ec1_0.updated_at from exception_cases ec1_0 order by ec1_0.created_at desc
2026-08-15T20:51:43.937+05:30 DEBUG 10736 --- [nio-8080-exec-7] org.hibernate.SQL                        : select ec1_0.id,ec1_0.amount,ec1_0.category,ec1_0.created_at,ec1_0.currency,ec1_0.evidence,ec1_0.owner,ec1_0.severity,ec1_0.status,ec1_0.title,ec1_0.updated_at from exception_cases ec1_0 order by ec1_0.created_at desc
2026-08-15T20:51:43.943+05:30 DEBUG 10736 --- [nio-8080-exec-1] m.m.a.RequestResponseBodyMethodProcessor : Using 'application/json', given [*/*] and supported [application/json, application/*+json, application/yaml]
2026-08-15T20:51:43.937+05:30 DEBUG 10736 --- [nio-8080-exec-9] org.hibernate.SQL                        : select a1_0.id,a1_0.account_number,a1_0.available_balance,a1_0.created_at,a1_0.currency,a1_0.status,a1_0.user_id,a1_0.version from accounts a1_0
2026-08-15T20:51:43.943+05:30 DEBUG 10736 --- [nio-8080-exec-1] m.m.a.RequestResponseBodyMethodProcessor : Writing [{summary=3 exceptions account for 629250.00 INR of operational exposure., headline=Money needs atten (truncated)...]
2026-08-15T20:51:43.945+05:30 DEBUG 10736 --- [nio-8080-exec-9] m.m.a.RequestResponseBodyMethodProcessor : Using 'application/json', given [*/*] and supported [application/json, application/*+json, application/yaml]
2026-08-15T20:51:43.941+05:30 DEBUG 10736 --- [nio-8080-exec-8] m.m.a.RequestResponseBodyMethodProcessor : Using 'application/json', given [*/*] and supported [application/json, application/*+json, application/yaml]
2026-08-15T20:51:43.943+05:30 DEBUG 10736 --- [nio-8080-exec-5] org.hibernate.SQL                        : select a1_0.id,a1_0.account_number,a1_0.available_balance,a1_0.created_at,a1_0.currency,a1_0.status,a1_0.user_id,a1_0.version from accounts a1_0
2026-08-15T20:51:43.943+05:30 DEBUG 10736 --- [nio-8080-exec-7] m.m.a.RequestResponseBodyMethodProcessor : Using 'application/json', given [*/*] and supported [application/json, application/*+json, application/yaml]
2026-08-15T20:51:43.946+05:30 DEBUG 10736 --- [nio-8080-exec-1] o.s.web.servlet.DispatcherServlet        : Completed 200 OK
2026-08-15T20:51:43.946+05:30 DEBUG 10736 --- [nio-8080-exec-9] m.m.a.RequestResponseBodyMethodProcessor : Writing [[{accountNumber=FC-100001, id=4e894728-ee87-4744-9b5e-e340a4d8741b, balance=1842680.0000, currency=I (truncated)...]
2026-08-15T20:51:43.948+05:30 DEBUG 10736 --- [nio-8080-exec-8] m.m.a.RequestResponseBodyMethodProcessor : Writing [[]]
2026-08-15T20:51:43.949+05:30 DEBUG 10736 --- [nio-8080-exec-7] m.m.a.RequestResponseBodyMethodProcessor : Writing [[{owner=Nisha � Payments Ops, title=Gateway settlement missing for captured payments, id=d9ebf868-67 (truncated)...]
2026-08-15T20:51:43.951+05:30 DEBUG 10736 --- [nio-8080-exec-9] o.s.web.servlet.DispatcherServlet        : Completed 200 OK
2026-08-15T20:51:43.951+05:30 DEBUG 10736 --- [nio-8080-exec-5] org.hibernate.SQL                        : select ec1_0.id,ec1_0.amount,ec1_0.category,ec1_0.created_at,ec1_0.currency,ec1_0.evidence,ec1_0.owner,ec1_0.severity,ec1_0.status,ec1_0.title,ec1_0.updated_at from exception_cases ec1_0 order by ec1_0.created_at desc
2026-08-15T20:51:43.956+05:30 DEBUG 10736 --- [nio-8080-exec-7] o.s.web.servlet.DispatcherServlet        : Completed 200 OK
2026-08-15T20:51:43.953+05:30 DEBUG 10736 --- [nio-8080-exec-8] o.s.web.servlet.DispatcherServlet        : Completed 200 OK
2026-08-15T20:51:43.965+05:30 DEBUG 10736 --- [nio-8080-exec-5] m.m.a.RequestResponseBodyMethodProcessor : Using 'application/json', given [*/*] and supported [application/json, application/*+json, application/yaml]
2026-08-15T20:51:43.965+05:30 DEBUG 10736 --- [nio-8080-exec-5] m.m.a.RequestResponseBodyMethodProcessor : Writing [{exposure=629250.0000, openExceptions=3, availableBalance=2667600.0000, settlementHealth=ATTENTION,  (truncated)...]
2026-08-15T20:51:43.965+05:30 DEBUG 10736 --- [nio-8080-exec-5] o.s.web.servlet.DispatcherServlet        : Completed 200 OK
2026-08-15T20:51:49.549+05:30 DEBUG 10736 --- [nio-8080-exec-3] o.s.web.servlet.DispatcherServlet        : GET "/api/v1/control/overview", parameters={}
2026-08-15T20:51:49.556+05:30 DEBUG 10736 --- [nio-8080-exec-6] o.s.web.servlet.DispatcherServlet        : GET "/api/v1/control/exceptions", parameters={}
2026-08-15T20:51:49.556+05:30 DEBUG 10736 --- [nio-8080-exec-2] o.s.web.servlet.DispatcherServlet        : GET "/api/v1/payments", parameters={}
2026-08-15T20:51:49.556+05:30 DEBUG 10736 --- [nio-8080-exec-4] o.s.web.servlet.DispatcherServlet        : GET "/api/v1/accounts", parameters={}
2026-08-15T20:51:49.556+05:30 DEBUG 10736 --- [io-8080-exec-10] o.s.web.servlet.DispatcherServlet        : GET "/api/v1/control/explain", parameters={}
2026-08-15T20:51:49.558+05:30 DEBUG 10736 --- [nio-8080-exec-3] s.w.s.m.m.a.RequestMappingHandlerMapping : Mapped to com.finclear.api.ControlCenterController#overview()
2026-08-15T20:51:49.558+05:30 DEBUG 10736 --- [nio-8080-exec-6] s.w.s.m.m.a.RequestMappingHandlerMapping : Mapped to com.finclear.api.ControlCenterController#cases()
2026-08-15T20:51:49.558+05:30 DEBUG 10736 --- [nio-8080-exec-2] s.w.s.m.m.a.RequestMappingHandlerMapping : Mapped to com.finclear.api.PaymentController#latest()
2026-08-15T20:51:49.558+05:30 DEBUG 10736 --- [nio-8080-exec-4] s.w.s.m.m.a.RequestMappingHandlerMapping : Mapped to com.finclear.api.AccountController#all(Authentication)
2026-08-15T20:51:49.558+05:30 DEBUG 10736 --- [io-8080-exec-10] s.w.s.m.m.a.RequestMappingHandlerMapping : Mapped to com.finclear.api.ControlCenterController#explain()
2026-08-15T20:51:49.558+05:30 DEBUG 10736 --- [nio-8080-exec-6] org.hibernate.SQL                        : select ec1_0.id,ec1_0.amount,ec1_0.category,ec1_0.created_at,ec1_0.currency,ec1_0.evidence,ec1_0.owner,ec1_0.severity,ec1_0.status,ec1_0.title,ec1_0.updated_at from exception_cases ec1_0 order by ec1_0.created_at desc
2026-08-15T20:51:49.558+05:30 DEBUG 10736 --- [nio-8080-exec-3] org.hibernate.SQL                        : select p1_0.id,p1_0.amount,p1_0.created_at,p1_0.currency,p1_0.idempotency_key,p1_0.merchant,p1_0.payer_account_id,p1_0.status,p1_0.updated_at from payments p1_0 order by p1_0.created_at desc fetch first ? rows only
2026-08-15T20:51:49.558+05:30 DEBUG 10736 --- [io-8080-exec-10] org.hibernate.SQL                        : select ec1_0.id,ec1_0.amount,ec1_0.category,ec1_0.created_at,ec1_0.currency,ec1_0.evidence,ec1_0.owner,ec1_0.severity,ec1_0.status,ec1_0.title,ec1_0.updated_at from exception_cases ec1_0 order by ec1_0.created_at desc
2026-08-15T20:51:49.558+05:30 DEBUG 10736 --- [nio-8080-exec-2] org.hibernate.SQL                        : select p1_0.id,p1_0.amount,p1_0.created_at,p1_0.currency,p1_0.idempotency_key,p1_0.merchant,p1_0.payer_account_id,p1_0.status,p1_0.updated_at from payments p1_0 order by p1_0.created_at desc fetch first ? rows only
2026-08-15T20:51:49.558+05:30 DEBUG 10736 --- [nio-8080-exec-4] org.hibernate.SQL                        : select a1_0.id,a1_0.account_number,a1_0.available_balance,a1_0.created_at,a1_0.currency,a1_0.status,a1_0.user_id,a1_0.version from accounts a1_0
2026-08-15T20:51:49.564+05:30 DEBUG 10736 --- [nio-8080-exec-6] m.m.a.RequestResponseBodyMethodProcessor : Using 'application/json', given [*/*] and supported [application/json, application/*+json, application/yaml]
2026-08-15T20:51:49.564+05:30 DEBUG 10736 --- [nio-8080-exec-3] org.hibernate.SQL                        : select a1_0.id,a1_0.account_number,a1_0.available_balance,a1_0.created_at,a1_0.currency,a1_0.status,a1_0.user_id,a1_0.version from accounts a1_0
2026-08-15T20:51:49.564+05:30 DEBUG 10736 --- [nio-8080-exec-2] m.m.a.RequestResponseBodyMethodProcessor : Using 'application/json', given [*/*] and supported [application/json, application/*+json, application/yaml]
2026-08-15T20:51:49.564+05:30 DEBUG 10736 --- [nio-8080-exec-6] m.m.a.RequestResponseBodyMethodProcessor : Writing [[{owner=Nisha � Payments Ops, title=Gateway settlement missing for captured payments, id=d9ebf868-67 (truncated)...]
2026-08-15T20:51:49.566+05:30 DEBUG 10736 --- [nio-8080-exec-2] m.m.a.RequestResponseBodyMethodProcessor : Writing [[]]
2026-08-15T20:51:49.566+05:30 DEBUG 10736 --- [nio-8080-exec-4] m.m.a.RequestResponseBodyMethodProcessor : Using 'application/json', given [*/*] and supported [application/json, application/*+json, application/yaml]
2026-08-15T20:51:49.566+05:30 DEBUG 10736 --- [io-8080-exec-10] m.m.a.RequestResponseBodyMethodProcessor : Using 'application/json', given [*/*] and supported [application/json, application/*+json, application/yaml]
2026-08-15T20:51:49.566+05:30 DEBUG 10736 --- [nio-8080-exec-2] o.s.web.servlet.DispatcherServlet        : Completed 200 OK
2026-08-15T20:51:49.566+05:30 DEBUG 10736 --- [nio-8080-exec-4] m.m.a.RequestResponseBodyMethodProcessor : Writing [[{accountNumber=FC-100001, id=4e894728-ee87-4744-9b5e-e340a4d8741b, balance=1842680.0000, currency=I (truncated)...]
2026-08-15T20:51:49.566+05:30 DEBUG 10736 --- [nio-8080-exec-6] o.s.web.servlet.DispatcherServlet        : Completed 200 OK
2026-08-15T20:51:49.566+05:30 DEBUG 10736 --- [io-8080-exec-10] m.m.a.RequestResponseBodyMethodProcessor : Writing [{summary=3 exceptions account for 629250.00 INR of operational exposure., headline=Money needs atten (truncated)...]
2026-08-15T20:51:49.570+05:30 DEBUG 10736 --- [nio-8080-exec-3] org.hibernate.SQL                        : select ec1_0.id,ec1_0.amount,ec1_0.category,ec1_0.created_at,ec1_0.currency,ec1_0.evidence,ec1_0.owner,ec1_0.severity,ec1_0.status,ec1_0.title,ec1_0.updated_at from exception_cases ec1_0 order by ec1_0.created_at desc
2026-08-15T20:51:49.570+05:30 DEBUG 10736 --- [nio-8080-exec-4] o.s.web.servlet.DispatcherServlet        : Completed 200 OK
2026-08-15T20:51:49.572+05:30 DEBUG 10736 --- [io-8080-exec-10] o.s.web.servlet.DispatcherServlet        : Completed 200 OK
2026-08-15T20:51:49.573+05:30 DEBUG 10736 --- [nio-8080-exec-3] m.m.a.RequestResponseBodyMethodProcessor : Using 'application/json', given [*/*] and supported [application/json, application/*+json, application/yaml]
2026-08-15T20:51:49.573+05:30 DEBUG 10736 --- [nio-8080-exec-3] m.m.a.RequestResponseBodyMethodProcessor : Writing [{exposure=629250.0000, openExceptions=3, availableBalance=2667600.0000, settlementHealth=ATTENTION,  (truncated)...]
2026-08-15T20:51:49.575+05:30 DEBUG 10736 --- [nio-8080-exec-3] o.s.web.servlet.DispatcherServlet        : Completed 200 OK
2026-08-15T20:51:54.561+05:30 DEBUG 10736 --- [nio-8080-exec-2] o.s.web.servlet.DispatcherServlet        : GET "/api/v1/control/overview", parameters={}
2026-08-15T20:51:54.561+05:30 DEBUG 10736 --- [nio-8080-exec-6] o.s.web.servlet.DispatcherServlet        : GET "/api/v1/control/exceptions", parameters={}
2026-08-15T20:51:54.564+05:30 DEBUG 10736 --- [nio-8080-exec-6] s.w.s.m.m.a.RequestMappingHandlerMapping : Mapped to com.finclear.api.ControlCenterController#cases()
2026-08-15T20:51:54.566+05:30 DEBUG 10736 --- [nio-8080-exec-3] o.s.web.servlet.DispatcherServlet        : GET "/api/v1/control/explain", parameters={}
2026-08-15T20:51:54.561+05:30 DEBUG 10736 --- [nio-8080-exec-2] s.w.s.m.m.a.RequestMappingHandlerMapping : Mapped to com.finclear.api.ControlCenterController#overview()
2026-08-15T20:51:54.564+05:30 DEBUG 10736 --- [nio-8080-exec-4] o.s.web.servlet.DispatcherServlet        : GET "/api/v1/payments", parameters={}
2026-08-15T20:51:54.566+05:30 DEBUG 10736 --- [io-8080-exec-10] o.s.web.servlet.DispatcherServlet        : GET "/api/v1/accounts", parameters={}
2026-08-15T20:51:54.566+05:30 DEBUG 10736 --- [nio-8080-exec-3] s.w.s.m.m.a.RequestMappingHandlerMapping : Mapped to com.finclear.api.ControlCenterController#explain()
2026-08-15T20:51:54.566+05:30 DEBUG 10736 --- [nio-8080-exec-6] org.hibernate.SQL                        : select ec1_0.id,ec1_0.amount,ec1_0.category,ec1_0.created_at,ec1_0.currency,ec1_0.evidence,ec1_0.owner,ec1_0.severity,ec1_0.status,ec1_0.title,ec1_0.updated_at from exception_cases ec1_0 order by ec1_0.created_at desc
2026-08-15T20:51:54.566+05:30 DEBUG 10736 --- [nio-8080-exec-4] s.w.s.m.m.a.RequestMappingHandlerMapping : Mapped to com.finclear.api.PaymentController#latest()
2026-08-15T20:51:54.571+05:30 DEBUG 10736 --- [nio-8080-exec-3] org.hibernate.SQL                        : select ec1_0.id,ec1_0.amount,ec1_0.category,ec1_0.created_at,ec1_0.currency,ec1_0.evidence,ec1_0.owner,ec1_0.severity,ec1_0.status,ec1_0.title,ec1_0.updated_at from exception_cases ec1_0 order by ec1_0.created_at desc
2026-08-15T20:51:54.566+05:30 DEBUG 10736 --- [io-8080-exec-10] s.w.s.m.m.a.RequestMappingHandlerMapping : Mapped to com.finclear.api.AccountController#all(Authentication)
2026-08-15T20:51:54.566+05:30 DEBUG 10736 --- [nio-8080-exec-2] org.hibernate.SQL                        : select p1_0.id,p1_0.amount,p1_0.created_at,p1_0.currency,p1_0.idempotency_key,p1_0.merchant,p1_0.payer_account_id,p1_0.status,p1_0.updated_at from payments p1_0 order by p1_0.created_at desc fetch first ? rows only
2026-08-15T20:51:54.573+05:30 DEBUG 10736 --- [nio-8080-exec-4] org.hibernate.SQL                        : select p1_0.id,p1_0.amount,p1_0.created_at,p1_0.currency,p1_0.idempotency_key,p1_0.merchant,p1_0.payer_account_id,p1_0.status,p1_0.updated_at from payments p1_0 order by p1_0.created_at desc fetch first ? rows only
2026-08-15T20:51:54.575+05:30 DEBUG 10736 --- [nio-8080-exec-6] m.m.a.RequestResponseBodyMethodProcessor : Using 'application/json', given [*/*] and supported [application/json, application/*+json, application/yaml]
2026-08-15T20:51:54.575+05:30 DEBUG 10736 --- [nio-8080-exec-6] m.m.a.RequestResponseBodyMethodProcessor : Writing [[{owner=Nisha � Payments Ops, title=Gateway settlement missing for captured payments, id=d9ebf868-67 (truncated)...]
2026-08-15T20:51:54.575+05:30 DEBUG 10736 --- [io-8080-exec-10] org.hibernate.SQL                        : select a1_0.id,a1_0.account_number,a1_0.available_balance,a1_0.created_at,a1_0.currency,a1_0.status,a1_0.user_id,a1_0.version from accounts a1_0
2026-08-15T20:51:54.575+05:30 DEBUG 10736 --- [nio-8080-exec-3] m.m.a.RequestResponseBodyMethodProcessor : Using 'application/json', given [*/*] and supported [application/json, application/*+json, application/yaml]
2026-08-15T20:51:54.575+05:30 DEBUG 10736 --- [nio-8080-exec-4] m.m.a.RequestResponseBodyMethodProcessor : Using 'application/json', given [*/*] and supported [application/json, application/*+json, application/yaml]
2026-08-15T20:51:54.580+05:30 DEBUG 10736 --- [nio-8080-exec-4] m.m.a.RequestResponseBodyMethodProcessor : Writing [[]]
2026-08-15T20:51:54.575+05:30 DEBUG 10736 --- [nio-8080-exec-2] org.hibernate.SQL                        : select a1_0.id,a1_0.account_number,a1_0.available_balance,a1_0.created_at,a1_0.currency,a1_0.status,a1_0.user_id,a1_0.version from accounts a1_0
2026-08-15T20:51:54.575+05:30 DEBUG 10736 --- [nio-8080-exec-6] o.s.web.servlet.DispatcherServlet        : Completed 200 OK
2026-08-15T20:51:54.575+05:30 DEBUG 10736 --- [nio-8080-exec-3] m.m.a.RequestResponseBodyMethodProcessor : Writing [{summary=3 exceptions account for 629250.00 INR of operational exposure., headline=Money needs atten (truncated)...]
2026-08-15T20:51:54.579+05:30 DEBUG 10736 --- [io-8080-exec-10] m.m.a.RequestResponseBodyMethodProcessor : Using 'application/json', given [*/*] and supported [application/json, application/*+json, application/yaml]
2026-08-15T20:51:54.583+05:30 DEBUG 10736 --- [io-8080-exec-10] m.m.a.RequestResponseBodyMethodProcessor : Writing [[{accountNumber=FC-100001, id=4e894728-ee87-4744-9b5e-e340a4d8741b, balance=1842680.0000, currency=I (truncated)...]
2026-08-15T20:51:54.581+05:30 DEBUG 10736 --- [nio-8080-exec-4] o.s.web.servlet.DispatcherServlet        : Completed 200 OK
2026-08-15T20:51:54.581+05:30 DEBUG 10736 --- [nio-8080-exec-3] o.s.web.servlet.DispatcherServlet        : Completed 200 OK
2026-08-15T20:51:54.583+05:30 DEBUG 10736 --- [nio-8080-exec-2] org.hibernate.SQL                        : select ec1_0.id,ec1_0.amount,ec1_0.category,ec1_0.created_at,ec1_0.currency,ec1_0.evidence,ec1_0.owner,ec1_0.severity,ec1_0.status,ec1_0.title,ec1_0.updated_at from exception_cases ec1_0 order by ec1_0.created_at desc
2026-08-15T20:51:54.583+05:30 DEBUG 10736 --- [io-8080-exec-10] o.s.web.servlet.DispatcherServlet        : Completed 200 OK
2026-08-15T20:51:54.586+05:30 DEBUG 10736 --- [nio-8080-exec-2] m.m.a.RequestResponseBodyMethodProcessor : Using 'application/json', given [*/*] and supported [application/json, application/*+json, application/yaml]
2026-08-15T20:51:54.586+05:30 DEBUG 10736 --- [nio-8080-exec-2] m.m.a.RequestResponseBodyMethodProcessor : Writing [{exposure=629250.0000, openExceptions=3, availableBalance=2667600.0000, settlementHealth=ATTENTION,  (truncated)...]
2026-08-15T20:51:54.586+05:30 DEBUG 10736 --- [nio-8080-exec-2] o.s.web.servlet.DispatcherServlet        : Completed 200 OK
2026-08-15T20:51:59.552+05:30 DEBUG 10736 --- [nio-8080-exec-6] o.s.web.servlet.DispatcherServlet        : GET "/api/v1/control/overview", parameters={}
2026-08-15T20:51:59.553+05:30 DEBUG 10736 --- [nio-8080-exec-4] o.s.web.servlet.DispatcherServlet        : GET "/api/v1/control/exceptions", parameters={}
2026-08-15T20:51:59.556+05:30 DEBUG 10736 --- [nio-8080-exec-4] s.w.s.m.m.a.RequestMappingHandlerMapping : Mapped to com.finclear.api.ControlCenterController#cases()
2026-08-15T20:51:59.553+05:30 DEBUG 10736 --- [nio-8080-exec-6] s.w.s.m.m.a.RequestMappingHandlerMapping : Mapped to com.finclear.api.ControlCenterController#overview()
2026-08-15T20:51:59.559+05:30 DEBUG 10736 --- [nio-8080-exec-4] org.hibernate.SQL                        : select ec1_0.id,ec1_0.amount,ec1_0.category,ec1_0.created_at,ec1_0.currency,ec1_0.evidence,ec1_0.owner,ec1_0.severity,ec1_0.status,ec1_0.title,ec1_0.updated_at from exception_cases ec1_0 order by ec1_0.created_at desc
2026-08-15T20:51:59.560+05:30 DEBUG 10736 --- [io-8080-exec-10] o.s.web.servlet.DispatcherServlet        : GET "/api/v1/accounts", parameters={}
2026-08-15T20:51:59.560+05:30 DEBUG 10736 --- [io-8080-exec-10] s.w.s.m.m.a.RequestMappingHandlerMapping : Mapped to com.finclear.api.AccountController#all(Authentication)
2026-08-15T20:51:59.560+05:30 DEBUG 10736 --- [nio-8080-exec-3] o.s.web.servlet.DispatcherServlet        : GET "/api/v1/payments", parameters={}
2026-08-15T20:51:59.560+05:30 DEBUG 10736 --- [nio-8080-exec-6] org.hibernate.SQL                        : select p1_0.id,p1_0.amount,p1_0.created_at,p1_0.currency,p1_0.idempotency_key,p1_0.merchant,p1_0.payer_account_id,p1_0.status,p1_0.updated_at from payments p1_0 order by p1_0.created_at desc fetch first ? rows only
2026-08-15T20:51:59.560+05:30 DEBUG 10736 --- [nio-8080-exec-2] o.s.web.servlet.DispatcherServlet        : GET "/api/v1/control/explain", parameters={}
2026-08-15T20:51:59.562+05:30 DEBUG 10736 --- [nio-8080-exec-4] m.m.a.RequestResponseBodyMethodProcessor : Using 'application/json', given [*/*] and supported [application/json, application/*+json, application/yaml]
2026-08-15T20:51:59.562+05:30 DEBUG 10736 --- [nio-8080-exec-3] s.w.s.m.m.a.RequestMappingHandlerMapping : Mapped to com.finclear.api.PaymentController#latest()
2026-08-15T20:51:59.562+05:30 DEBUG 10736 --- [nio-8080-exec-2] s.w.s.m.m.a.RequestMappingHandlerMapping : Mapped to com.finclear.api.ControlCenterController#explain()
2026-08-15T20:51:59.562+05:30 DEBUG 10736 --- [nio-8080-exec-4] m.m.a.RequestResponseBodyMethodProcessor : Writing [[{owner=Nisha � Payments Ops, title=Gateway settlement missing for captured payments, id=d9ebf868-67 (truncated)...]
2026-08-15T20:51:59.562+05:30 DEBUG 10736 --- [io-8080-exec-10] org.hibernate.SQL                        : select a1_0.id,a1_0.account_number,a1_0.available_balance,a1_0.created_at,a1_0.currency,a1_0.status,a1_0.user_id,a1_0.version from accounts a1_0
2026-08-15T20:51:59.565+05:30 DEBUG 10736 --- [nio-8080-exec-3] org.hibernate.SQL                        : select p1_0.id,p1_0.amount,p1_0.created_at,p1_0.currency,p1_0.idempotency_key,p1_0.merchant,p1_0.payer_account_id,p1_0.status,p1_0.updated_at from payments p1_0 order by p1_0.created_at desc fetch first ? rows only
2026-08-15T20:51:59.565+05:30 DEBUG 10736 --- [nio-8080-exec-4] o.s.web.servlet.DispatcherServlet        : Completed 200 OK
2026-08-15T20:51:59.567+05:30 DEBUG 10736 --- [io-8080-exec-10] m.m.a.RequestResponseBodyMethodProcessor : Using 'application/json', given [*/*] and supported [application/json, application/*+json, application/yaml]
2026-08-15T20:51:59.565+05:30 DEBUG 10736 --- [nio-8080-exec-2] org.hibernate.SQL                        : select ec1_0.id,ec1_0.amount,ec1_0.category,ec1_0.created_at,ec1_0.currency,ec1_0.evidence,ec1_0.owner,ec1_0.severity,ec1_0.status,ec1_0.title,ec1_0.updated_at from exception_cases ec1_0 order by ec1_0.created_at desc
2026-08-15T20:51:59.565+05:30 DEBUG 10736 --- [nio-8080-exec-6] org.hibernate.SQL                        : select a1_0.id,a1_0.account_number,a1_0.available_balance,a1_0.created_at,a1_0.currency,a1_0.status,a1_0.user_id,a1_0.version from accounts a1_0
2026-08-15T20:51:59.567+05:30 DEBUG 10736 --- [nio-8080-exec-3] m.m.a.RequestResponseBodyMethodProcessor : Using 'application/json', given [*/*] and supported [application/json, application/*+json, application/yaml]
2026-08-15T20:51:59.567+05:30 DEBUG 10736 --- [io-8080-exec-10] m.m.a.RequestResponseBodyMethodProcessor : Writing [[{accountNumber=FC-100001, id=4e894728-ee87-4744-9b5e-e340a4d8741b, balance=1842680.0000, currency=I (truncated)...]
2026-08-15T20:51:59.569+05:30 DEBUG 10736 --- [nio-8080-exec-2] m.m.a.RequestResponseBodyMethodProcessor : Using 'application/json', given [*/*] and supported [application/json, application/*+json, application/yaml]
2026-08-15T20:51:59.569+05:30 DEBUG 10736 --- [nio-8080-exec-2] m.m.a.RequestResponseBodyMethodProcessor : Writing [{summary=3 exceptions account for 629250.00 INR of operational exposure., headline=Money needs atten (truncated)...]
2026-08-15T20:51:59.570+05:30 DEBUG 10736 --- [nio-8080-exec-2] o.s.web.servlet.DispatcherServlet        : Completed 200 OK
2026-08-15T20:51:59.569+05:30 DEBUG 10736 --- [nio-8080-exec-3] m.m.a.RequestResponseBodyMethodProcessor : Writing [[]]
2026-08-15T20:51:59.570+05:30 DEBUG 10736 --- [io-8080-exec-10] o.s.web.servlet.DispatcherServlet        : Completed 200 OK
2026-08-15T20:51:59.571+05:30 DEBUG 10736 --- [nio-8080-exec-3] o.s.web.servlet.DispatcherServlet        : Completed 200 OK
2026-08-15T20:51:59.570+05:30 DEBUG 10736 --- [nio-8080-exec-6] org.hibernate.SQL                        : select ec1_0.id,ec1_0.amount,ec1_0.category,ec1_0.created_at,ec1_0.currency,ec1_0.evidence,ec1_0.owner,ec1_0.severity,ec1_0.status,ec1_0.title,ec1_0.updated_at from exception_cases ec1_0 order by ec1_0.created_at desc
2026-08-15T20:51:59.574+05:30 DEBUG 10736 --- [nio-8080-exec-6] m.m.a.RequestResponseBodyMethodProcessor : Using 'application/json', given [*/*] and supported [application/json, application/*+json, application/yaml]
2026-08-15T20:51:59.574+05:30 DEBUG 10736 --- [nio-8080-exec-6] m.m.a.RequestResponseBodyMethodProcessor : Writing [{exposure=629250.0000, openExceptions=3, availableBalance=2667600.0000, settlementHealth=ATTENTION,  (truncated)...]
2026-08-15T20:51:59.574+05:30 DEBUG 10736 --- [nio-8080-exec-6] o.s.web.servlet.DispatcherServlet        : Completed 200 OK
2026-08-15T20:52:04.556+05:30 DEBUG 10736 --- [nio-8080-exec-4] o.s.web.servlet.DispatcherServlet        : GET "/api/v1/control/overview", parameters={}
2026-08-15T20:52:04.562+05:30 DEBUG 10736 --- [nio-8080-exec-4] s.w.s.m.m.a.RequestMappingHandlerMapping : Mapped to com.finclear.api.ControlCenterController#overview()
2026-08-15T20:52:04.561+05:30 DEBUG 10736 --- [nio-8080-exec-2] o.s.web.servlet.DispatcherServlet        : GET "/api/v1/control/exceptions", parameters={}
2026-08-15T20:52:04.564+05:30 DEBUG 10736 --- [nio-8080-exec-2] s.w.s.m.m.a.RequestMappingHandlerMapping : Mapped to com.finclear.api.ControlCenterController#cases()
2026-08-15T20:52:04.561+05:30 DEBUG 10736 --- [io-8080-exec-10] o.s.web.servlet.DispatcherServlet        : GET "/api/v1/payments", parameters={}
2026-08-15T20:52:04.562+05:30 DEBUG 10736 --- [nio-8080-exec-3] o.s.web.servlet.DispatcherServlet        : GET "/api/v1/accounts", parameters={}
2026-08-15T20:52:04.562+05:30 DEBUG 10736 --- [nio-8080-exec-6] o.s.web.servlet.DispatcherServlet        : GET "/api/v1/control/explain", parameters={}
2026-08-15T20:52:04.564+05:30 DEBUG 10736 --- [nio-8080-exec-4] org.hibernate.SQL                        : select p1_0.id,p1_0.amount,p1_0.created_at,p1_0.currency,p1_0.idempotency_key,p1_0.merchant,p1_0.payer_account_id,p1_0.status,p1_0.updated_at from payments p1_0 order by p1_0.created_at desc fetch first ? rows only
2026-08-15T20:52:04.566+05:30 DEBUG 10736 --- [io-8080-exec-10] s.w.s.m.m.a.RequestMappingHandlerMapping : Mapped to com.finclear.api.PaymentController#latest()
2026-08-15T20:52:04.568+05:30 DEBUG 10736 --- [nio-8080-exec-3] s.w.s.m.m.a.RequestMappingHandlerMapping : Mapped to com.finclear.api.AccountController#all(Authentication)
2026-08-15T20:52:04.568+05:30 DEBUG 10736 --- [nio-8080-exec-6] s.w.s.m.m.a.RequestMappingHandlerMapping : Mapped to com.finclear.api.ControlCenterController#explain()
2026-08-15T20:52:04.570+05:30 DEBUG 10736 --- [io-8080-exec-10] org.hibernate.SQL                        : select p1_0.id,p1_0.amount,p1_0.created_at,p1_0.currency,p1_0.idempotency_key,p1_0.merchant,p1_0.payer_account_id,p1_0.status,p1_0.updated_at from payments p1_0 order by p1_0.created_at desc fetch first ? rows only
2026-08-15T20:52:04.568+05:30 DEBUG 10736 --- [nio-8080-exec-2] org.hibernate.SQL                        : select ec1_0.id,ec1_0.amount,ec1_0.category,ec1_0.created_at,ec1_0.currency,ec1_0.evidence,ec1_0.owner,ec1_0.severity,ec1_0.status,ec1_0.title,ec1_0.updated_at from exception_cases ec1_0 order by ec1_0.created_at desc
2026-08-15T20:52:04.570+05:30 DEBUG 10736 --- [nio-8080-exec-3] org.hibernate.SQL                        : select a1_0.id,a1_0.account_number,a1_0.available_balance,a1_0.created_at,a1_0.currency,a1_0.status,a1_0.user_id,a1_0.version from accounts a1_0
2026-08-15T20:52:04.570+05:30 DEBUG 10736 --- [nio-8080-exec-6] org.hibernate.SQL                        : select ec1_0.id,ec1_0.amount,ec1_0.category,ec1_0.created_at,ec1_0.currency,ec1_0.evidence,ec1_0.owner,ec1_0.severity,ec1_0.status,ec1_0.title,ec1_0.updated_at from exception_cases ec1_0 order by ec1_0.created_at desc
2026-08-15T20:52:04.570+05:30 DEBUG 10736 --- [nio-8080-exec-4] org.hibernate.SQL                        : select a1_0.id,a1_0.account_number,a1_0.available_balance,a1_0.created_at,a1_0.currency,a1_0.status,a1_0.user_id,a1_0.version from accounts a1_0
2026-08-15T20:52:04.570+05:30 DEBUG 10736 --- [io-8080-exec-10] m.m.a.RequestResponseBodyMethodProcessor : Using 'application/json', given [*/*] and supported [application/json, application/*+json, application/yaml]
2026-08-15T20:52:04.570+05:30 DEBUG 10736 --- [nio-8080-exec-2] m.m.a.RequestResponseBodyMethodProcessor : Using 'application/json', given [*/*] and supported [application/json, application/*+json, application/yaml]
2026-08-15T20:52:04.570+05:30 DEBUG 10736 --- [nio-8080-exec-3] m.m.a.RequestResponseBodyMethodProcessor : Using 'application/json', given [*/*] and supported [application/json, application/*+json, application/yaml]
2026-08-15T20:52:04.570+05:30 DEBUG 10736 --- [nio-8080-exec-6] m.m.a.RequestResponseBodyMethodProcessor : Using 'application/json', given [*/*] and supported [application/json, application/*+json, application/yaml]
2026-08-15T20:52:04.570+05:30 DEBUG 10736 --- [io-8080-exec-10] m.m.a.RequestResponseBodyMethodProcessor : Writing [[]]
2026-08-15T20:52:04.570+05:30 DEBUG 10736 --- [nio-8080-exec-2] m.m.a.RequestResponseBodyMethodProcessor : Writing [[{owner=Nisha � Payments Ops, title=Gateway settlement missing for captured payments, id=d9ebf868-67 (truncated)...]
2026-08-15T20:52:04.570+05:30 DEBUG 10736 --- [nio-8080-exec-3] m.m.a.RequestResponseBodyMethodProcessor : Writing [[{accountNumber=FC-100001, id=4e894728-ee87-4744-9b5e-e340a4d8741b, balance=1842680.0000, currency=I (truncated)...]
2026-08-15T20:52:04.570+05:30 DEBUG 10736 --- [nio-8080-exec-6] m.m.a.RequestResponseBodyMethodProcessor : Writing [{summary=3 exceptions account for 629250.00 INR of operational exposure., headline=Money needs atten (truncated)...]
2026-08-15T20:52:04.570+05:30 DEBUG 10736 --- [nio-8080-exec-3] o.s.web.servlet.DispatcherServlet        : Completed 200 OK
2026-08-15T20:52:04.570+05:30 DEBUG 10736 --- [nio-8080-exec-6] o.s.web.servlet.DispatcherServlet        : Completed 200 OK
2026-08-15T20:52:04.570+05:30 DEBUG 10736 --- [nio-8080-exec-4] org.hibernate.SQL                        : select ec1_0.id,ec1_0.amount,ec1_0.category,ec1_0.created_at,ec1_0.currency,ec1_0.evidence,ec1_0.owner,ec1_0.severity,ec1_0.status,ec1_0.title,ec1_0.updated_at from exception_cases ec1_0 order by ec1_0.created_at desc
2026-08-15T20:52:04.570+05:30 DEBUG 10736 --- [io-8080-exec-10] o.s.web.servlet.DispatcherServlet        : Completed 200 OK
2026-08-15T20:52:04.570+05:30 DEBUG 10736 --- [nio-8080-exec-2] o.s.web.servlet.DispatcherServlet        : Completed 200 OK
2026-08-15T20:52:04.578+05:30 DEBUG 10736 --- [nio-8080-exec-4] m.m.a.RequestResponseBodyMethodProcessor : Using 'application/json', given [*/*] and supported [application/json, application/*+json, application/yaml]
2026-08-15T20:52:04.578+05:30 DEBUG 10736 --- [nio-8080-exec-4] m.m.a.RequestResponseBodyMethodProcessor : Writing [{exposure=629250.0000, openExceptions=3, availableBalance=2667600.0000, settlementHealth=ATTENTION,  (truncated)...]
2026-08-15T20:52:04.579+05:30 DEBUG 10736 --- [nio-8080-exec-4] o.s.web.servlet.DispatcherServlet        : Completed 200 OK
2026-08-15T20:52:09.558+05:30 DEBUG 10736 --- [nio-8080-exec-6] o.s.web.servlet.DispatcherServlet        : GET "/api/v1/control/exceptions", parameters={}
2026-08-15T20:52:09.560+05:30 DEBUG 10736 --- [nio-8080-exec-6] s.w.s.m.m.a.RequestMappingHandlerMapping : Mapped to com.finclear.api.ControlCenterController#cases()
2026-08-15T20:52:09.558+05:30 DEBUG 10736 --- [nio-8080-exec-3] o.s.web.servlet.DispatcherServlet        : GET "/api/v1/control/overview", parameters={}
2026-08-15T20:52:09.563+05:30 DEBUG 10736 --- [io-8080-exec-10] o.s.web.servlet.DispatcherServlet        : GET "/api/v1/payments", parameters={}
2026-08-15T20:52:09.563+05:30 DEBUG 10736 --- [nio-8080-exec-2] o.s.web.servlet.DispatcherServlet        : GET "/api/v1/accounts", parameters={}
2026-08-15T20:52:09.563+05:30 DEBUG 10736 --- [nio-8080-exec-6] org.hibernate.SQL                        : select ec1_0.id,ec1_0.amount,ec1_0.category,ec1_0.created_at,ec1_0.currency,ec1_0.evidence,ec1_0.owner,ec1_0.severity,ec1_0.status,ec1_0.title,ec1_0.updated_at from exception_cases ec1_0 order by ec1_0.created_at desc
2026-08-15T20:52:09.563+05:30 DEBUG 10736 --- [nio-8080-exec-3] s.w.s.m.m.a.RequestMappingHandlerMapping : Mapped to com.finclear.api.ControlCenterController#overview()
2026-08-15T20:52:09.563+05:30 DEBUG 10736 --- [nio-8080-exec-4] o.s.web.servlet.DispatcherServlet        : GET "/api/v1/control/explain", parameters={}
2026-08-15T20:52:09.563+05:30 DEBUG 10736 --- [io-8080-exec-10] s.w.s.m.m.a.RequestMappingHandlerMapping : Mapped to com.finclear.api.PaymentController#latest()
2026-08-15T20:52:09.565+05:30 DEBUG 10736 --- [nio-8080-exec-2] s.w.s.m.m.a.RequestMappingHandlerMapping : Mapped to com.finclear.api.AccountController#all(Authentication)
2026-08-15T20:52:09.565+05:30 DEBUG 10736 --- [nio-8080-exec-4] s.w.s.m.m.a.RequestMappingHandlerMapping : Mapped to com.finclear.api.ControlCenterController#explain()
2026-08-15T20:52:09.565+05:30 DEBUG 10736 --- [nio-8080-exec-6] m.m.a.RequestResponseBodyMethodProcessor : Using 'application/json', given [*/*] and supported [application/json, application/*+json, application/yaml]
2026-08-15T20:52:09.565+05:30 DEBUG 10736 --- [nio-8080-exec-3] org.hibernate.SQL                        : select p1_0.id,p1_0.amount,p1_0.created_at,p1_0.currency,p1_0.idempotency_key,p1_0.merchant,p1_0.payer_account_id,p1_0.status,p1_0.updated_at from payments p1_0 order by p1_0.created_at desc fetch first ? rows only
2026-08-15T20:52:09.565+05:30 DEBUG 10736 --- [nio-8080-exec-6] m.m.a.RequestResponseBodyMethodProcessor : Writing [[{owner=Nisha � Payments Ops, title=Gateway settlement missing for captured payments, id=d9ebf868-67 (truncated)...]
2026-08-15T20:52:09.568+05:30 DEBUG 10736 --- [io-8080-exec-10] org.hibernate.SQL                        : select p1_0.id,p1_0.amount,p1_0.created_at,p1_0.currency,p1_0.idempotency_key,p1_0.merchant,p1_0.payer_account_id,p1_0.status,p1_0.updated_at from payments p1_0 order by p1_0.created_at desc fetch first ? rows only
2026-08-15T20:52:09.568+05:30 DEBUG 10736 --- [nio-8080-exec-2] org.hibernate.SQL                        : select a1_0.id,a1_0.account_number,a1_0.available_balance,a1_0.created_at,a1_0.currency,a1_0.status,a1_0.user_id,a1_0.version from accounts a1_0
2026-08-15T20:52:09.568+05:30 DEBUG 10736 --- [nio-8080-exec-4] org.hibernate.SQL                        : select ec1_0.id,ec1_0.amount,ec1_0.category,ec1_0.created_at,ec1_0.currency,ec1_0.evidence,ec1_0.owner,ec1_0.severity,ec1_0.status,ec1_0.title,ec1_0.updated_at from exception_cases ec1_0 order by ec1_0.created_at desc
2026-08-15T20:52:09.568+05:30 DEBUG 10736 --- [nio-8080-exec-6] o.s.web.servlet.DispatcherServlet        : Completed 200 OK
2026-08-15T20:52:09.568+05:30 DEBUG 10736 --- [io-8080-exec-10] m.m.a.RequestResponseBodyMethodProcessor : Using 'application/json', given [*/*] and supported [application/json, application/*+json, application/yaml]
2026-08-15T20:52:09.568+05:30 DEBUG 10736 --- [nio-8080-exec-3] org.hibernate.SQL                        : select a1_0.id,a1_0.account_number,a1_0.available_balance,a1_0.created_at,a1_0.currency,a1_0.status,a1_0.user_id,a1_0.version from accounts a1_0
2026-08-15T20:52:09.571+05:30 DEBUG 10736 --- [nio-8080-exec-4] m.m.a.RequestResponseBodyMethodProcessor : Using 'application/json', given [*/*] and supported [application/json, application/*+json, application/yaml]
2026-08-15T20:52:09.571+05:30 DEBUG 10736 --- [io-8080-exec-10] m.m.a.RequestResponseBodyMethodProcessor : Writing [[]]
2026-08-15T20:52:09.571+05:30 DEBUG 10736 --- [nio-8080-exec-2] m.m.a.RequestResponseBodyMethodProcessor : Using 'application/json', given [*/*] and supported [application/json, application/*+json, application/yaml]
2026-08-15T20:52:09.571+05:30 DEBUG 10736 --- [nio-8080-exec-4] m.m.a.RequestResponseBodyMethodProcessor : Writing [{summary=3 exceptions account for 629250.00 INR of operational exposure., headline=Money needs atten (truncated)...]
2026-08-15T20:52:09.574+05:30 DEBUG 10736 --- [nio-8080-exec-3] org.hibernate.SQL                        : select ec1_0.id,ec1_0.amount,ec1_0.category,ec1_0.created_at,ec1_0.currency,ec1_0.evidence,ec1_0.owner,ec1_0.severity,ec1_0.status,ec1_0.title,ec1_0.updated_at from exception_cases ec1_0 order by ec1_0.created_at desc
2026-08-15T20:52:09.571+05:30 DEBUG 10736 --- [io-8080-exec-10] o.s.web.servlet.DispatcherServlet        : Completed 200 OK
2026-08-15T20:52:09.571+05:30 DEBUG 10736 --- [nio-8080-exec-2] m.m.a.RequestResponseBodyMethodProcessor : Writing [[{accountNumber=FC-100001, id=4e894728-ee87-4744-9b5e-e340a4d8741b, balance=1842680.0000, currency=I (truncated)...]
2026-08-15T20:52:09.576+05:30 DEBUG 10736 --- [nio-8080-exec-2] o.s.web.servlet.DispatcherServlet        : Completed 200 OK
2026-08-15T20:52:09.574+05:30 DEBUG 10736 --- [nio-8080-exec-4] o.s.web.servlet.DispatcherServlet        : Completed 200 OK
2026-08-15T20:52:09.575+05:30 DEBUG 10736 --- [nio-8080-exec-3] m.m.a.RequestResponseBodyMethodProcessor : Using 'application/json', given [*/*] and supported [application/json, application/*+json, application/yaml]
2026-08-15T20:52:09.577+05:30 DEBUG 10736 --- [nio-8080-exec-3] m.m.a.RequestResponseBodyMethodProcessor : Writing [{exposure=629250.0000, openExceptions=3, availableBalance=2667600.0000, settlementHealth=ATTENTION,  (truncated)...]
2026-08-15T20:52:09.578+05:30 DEBUG 10736 --- [nio-8080-exec-3] o.s.web.servlet.DispatcherServlet        : Completed 200 OK
2026-08-15T20:52:14.555+05:30 DEBUG 10736 --- [nio-8080-exec-6] o.s.web.servlet.DispatcherServlet        : GET "/api/v1/control/overview", parameters={}
2026-08-15T20:52:14.566+05:30 DEBUG 10736 --- [io-8080-exec-10] o.s.web.servlet.DispatcherServlet        : GET "/api/v1/control/exceptions", parameters={}
2026-08-15T20:52:14.566+05:30 DEBUG 10736 --- [nio-8080-exec-4] o.s.web.servlet.DispatcherServlet        : GET "/api/v1/accounts", parameters={}
2026-08-15T20:52:14.566+05:30 DEBUG 10736 --- [nio-8080-exec-2] o.s.web.servlet.DispatcherServlet        : GET "/api/v1/payments", parameters={}
2026-08-15T20:52:14.566+05:30 DEBUG 10736 --- [nio-8080-exec-3] o.s.web.servlet.DispatcherServlet        : GET "/api/v1/control/explain", parameters={}
2026-08-15T20:52:14.568+05:30 DEBUG 10736 --- [nio-8080-exec-6] s.w.s.m.m.a.RequestMappingHandlerMapping : Mapped to com.finclear.api.ControlCenterController#overview()
2026-08-15T20:52:14.568+05:30 DEBUG 10736 --- [io-8080-exec-10] s.w.s.m.m.a.RequestMappingHandlerMapping : Mapped to com.finclear.api.ControlCenterController#cases()
2026-08-15T20:52:14.570+05:30 DEBUG 10736 --- [nio-8080-exec-4] s.w.s.m.m.a.RequestMappingHandlerMapping : Mapped to com.finclear.api.AccountController#all(Authentication)
2026-08-15T20:52:14.570+05:30 DEBUG 10736 --- [nio-8080-exec-2] s.w.s.m.m.a.RequestMappingHandlerMapping : Mapped to com.finclear.api.PaymentController#latest()
2026-08-15T20:52:14.570+05:30 DEBUG 10736 --- [nio-8080-exec-3] s.w.s.m.m.a.RequestMappingHandlerMapping : Mapped to com.finclear.api.ControlCenterController#explain()
2026-08-15T20:52:14.570+05:30 DEBUG 10736 --- [io-8080-exec-10] org.hibernate.SQL                        : select ec1_0.id,ec1_0.amount,ec1_0.category,ec1_0.created_at,ec1_0.currency,ec1_0.evidence,ec1_0.owner,ec1_0.severity,ec1_0.status,ec1_0.title,ec1_0.updated_at from exception_cases ec1_0 order by ec1_0.created_at desc
2026-08-15T20:52:14.570+05:30 DEBUG 10736 --- [nio-8080-exec-6] org.hibernate.SQL                        : select p1_0.id,p1_0.amount,p1_0.created_at,p1_0.currency,p1_0.idempotency_key,p1_0.merchant,p1_0.payer_account_id,p1_0.status,p1_0.updated_at from payments p1_0 order by p1_0.created_at desc fetch first ? rows only
2026-08-15T20:52:14.570+05:30 DEBUG 10736 --- [nio-8080-exec-2] org.hibernate.SQL                        : select p1_0.id,p1_0.amount,p1_0.created_at,p1_0.currency,p1_0.idempotency_key,p1_0.merchant,p1_0.payer_account_id,p1_0.status,p1_0.updated_at from payments p1_0 order by p1_0.created_at desc fetch first ? rows only
2026-08-15T20:52:14.570+05:30 DEBUG 10736 --- [io-8080-exec-10] m.m.a.RequestResponseBodyMethodProcessor : Using 'application/json', given [*/*] and supported [application/json, application/*+json, application/yaml]
2026-08-15T20:52:14.570+05:30 DEBUG 10736 --- [nio-8080-exec-4] org.hibernate.SQL                        : select a1_0.id,a1_0.account_number,a1_0.available_balance,a1_0.created_at,a1_0.currency,a1_0.status,a1_0.user_id,a1_0.version from accounts a1_0
2026-08-15T20:52:14.570+05:30 DEBUG 10736 --- [nio-8080-exec-3] org.hibernate.SQL                        : select ec1_0.id,ec1_0.amount,ec1_0.category,ec1_0.created_at,ec1_0.currency,ec1_0.evidence,ec1_0.owner,ec1_0.severity,ec1_0.status,ec1_0.title,ec1_0.updated_at from exception_cases ec1_0 order by ec1_0.created_at desc
2026-08-15T20:52:14.575+05:30 DEBUG 10736 --- [io-8080-exec-10] m.m.a.RequestResponseBodyMethodProcessor : Writing [[{owner=Nisha � Payments Ops, title=Gateway settlement missing for captured payments, id=d9ebf868-67 (truncated)...]
2026-08-15T20:52:14.575+05:30 DEBUG 10736 --- [nio-8080-exec-2] m.m.a.RequestResponseBodyMethodProcessor : Using 'application/json', given [*/*] and supported [application/json, application/*+json, application/yaml]
2026-08-15T20:52:14.575+05:30 DEBUG 10736 --- [nio-8080-exec-6] org.hibernate.SQL                        : select a1_0.id,a1_0.account_number,a1_0.available_balance,a1_0.created_at,a1_0.currency,a1_0.status,a1_0.user_id,a1_0.version from accounts a1_0
2026-08-15T20:52:14.575+05:30 DEBUG 10736 --- [nio-8080-exec-4] m.m.a.RequestResponseBodyMethodProcessor : Using 'application/json', given [*/*] and supported [application/json, application/*+json, application/yaml]
2026-08-15T20:52:14.575+05:30 DEBUG 10736 --- [nio-8080-exec-3] m.m.a.RequestResponseBodyMethodProcessor : Using 'application/json', given [*/*] and supported [application/json, application/*+json, application/yaml]
2026-08-15T20:52:14.577+05:30 DEBUG 10736 --- [nio-8080-exec-2] m.m.a.RequestResponseBodyMethodProcessor : Writing [[]]
2026-08-15T20:52:14.577+05:30 DEBUG 10736 --- [io-8080-exec-10] o.s.web.servlet.DispatcherServlet        : Completed 200 OK
2026-08-15T20:52:14.577+05:30 DEBUG 10736 --- [nio-8080-exec-4] m.m.a.RequestResponseBodyMethodProcessor : Writing [[{accountNumber=FC-100001, id=4e894728-ee87-4744-9b5e-e340a4d8741b, balance=1842680.0000, currency=I (truncated)...]
2026-08-15T20:52:14.577+05:30 DEBUG 10736 --- [nio-8080-exec-3] m.m.a.RequestResponseBodyMethodProcessor : Writing [{summary=3 exceptions account for 629250.00 INR of operational exposure., headline=Money needs atten (truncated)...]
2026-08-15T20:52:14.579+05:30 DEBUG 10736 --- [nio-8080-exec-2] o.s.web.servlet.DispatcherServlet        : Completed 200 OK
2026-08-15T20:52:14.579+05:30 DEBUG 10736 --- [nio-8080-exec-6] org.hibernate.SQL                        : select ec1_0.id,ec1_0.amount,ec1_0.category,ec1_0.created_at,ec1_0.currency,ec1_0.evidence,ec1_0.owner,ec1_0.severity,ec1_0.status,ec1_0.title,ec1_0.updated_at from exception_cases ec1_0 order by ec1_0.created_at desc
2026-08-15T20:52:14.579+05:30 DEBUG 10736 --- [nio-8080-exec-4] o.s.web.servlet.DispatcherServlet        : Completed 200 OK
2026-08-15T20:52:14.579+05:30 DEBUG 10736 --- [nio-8080-exec-3] o.s.web.servlet.DispatcherServlet        : Completed 200 OK
2026-08-15T20:52:14.579+05:30 DEBUG 10736 --- [nio-8080-exec-6] m.m.a.RequestResponseBodyMethodProcessor : Using 'application/json', given [*/*] and supported [application/json, application/*+json, application/yaml]
2026-08-15T20:52:14.579+05:30 DEBUG 10736 --- [nio-8080-exec-6] m.m.a.RequestResponseBodyMethodProcessor : Writing [{exposure=629250.0000, openExceptions=3, availableBalance=2667600.0000, settlementHealth=ATTENTION,  (truncated)...]
2026-08-15T20:52:14.579+05:30 DEBUG 10736 --- [nio-8080-exec-6] o.s.web.servlet.DispatcherServlet        : Completed 200 OK
2026-08-15T20:52:19.552+05:30 DEBUG 10736 --- [io-8080-exec-10] o.s.web.servlet.DispatcherServlet        : GET "/api/v1/control/overview", parameters={}
2026-08-15T20:52:19.566+05:30 DEBUG 10736 --- [nio-8080-exec-4] o.s.web.servlet.DispatcherServlet        : GET "/api/v1/payments", parameters={}
2026-08-15T20:52:19.566+05:30 DEBUG 10736 --- [nio-8080-exec-2] o.s.web.servlet.DispatcherServlet        : GET "/api/v1/control/exceptions", parameters={}
2026-08-15T20:52:19.566+05:30 DEBUG 10736 --- [nio-8080-exec-3] o.s.web.servlet.DispatcherServlet        : GET "/api/v1/accounts", parameters={}
2026-08-15T20:52:19.568+05:30 DEBUG 10736 --- [nio-8080-exec-6] o.s.web.servlet.DispatcherServlet        : GET "/api/v1/control/explain", parameters={}
2026-08-15T20:52:19.571+05:30 DEBUG 10736 --- [io-8080-exec-10] s.w.s.m.m.a.RequestMappingHandlerMapping : Mapped to com.finclear.api.ControlCenterController#overview()
2026-08-15T20:52:19.571+05:30 DEBUG 10736 --- [nio-8080-exec-4] s.w.s.m.m.a.RequestMappingHandlerMapping : Mapped to com.finclear.api.PaymentController#latest()
2026-08-15T20:52:19.571+05:30 DEBUG 10736 --- [nio-8080-exec-2] s.w.s.m.m.a.RequestMappingHandlerMapping : Mapped to com.finclear.api.ControlCenterController#cases()
2026-08-15T20:52:19.571+05:30 DEBUG 10736 --- [nio-8080-exec-3] s.w.s.m.m.a.RequestMappingHandlerMapping : Mapped to com.finclear.api.AccountController#all(Authentication)
2026-08-15T20:52:19.571+05:30 DEBUG 10736 --- [nio-8080-exec-6] s.w.s.m.m.a.RequestMappingHandlerMapping : Mapped to com.finclear.api.ControlCenterController#explain()
2026-08-15T20:52:19.571+05:30 DEBUG 10736 --- [io-8080-exec-10] org.hibernate.SQL                        : select p1_0.id,p1_0.amount,p1_0.created_at,p1_0.currency,p1_0.idempotency_key,p1_0.merchant,p1_0.payer_account_id,p1_0.status,p1_0.updated_at from payments p1_0 order by p1_0.created_at desc fetch first ? rows only
2026-08-15T20:52:19.571+05:30 DEBUG 10736 --- [nio-8080-exec-4] org.hibernate.SQL                        : select p1_0.id,p1_0.amount,p1_0.created_at,p1_0.currency,p1_0.idempotency_key,p1_0.merchant,p1_0.payer_account_id,p1_0.status,p1_0.updated_at from payments p1_0 order by p1_0.created_at desc fetch first ? rows only
2026-08-15T20:52:19.571+05:30 DEBUG 10736 --- [nio-8080-exec-2] org.hibernate.SQL                        : select ec1_0.id,ec1_0.amount,ec1_0.category,ec1_0.created_at,ec1_0.currency,ec1_0.evidence,ec1_0.owner,ec1_0.severity,ec1_0.status,ec1_0.title,ec1_0.updated_at from exception_cases ec1_0 order by ec1_0.created_at desc
2026-08-15T20:52:19.571+05:30 DEBUG 10736 --- [nio-8080-exec-3] org.hibernate.SQL                        : select a1_0.id,a1_0.account_number,a1_0.available_balance,a1_0.created_at,a1_0.currency,a1_0.status,a1_0.user_id,a1_0.version from accounts a1_0
2026-08-15T20:52:19.571+05:30 DEBUG 10736 --- [nio-8080-exec-6] org.hibernate.SQL                        : select ec1_0.id,ec1_0.amount,ec1_0.category,ec1_0.created_at,ec1_0.currency,ec1_0.evidence,ec1_0.owner,ec1_0.severity,ec1_0.status,ec1_0.title,ec1_0.updated_at from exception_cases ec1_0 order by ec1_0.created_at desc
2026-08-15T20:52:19.571+05:30 DEBUG 10736 --- [nio-8080-exec-4] m.m.a.RequestResponseBodyMethodProcessor : Using 'application/json', given [*/*] and supported [application/json, application/*+json, application/yaml]
2026-08-15T20:52:19.571+05:30 DEBUG 10736 --- [io-8080-exec-10] org.hibernate.SQL                        : select a1_0.id,a1_0.account_number,a1_0.available_balance,a1_0.created_at,a1_0.currency,a1_0.status,a1_0.user_id,a1_0.version from accounts a1_0
2026-08-15T20:52:19.579+05:30 DEBUG 10736 --- [nio-8080-exec-3] m.m.a.RequestResponseBodyMethodProcessor : Using 'application/json', given [*/*] and supported [application/json, application/*+json, application/yaml]
2026-08-15T20:52:19.579+05:30 DEBUG 10736 --- [nio-8080-exec-2] m.m.a.RequestResponseBodyMethodProcessor : Using 'application/json', given [*/*] and supported [application/json, application/*+json, application/yaml]
2026-08-15T20:52:19.579+05:30 DEBUG 10736 --- [nio-8080-exec-4] m.m.a.RequestResponseBodyMethodProcessor : Writing [[]]
2026-08-15T20:52:19.579+05:30 DEBUG 10736 --- [io-8080-exec-10] org.hibernate.SQL                        : select ec1_0.id,ec1_0.amount,ec1_0.category,ec1_0.created_at,ec1_0.currency,ec1_0.evidence,ec1_0.owner,ec1_0.severity,ec1_0.status,ec1_0.title,ec1_0.updated_at from exception_cases ec1_0 order by ec1_0.created_at desc
2026-08-15T20:52:19.579+05:30 DEBUG 10736 --- [nio-8080-exec-6] m.m.a.RequestResponseBodyMethodProcessor : Using 'application/json', given [*/*] and supported [application/json, application/*+json, application/yaml]
2026-08-15T20:52:19.579+05:30 DEBUG 10736 --- [nio-8080-exec-3] m.m.a.RequestResponseBodyMethodProcessor : Writing [[{accountNumber=FC-100001, id=4e894728-ee87-4744-9b5e-e340a4d8741b, balance=1842680.0000, currency=I (truncated)...]
2026-08-15T20:52:19.579+05:30 DEBUG 10736 --- [nio-8080-exec-2] m.m.a.RequestResponseBodyMethodProcessor : Writing [[{owner=Nisha � Payments Ops, title=Gateway settlement missing for captured payments, id=d9ebf868-67 (truncated)...]
2026-08-15T20:52:19.579+05:30 DEBUG 10736 --- [nio-8080-exec-4] o.s.web.servlet.DispatcherServlet        : Completed 200 OK
2026-08-15T20:52:19.579+05:30 DEBUG 10736 --- [nio-8080-exec-6] m.m.a.RequestResponseBodyMethodProcessor : Writing [{summary=3 exceptions account for 629250.00 INR of operational exposure., headline=Money needs atten (truncated)...]
2026-08-15T20:52:19.583+05:30 DEBUG 10736 --- [io-8080-exec-10] m.m.a.RequestResponseBodyMethodProcessor : Using 'application/json', given [*/*] and supported [application/json, application/*+json, application/yaml]
2026-08-15T20:52:19.583+05:30 DEBUG 10736 --- [nio-8080-exec-3] o.s.web.servlet.DispatcherServlet        : Completed 200 OK
2026-08-15T20:52:19.584+05:30 DEBUG 10736 --- [nio-8080-exec-2] o.s.web.servlet.DispatcherServlet        : Completed 200 OK
2026-08-15T20:52:19.584+05:30 DEBUG 10736 --- [nio-8080-exec-6] o.s.web.servlet.DispatcherServlet        : Completed 200 OK
2026-08-15T20:52:19.584+05:30 DEBUG 10736 --- [io-8080-exec-10] m.m.a.RequestResponseBodyMethodProcessor : Writing [{exposure=629250.0000, openExceptions=3, availableBalance=2667600.0000, settlementHealth=ATTENTION,  (truncated)...]
2026-08-15T20:52:19.584+05:30 DEBUG 10736 --- [io-8080-exec-10] o.s.web.servlet.DispatcherServlet        : Completed 200 OK
2026-08-15T20:52:24.556+05:30 DEBUG 10736 --- [nio-8080-exec-4] o.s.web.servlet.DispatcherServlet        : GET "/api/v1/control/overview", parameters={}
2026-08-15T20:52:24.562+05:30 DEBUG 10736 --- [nio-8080-exec-3] o.s.web.servlet.DispatcherServlet        : GET "/api/v1/control/exceptions", parameters={}
2026-08-15T20:52:24.562+05:30 DEBUG 10736 --- [nio-8080-exec-2] o.s.web.servlet.DispatcherServlet        : GET "/api/v1/payments", parameters={}
2026-08-15T20:52:24.565+05:30 DEBUG 10736 --- [io-8080-exec-10] o.s.web.servlet.DispatcherServlet        : GET "/api/v1/control/explain", parameters={}
2026-08-15T20:52:24.565+05:30 DEBUG 10736 --- [nio-8080-exec-6] o.s.web.servlet.DispatcherServlet        : GET "/api/v1/accounts", parameters={}
2026-08-15T20:52:24.568+05:30 DEBUG 10736 --- [nio-8080-exec-4] s.w.s.m.m.a.RequestMappingHandlerMapping : Mapped to com.finclear.api.ControlCenterController#overview()
2026-08-15T20:52:24.568+05:30 DEBUG 10736 --- [nio-8080-exec-3] s.w.s.m.m.a.RequestMappingHandlerMapping : Mapped to com.finclear.api.ControlCenterController#cases()
2026-08-15T20:52:24.568+05:30 DEBUG 10736 --- [nio-8080-exec-2] s.w.s.m.m.a.RequestMappingHandlerMapping : Mapped to com.finclear.api.PaymentController#latest()
2026-08-15T20:52:24.568+05:30 DEBUG 10736 --- [io-8080-exec-10] s.w.s.m.m.a.RequestMappingHandlerMapping : Mapped to com.finclear.api.ControlCenterController#explain()
2026-08-15T20:52:24.568+05:30 DEBUG 10736 --- [nio-8080-exec-6] s.w.s.m.m.a.RequestMappingHandlerMapping : Mapped to com.finclear.api.AccountController#all(Authentication)
2026-08-15T20:52:24.568+05:30 DEBUG 10736 --- [nio-8080-exec-3] org.hibernate.SQL                        : select ec1_0.id,ec1_0.amount,ec1_0.category,ec1_0.created_at,ec1_0.currency,ec1_0.evidence,ec1_0.owner,ec1_0.severity,ec1_0.status,ec1_0.title,ec1_0.updated_at from exception_cases ec1_0 order by ec1_0.created_at desc
2026-08-15T20:52:24.568+05:30 DEBUG 10736 --- [nio-8080-exec-2] org.hibernate.SQL                        : select p1_0.id,p1_0.amount,p1_0.created_at,p1_0.currency,p1_0.idempotency_key,p1_0.merchant,p1_0.payer_account_id,p1_0.status,p1_0.updated_at from payments p1_0 order by p1_0.created_at desc fetch first ? rows only
2026-08-15T20:52:24.568+05:30 DEBUG 10736 --- [nio-8080-exec-4] org.hibernate.SQL                        : select p1_0.id,p1_0.amount,p1_0.created_at,p1_0.currency,p1_0.idempotency_key,p1_0.merchant,p1_0.payer_account_id,p1_0.status,p1_0.updated_at from payments p1_0 order by p1_0.created_at desc fetch first ? rows only
2026-08-15T20:52:24.568+05:30 DEBUG 10736 --- [io-8080-exec-10] org.hibernate.SQL                        : select ec1_0.id,ec1_0.amount,ec1_0.category,ec1_0.created_at,ec1_0.currency,ec1_0.evidence,ec1_0.owner,ec1_0.severity,ec1_0.status,ec1_0.title,ec1_0.updated_at from exception_cases ec1_0 order by ec1_0.created_at desc
2026-08-15T20:52:24.574+05:30 DEBUG 10736 --- [nio-8080-exec-6] org.hibernate.SQL                        : select a1_0.id,a1_0.account_number,a1_0.available_balance,a1_0.created_at,a1_0.currency,a1_0.status,a1_0.user_id,a1_0.version from accounts a1_0
2026-08-15T20:52:24.574+05:30 DEBUG 10736 --- [nio-8080-exec-3] m.m.a.RequestResponseBodyMethodProcessor : Using 'application/json', given [*/*] and supported [application/json, application/*+json, application/yaml]
2026-08-15T20:52:24.574+05:30 DEBUG 10736 --- [nio-8080-exec-2] m.m.a.RequestResponseBodyMethodProcessor : Using 'application/json', given [*/*] and supported [application/json, application/*+json, application/yaml]
2026-08-15T20:52:24.574+05:30 DEBUG 10736 --- [io-8080-exec-10] m.m.a.RequestResponseBodyMethodProcessor : Using 'application/json', given [*/*] and supported [application/json, application/*+json, application/yaml]
2026-08-15T20:52:24.574+05:30 DEBUG 10736 --- [nio-8080-exec-3] m.m.a.RequestResponseBodyMethodProcessor : Writing [[{owner=Nisha � Payments Ops, title=Gateway settlement missing for captured payments, id=d9ebf868-67 (truncated)...]
2026-08-15T20:52:24.574+05:30 DEBUG 10736 --- [nio-8080-exec-4] org.hibernate.SQL                        : select a1_0.id,a1_0.account_number,a1_0.available_balance,a1_0.created_at,a1_0.currency,a1_0.status,a1_0.user_id,a1_0.version from accounts a1_0
2026-08-15T20:52:24.574+05:30 DEBUG 10736 --- [nio-8080-exec-2] m.m.a.RequestResponseBodyMethodProcessor : Writing [[]]
2026-08-15T20:52:24.576+05:30 DEBUG 10736 --- [nio-8080-exec-6] m.m.a.RequestResponseBodyMethodProcessor : Using 'application/json', given [*/*] and supported [application/json, application/*+json, application/yaml]
2026-08-15T20:52:24.576+05:30 DEBUG 10736 --- [io-8080-exec-10] m.m.a.RequestResponseBodyMethodProcessor : Writing [{summary=3 exceptions account for 629250.00 INR of operational exposure., headline=Money needs atten (truncated)...]
2026-08-15T20:52:24.576+05:30 DEBUG 10736 --- [nio-8080-exec-3] o.s.web.servlet.DispatcherServlet        : Completed 200 OK
2026-08-15T20:52:24.576+05:30 DEBUG 10736 --- [io-8080-exec-10] o.s.web.servlet.DispatcherServlet        : Completed 200 OK
2026-08-15T20:52:24.576+05:30 DEBUG 10736 --- [nio-8080-exec-4] org.hibernate.SQL                        : select ec1_0.id,ec1_0.amount,ec1_0.category,ec1_0.created_at,ec1_0.currency,ec1_0.evidence,ec1_0.owner,ec1_0.severity,ec1_0.status,ec1_0.title,ec1_0.updated_at from exception_cases ec1_0 order by ec1_0.created_at desc
2026-08-15T20:52:24.576+05:30 DEBUG 10736 --- [nio-8080-exec-6] m.m.a.RequestResponseBodyMethodProcessor : Writing [[{accountNumber=FC-100001, id=4e894728-ee87-4744-9b5e-e340a4d8741b, balance=1842680.0000, currency=I (truncated)...]
2026-08-15T20:52:24.576+05:30 DEBUG 10736 --- [nio-8080-exec-2] o.s.web.servlet.DispatcherServlet        : Completed 200 OK
2026-08-15T20:52:24.576+05:30 DEBUG 10736 --- [nio-8080-exec-4] m.m.a.RequestResponseBodyMethodProcessor : Using 'application/json', given [*/*] and supported [application/json, application/*+json, application/yaml]
2026-08-15T20:52:24.580+05:30 DEBUG 10736 --- [nio-8080-exec-6] o.s.web.servlet.DispatcherServlet        : Completed 200 OK
2026-08-15T20:52:24.581+05:30 DEBUG 10736 --- [nio-8080-exec-4] m.m.a.RequestResponseBodyMethodProcessor : Writing [{exposure=629250.0000, openExceptions=3, availableBalance=2667600.0000, settlementHealth=ATTENTION,  (truncated)...]
2026-08-15T20:52:24.581+05:30 DEBUG 10736 --- [nio-8080-exec-4] o.s.web.servlet.DispatcherServlet        : Completed 200 OK
2026-08-15T20:52:29.551+05:30 DEBUG 10736 --- [nio-8080-exec-3] o.s.web.servlet.DispatcherServlet        : GET "/api/v1/control/overview", parameters={}
2026-08-15T20:52:29.553+05:30 DEBUG 10736 --- [io-8080-exec-10] o.s.web.servlet.DispatcherServlet        : GET "/api/v1/control/exceptions", parameters={}
2026-08-15T20:52:29.559+05:30 DEBUG 10736 --- [nio-8080-exec-4] o.s.web.servlet.DispatcherServlet        : GET "/api/v1/control/explain", parameters={}
2026-08-15T20:52:29.559+05:30 DEBUG 10736 --- [nio-8080-exec-2] o.s.web.servlet.DispatcherServlet        : GET "/api/v1/payments", parameters={}
2026-08-15T20:52:29.559+05:30 DEBUG 10736 --- [nio-8080-exec-6] o.s.web.servlet.DispatcherServlet        : GET "/api/v1/accounts", parameters={}
2026-08-15T20:52:29.559+05:30 DEBUG 10736 --- [nio-8080-exec-3] s.w.s.m.m.a.RequestMappingHandlerMapping : Mapped to com.finclear.api.ControlCenterController#overview()
2026-08-15T20:52:29.559+05:30 DEBUG 10736 --- [io-8080-exec-10] s.w.s.m.m.a.RequestMappingHandlerMapping : Mapped to com.finclear.api.ControlCenterController#cases()
2026-08-15T20:52:29.561+05:30 DEBUG 10736 --- [nio-8080-exec-4] s.w.s.m.m.a.RequestMappingHandlerMapping : Mapped to com.finclear.api.ControlCenterController#explain()
2026-08-15T20:52:29.561+05:30 DEBUG 10736 --- [nio-8080-exec-2] s.w.s.m.m.a.RequestMappingHandlerMapping : Mapped to com.finclear.api.PaymentController#latest()
2026-08-15T20:52:29.561+05:30 DEBUG 10736 --- [nio-8080-exec-6] s.w.s.m.m.a.RequestMappingHandlerMapping : Mapped to com.finclear.api.AccountController#all(Authentication)
2026-08-15T20:52:29.565+05:30 DEBUG 10736 --- [nio-8080-exec-4] org.hibernate.SQL                        : select ec1_0.id,ec1_0.amount,ec1_0.category,ec1_0.created_at,ec1_0.currency,ec1_0.evidence,ec1_0.owner,ec1_0.severity,ec1_0.status,ec1_0.title,ec1_0.updated_at from exception_cases ec1_0 order by ec1_0.created_at desc
2026-08-15T20:52:29.565+05:30 DEBUG 10736 --- [io-8080-exec-10] org.hibernate.SQL                        : select ec1_0.id,ec1_0.amount,ec1_0.category,ec1_0.created_at,ec1_0.currency,ec1_0.evidence,ec1_0.owner,ec1_0.severity,ec1_0.status,ec1_0.title,ec1_0.updated_at from exception_cases ec1_0 order by ec1_0.created_at desc
2026-08-15T20:52:29.565+05:30 DEBUG 10736 --- [nio-8080-exec-3] org.hibernate.SQL                        : select p1_0.id,p1_0.amount,p1_0.created_at,p1_0.currency,p1_0.idempotency_key,p1_0.merchant,p1_0.payer_account_id,p1_0.status,p1_0.updated_at from payments p1_0 order by p1_0.created_at desc fetch first ? rows only
2026-08-15T20:52:29.565+05:30 DEBUG 10736 --- [io-8080-exec-10] m.m.a.RequestResponseBodyMethodProcessor : Using 'application/json', given [*/*] and supported [application/json, application/*+json, application/yaml]
2026-08-15T20:52:29.565+05:30 DEBUG 10736 --- [nio-8080-exec-2] org.hibernate.SQL                        : select p1_0.id,p1_0.amount,p1_0.created_at,p1_0.currency,p1_0.idempotency_key,p1_0.merchant,p1_0.payer_account_id,p1_0.status,p1_0.updated_at from payments p1_0 order by p1_0.created_at desc fetch first ? rows only
2026-08-15T20:52:29.565+05:30 DEBUG 10736 --- [nio-8080-exec-6] org.hibernate.SQL                        : select a1_0.id,a1_0.account_number,a1_0.available_balance,a1_0.created_at,a1_0.currency,a1_0.status,a1_0.user_id,a1_0.version from accounts a1_0
2026-08-15T20:52:29.568+05:30 DEBUG 10736 --- [nio-8080-exec-4] m.m.a.RequestResponseBodyMethodProcessor : Using 'application/json', given [*/*] and supported [application/json, application/*+json, application/yaml]
2026-08-15T20:52:29.568+05:30 DEBUG 10736 --- [nio-8080-exec-2] m.m.a.RequestResponseBodyMethodProcessor : Using 'application/json', given [*/*] and supported [application/json, application/*+json, application/yaml]
2026-08-15T20:52:29.568+05:30 DEBUG 10736 --- [nio-8080-exec-3] org.hibernate.SQL                        : select a1_0.id,a1_0.account_number,a1_0.available_balance,a1_0.created_at,a1_0.currency,a1_0.status,a1_0.user_id,a1_0.version from accounts a1_0
2026-08-15T20:52:29.568+05:30 DEBUG 10736 --- [io-8080-exec-10] m.m.a.RequestResponseBodyMethodProcessor : Writing [[{owner=Nisha � Payments Ops, title=Gateway settlement missing for captured payments, id=d9ebf868-67 (truncated)...]
2026-08-15T20:52:29.568+05:30 DEBUG 10736 --- [nio-8080-exec-4] m.m.a.RequestResponseBodyMethodProcessor : Writing [{summary=3 exceptions account for 629250.00 INR of operational exposure., headline=Money needs atten (truncated)...]
2026-08-15T20:52:29.568+05:30 DEBUG 10736 --- [io-8080-exec-10] o.s.web.servlet.DispatcherServlet        : Completed 200 OK
2026-08-15T20:52:29.568+05:30 DEBUG 10736 --- [nio-8080-exec-3] org.hibernate.SQL                        : select ec1_0.id,ec1_0.amount,ec1_0.category,ec1_0.created_at,ec1_0.currency,ec1_0.evidence,ec1_0.owner,ec1_0.severity,ec1_0.status,ec1_0.title,ec1_0.updated_at from exception_cases ec1_0 order by ec1_0.created_at desc
2026-08-15T20:52:29.568+05:30 DEBUG 10736 --- [nio-8080-exec-2] m.m.a.RequestResponseBodyMethodProcessor : Writing [[]]
2026-08-15T20:52:29.568+05:30 DEBUG 10736 --- [nio-8080-exec-2] o.s.web.servlet.DispatcherServlet        : Completed 200 OK
2026-08-15T20:52:29.568+05:30 DEBUG 10736 --- [nio-8080-exec-6] m.m.a.RequestResponseBodyMethodProcessor : Using 'application/json', given [*/*] and supported [application/json, application/*+json, application/yaml]
2026-08-15T20:52:29.574+05:30 DEBUG 10736 --- [nio-8080-exec-6] m.m.a.RequestResponseBodyMethodProcessor : Writing [[{accountNumber=FC-100001, id=4e894728-ee87-4744-9b5e-e340a4d8741b, balance=1842680.0000, currency=I (truncated)...]
2026-08-15T20:52:29.568+05:30 DEBUG 10736 --- [nio-8080-exec-4] o.s.web.servlet.DispatcherServlet        : Completed 200 OK
2026-08-15T20:52:29.574+05:30 DEBUG 10736 --- [nio-8080-exec-6] o.s.web.servlet.DispatcherServlet        : Completed 200 OK
2026-08-15T20:52:29.568+05:30 DEBUG 10736 --- [nio-8080-exec-3] m.m.a.RequestResponseBodyMethodProcessor : Using 'application/json', given [*/*] and supported [application/json, application/*+json, application/yaml]
2026-08-15T20:52:29.577+05:30 DEBUG 10736 --- [nio-8080-exec-3] m.m.a.RequestResponseBodyMethodProcessor : Writing [{exposure=629250.0000, openExceptions=3, availableBalance=2667600.0000, settlementHealth=ATTENTION,  (truncated)...]
2026-08-15T20:52:29.578+05:30 DEBUG 10736 --- [nio-8080-exec-3] o.s.web.servlet.DispatcherServlet        : Completed 200 OK
2026-08-15T20:52:34.561+05:30 DEBUG 10736 --- [nio-8080-exec-7] o.s.web.servlet.DispatcherServlet        : GET "/api/v1/payments", parameters={}
2026-08-15T20:52:34.561+05:30 DEBUG 10736 --- [nio-8080-exec-1] o.s.web.servlet.DispatcherServlet        : GET "/api/v1/control/overview", parameters={}
2026-08-15T20:52:34.559+05:30 DEBUG 10736 --- [nio-8080-exec-5] o.s.web.servlet.DispatcherServlet        : GET "/api/v1/control/exceptions", parameters={}
2026-08-15T20:52:34.561+05:30 DEBUG 10736 --- [nio-8080-exec-8] o.s.web.servlet.DispatcherServlet        : GET "/api/v1/accounts", parameters={}
2026-08-15T20:52:34.563+05:30 DEBUG 10736 --- [nio-8080-exec-9] o.s.web.servlet.DispatcherServlet        : GET "/api/v1/control/explain", parameters={}
2026-08-15T20:52:34.569+05:30 DEBUG 10736 --- [nio-8080-exec-7] s.w.s.m.m.a.RequestMappingHandlerMapping : Mapped to com.finclear.api.PaymentController#latest()
2026-08-15T20:52:34.569+05:30 DEBUG 10736 --- [nio-8080-exec-1] s.w.s.m.m.a.RequestMappingHandlerMapping : Mapped to com.finclear.api.ControlCenterController#overview()
2026-08-15T20:52:34.570+05:30 DEBUG 10736 --- [nio-8080-exec-5] s.w.s.m.m.a.RequestMappingHandlerMapping : Mapped to com.finclear.api.ControlCenterController#cases()
2026-08-15T20:52:34.570+05:30 DEBUG 10736 --- [nio-8080-exec-8] s.w.s.m.m.a.RequestMappingHandlerMapping : Mapped to com.finclear.api.AccountController#all(Authentication)
2026-08-15T20:52:34.570+05:30 DEBUG 10736 --- [nio-8080-exec-9] s.w.s.m.m.a.RequestMappingHandlerMapping : Mapped to com.finclear.api.ControlCenterController#explain()
2026-08-15T20:52:34.570+05:30 DEBUG 10736 --- [nio-8080-exec-7] org.hibernate.SQL                        : select p1_0.id,p1_0.amount,p1_0.created_at,p1_0.currency,p1_0.idempotency_key,p1_0.merchant,p1_0.payer_account_id,p1_0.status,p1_0.updated_at from payments p1_0 order by p1_0.created_at desc fetch first ? rows only
2026-08-15T20:52:34.570+05:30 DEBUG 10736 --- [nio-8080-exec-5] org.hibernate.SQL                        : select ec1_0.id,ec1_0.amount,ec1_0.category,ec1_0.created_at,ec1_0.currency,ec1_0.evidence,ec1_0.owner,ec1_0.severity,ec1_0.status,ec1_0.title,ec1_0.updated_at from exception_cases ec1_0 order by ec1_0.created_at desc
2026-08-15T20:52:34.570+05:30 DEBUG 10736 --- [nio-8080-exec-8] org.hibernate.SQL                        : select a1_0.id,a1_0.account_number,a1_0.available_balance,a1_0.created_at,a1_0.currency,a1_0.status,a1_0.user_id,a1_0.version from accounts a1_0
2026-08-15T20:52:34.574+05:30 DEBUG 10736 --- [nio-8080-exec-7] m.m.a.RequestResponseBodyMethodProcessor : Using 'application/json', given [*/*] and supported [application/json, application/*+json, application/yaml]
2026-08-15T20:52:34.573+05:30 DEBUG 10736 --- [nio-8080-exec-1] org.hibernate.SQL                        : select p1_0.id,p1_0.amount,p1_0.created_at,p1_0.currency,p1_0.idempotency_key,p1_0.merchant,p1_0.payer_account_id,p1_0.status,p1_0.updated_at from payments p1_0 order by p1_0.created_at desc fetch first ? rows only
2026-08-15T20:52:34.574+05:30 DEBUG 10736 --- [nio-8080-exec-9] org.hibernate.SQL                        : select ec1_0.id,ec1_0.amount,ec1_0.category,ec1_0.created_at,ec1_0.currency,ec1_0.evidence,ec1_0.owner,ec1_0.severity,ec1_0.status,ec1_0.title,ec1_0.updated_at from exception_cases ec1_0 order by ec1_0.created_at desc
2026-08-15T20:52:34.574+05:30 DEBUG 10736 --- [nio-8080-exec-8] m.m.a.RequestResponseBodyMethodProcessor : Using 'application/json', given [*/*] and supported [application/json, application/*+json, application/yaml]
2026-08-15T20:52:34.574+05:30 DEBUG 10736 --- [nio-8080-exec-5] m.m.a.RequestResponseBodyMethodProcessor : Using 'application/json', given [*/*] and supported [application/json, application/*+json, application/yaml]
2026-08-15T20:52:34.574+05:30 DEBUG 10736 --- [nio-8080-exec-7] m.m.a.RequestResponseBodyMethodProcessor : Writing [[]]
2026-08-15T20:52:34.574+05:30 DEBUG 10736 --- [nio-8080-exec-9] m.m.a.RequestResponseBodyMethodProcessor : Using 'application/json', given [*/*] and supported [application/json, application/*+json, application/yaml]
2026-08-15T20:52:34.574+05:30 DEBUG 10736 --- [nio-8080-exec-8] m.m.a.RequestResponseBodyMethodProcessor : Writing [[{accountNumber=FC-100001, id=4e894728-ee87-4744-9b5e-e340a4d8741b, balance=1842680.0000, currency=I (truncated)...]
2026-08-15T20:52:34.574+05:30 DEBUG 10736 --- [nio-8080-exec-1] org.hibernate.SQL                        : select a1_0.id,a1_0.account_number,a1_0.available_balance,a1_0.created_at,a1_0.currency,a1_0.status,a1_0.user_id,a1_0.version from accounts a1_0
2026-08-15T20:52:34.574+05:30 DEBUG 10736 --- [nio-8080-exec-5] m.m.a.RequestResponseBodyMethodProcessor : Writing [[{owner=Nisha � Payments Ops, title=Gateway settlement missing for captured payments, id=d9ebf868-67 (truncated)...]
2026-08-15T20:52:34.574+05:30 DEBUG 10736 --- [nio-8080-exec-5] o.s.web.servlet.DispatcherServlet        : Completed 200 OK
2026-08-15T20:52:34.574+05:30 DEBUG 10736 --- [nio-8080-exec-9] m.m.a.RequestResponseBodyMethodProcessor : Writing [{summary=3 exceptions account for 629250.00 INR of operational exposure., headline=Money needs atten (truncated)...]
2026-08-15T20:52:34.574+05:30 DEBUG 10736 --- [nio-8080-exec-7] o.s.web.servlet.DispatcherServlet        : Completed 200 OK
2026-08-15T20:52:34.581+05:30 DEBUG 10736 --- [nio-8080-exec-9] o.s.web.servlet.DispatcherServlet        : Completed 200 OK
2026-08-15T20:52:34.574+05:30 DEBUG 10736 --- [nio-8080-exec-8] o.s.web.servlet.DispatcherServlet        : Completed 200 OK
2026-08-15T20:52:34.581+05:30 DEBUG 10736 --- [nio-8080-exec-1] org.hibernate.SQL                        : select ec1_0.id,ec1_0.amount,ec1_0.category,ec1_0.created_at,ec1_0.currency,ec1_0.evidence,ec1_0.owner,ec1_0.severity,ec1_0.status,ec1_0.title,ec1_0.updated_at from exception_cases ec1_0 order by ec1_0.created_at desc
2026-08-15T20:52:34.584+05:30 DEBUG 10736 --- [nio-8080-exec-1] m.m.a.RequestResponseBodyMethodProcessor : Using 'application/json', given [*/*] and supported [application/json, application/*+json, application/yaml]
2026-08-15T20:52:34.584+05:30 DEBUG 10736 --- [nio-8080-exec-1] m.m.a.RequestResponseBodyMethodProcessor : Writing [{exposure=629250.0000, openExceptions=3, availableBalance=2667600.0000, settlementHealth=ATTENTION,  (truncated)...]
2026-08-15T20:52:34.586+05:30 DEBUG 10736 --- [nio-8080-exec-1] o.s.web.servlet.DispatcherServlet        : Completed 200 OK
2026-08-15T20:52:39.553+05:30 DEBUG 10736 --- [nio-8080-exec-5] o.s.web.servlet.DispatcherServlet        : GET "/api/v1/control/overview", parameters={}
2026-08-15T20:52:39.557+05:30 DEBUG 10736 --- [nio-8080-exec-7] o.s.web.servlet.DispatcherServlet        : GET "/api/v1/control/exceptions", parameters={}
2026-08-15T20:52:39.557+05:30 DEBUG 10736 --- [nio-8080-exec-9] o.s.web.servlet.DispatcherServlet        : GET "/api/v1/payments", parameters={}
2026-08-15T20:52:39.559+05:30 DEBUG 10736 --- [nio-8080-exec-8] o.s.web.servlet.DispatcherServlet        : GET "/api/v1/accounts", parameters={}
2026-08-15T20:52:39.561+05:30 DEBUG 10736 --- [nio-8080-exec-1] o.s.web.servlet.DispatcherServlet        : GET "/api/v1/control/explain", parameters={}
2026-08-15T20:52:39.562+05:30 DEBUG 10736 --- [nio-8080-exec-5] s.w.s.m.m.a.RequestMappingHandlerMapping : Mapped to com.finclear.api.ControlCenterController#overview()
2026-08-15T20:52:39.563+05:30 DEBUG 10736 --- [nio-8080-exec-7] s.w.s.m.m.a.RequestMappingHandlerMapping : Mapped to com.finclear.api.ControlCenterController#cases()
2026-08-15T20:52:39.563+05:30 DEBUG 10736 --- [nio-8080-exec-9] s.w.s.m.m.a.RequestMappingHandlerMapping : Mapped to com.finclear.api.PaymentController#latest()
2026-08-15T20:52:39.564+05:30 DEBUG 10736 --- [nio-8080-exec-8] s.w.s.m.m.a.RequestMappingHandlerMapping : Mapped to com.finclear.api.AccountController#all(Authentication)
2026-08-15T20:52:39.564+05:30 DEBUG 10736 --- [nio-8080-exec-5] org.hibernate.SQL                        : select p1_0.id,p1_0.amount,p1_0.created_at,p1_0.currency,p1_0.idempotency_key,p1_0.merchant,p1_0.payer_account_id,p1_0.status,p1_0.updated_at from payments p1_0 order by p1_0.created_at desc fetch first ? rows only
2026-08-15T20:52:39.567+05:30 DEBUG 10736 --- [nio-8080-exec-8] org.hibernate.SQL                        : select a1_0.id,a1_0.account_number,a1_0.available_balance,a1_0.created_at,a1_0.currency,a1_0.status,a1_0.user_id,a1_0.version from accounts a1_0
2026-08-15T20:52:39.564+05:30 DEBUG 10736 --- [nio-8080-exec-1] s.w.s.m.m.a.RequestMappingHandlerMapping : Mapped to com.finclear.api.ControlCenterController#explain()
2026-08-15T20:52:39.564+05:30 DEBUG 10736 --- [nio-8080-exec-7] org.hibernate.SQL                        : select ec1_0.id,ec1_0.amount,ec1_0.category,ec1_0.created_at,ec1_0.currency,ec1_0.evidence,ec1_0.owner,ec1_0.severity,ec1_0.status,ec1_0.title,ec1_0.updated_at from exception_cases ec1_0 order by ec1_0.created_at desc
2026-08-15T20:52:39.564+05:30 DEBUG 10736 --- [nio-8080-exec-9] org.hibernate.SQL                        : select p1_0.id,p1_0.amount,p1_0.created_at,p1_0.currency,p1_0.idempotency_key,p1_0.merchant,p1_0.payer_account_id,p1_0.status,p1_0.updated_at from payments p1_0 order by p1_0.created_at desc fetch first ? rows only
2026-08-15T20:52:39.567+05:30 DEBUG 10736 --- [nio-8080-exec-5] org.hibernate.SQL                        : select a1_0.id,a1_0.account_number,a1_0.available_balance,a1_0.created_at,a1_0.currency,a1_0.status,a1_0.user_id,a1_0.version from accounts a1_0
2026-08-15T20:52:39.567+05:30 DEBUG 10736 --- [nio-8080-exec-8] m.m.a.RequestResponseBodyMethodProcessor : Using 'application/json', given [*/*] and supported [application/json, application/*+json, application/yaml]
2026-08-15T20:52:39.567+05:30 DEBUG 10736 --- [nio-8080-exec-1] org.hibernate.SQL                        : select ec1_0.id,ec1_0.amount,ec1_0.category,ec1_0.created_at,ec1_0.currency,ec1_0.evidence,ec1_0.owner,ec1_0.severity,ec1_0.status,ec1_0.title,ec1_0.updated_at from exception_cases ec1_0 order by ec1_0.created_at desc
2026-08-15T20:52:39.567+05:30 DEBUG 10736 --- [nio-8080-exec-7] m.m.a.RequestResponseBodyMethodProcessor : Using 'application/json', given [*/*] and supported [application/json, application/*+json, application/yaml]
2026-08-15T20:52:39.567+05:30 DEBUG 10736 --- [nio-8080-exec-9] m.m.a.RequestResponseBodyMethodProcessor : Using 'application/json', given [*/*] and supported [application/json, application/*+json, application/yaml]
2026-08-15T20:52:39.567+05:30 DEBUG 10736 --- [nio-8080-exec-8] m.m.a.RequestResponseBodyMethodProcessor : Writing [[{accountNumber=FC-100001, id=4e894728-ee87-4744-9b5e-e340a4d8741b, balance=1842680.0000, currency=I (truncated)...]
2026-08-15T20:52:39.567+05:30 DEBUG 10736 --- [nio-8080-exec-7] m.m.a.RequestResponseBodyMethodProcessor : Writing [[{owner=Nisha � Payments Ops, title=Gateway settlement missing for captured payments, id=d9ebf868-67 (truncated)...]
2026-08-15T20:52:39.567+05:30 DEBUG 10736 --- [nio-8080-exec-5] org.hibernate.SQL                        : select ec1_0.id,ec1_0.amount,ec1_0.category,ec1_0.created_at,ec1_0.currency,ec1_0.evidence,ec1_0.owner,ec1_0.severity,ec1_0.status,ec1_0.title,ec1_0.updated_at from exception_cases ec1_0 order by ec1_0.created_at desc
2026-08-15T20:52:39.567+05:30 DEBUG 10736 --- [nio-8080-exec-8] o.s.web.servlet.DispatcherServlet        : Completed 200 OK
2026-08-15T20:52:39.567+05:30 DEBUG 10736 --- [nio-8080-exec-9] m.m.a.RequestResponseBodyMethodProcessor : Writing [[]]
2026-08-15T20:52:39.575+05:30 DEBUG 10736 --- [nio-8080-exec-5] m.m.a.RequestResponseBodyMethodProcessor : Using 'application/json', given [*/*] and supported [application/json, application/*+json, application/yaml]
2026-08-15T20:52:39.567+05:30 DEBUG 10736 --- [nio-8080-exec-1] m.m.a.RequestResponseBodyMethodProcessor : Using 'application/json', given [*/*] and supported [application/json, application/*+json, application/yaml]
2026-08-15T20:52:39.575+05:30 DEBUG 10736 --- [nio-8080-exec-1] m.m.a.RequestResponseBodyMethodProcessor : Writing [{summary=3 exceptions account for 629250.00 INR of operational exposure., headline=Money needs atten (truncated)...]
2026-08-15T20:52:39.567+05:30 DEBUG 10736 --- [nio-8080-exec-7] o.s.web.servlet.DispatcherServlet        : Completed 200 OK
2026-08-15T20:52:39.575+05:30 DEBUG 10736 --- [nio-8080-exec-9] o.s.web.servlet.DispatcherServlet        : Completed 200 OK
2026-08-15T20:52:39.575+05:30 DEBUG 10736 --- [nio-8080-exec-5] m.m.a.RequestResponseBodyMethodProcessor : Writing [{exposure=629250.0000, openExceptions=3, availableBalance=2667600.0000, settlementHealth=ATTENTION,  (truncated)...]
2026-08-15T20:52:39.575+05:30 DEBUG 10736 --- [nio-8080-exec-1] o.s.web.servlet.DispatcherServlet        : Completed 200 OK
2026-08-15T20:52:39.577+05:30 DEBUG 10736 --- [nio-8080-exec-5] o.s.web.servlet.DispatcherServlet        : Completed 200 OK
2026-08-15T20:52:44.557+05:30 DEBUG 10736 --- [nio-8080-exec-8] o.s.web.servlet.DispatcherServlet        : GET "/api/v1/control/overview", parameters={}
2026-08-15T20:52:44.566+05:30 DEBUG 10736 --- [nio-8080-exec-5] o.s.web.servlet.DispatcherServlet        : GET "/api/v1/control/explain", parameters={}
2026-08-15T20:52:44.565+05:30 DEBUG 10736 --- [nio-8080-exec-9] o.s.web.servlet.DispatcherServlet        : GET "/api/v1/control/exceptions", parameters={}
2026-08-15T20:52:44.566+05:30 DEBUG 10736 --- [nio-8080-exec-7] o.s.web.servlet.DispatcherServlet        : GET "/api/v1/payments", parameters={}
2026-08-15T20:52:44.566+05:30 DEBUG 10736 --- [nio-8080-exec-8] s.w.s.m.m.a.RequestMappingHandlerMapping : Mapped to com.finclear.api.ControlCenterController#overview()
2026-08-15T20:52:44.566+05:30 DEBUG 10736 --- [nio-8080-exec-5] s.w.s.m.m.a.RequestMappingHandlerMapping : Mapped to com.finclear.api.ControlCenterController#explain()
2026-08-15T20:52:44.566+05:30 DEBUG 10736 --- [nio-8080-exec-1] o.s.web.servlet.DispatcherServlet        : GET "/api/v1/accounts", parameters={}
2026-08-15T20:52:44.566+05:30 DEBUG 10736 --- [nio-8080-exec-9] s.w.s.m.m.a.RequestMappingHandlerMapping : Mapped to com.finclear.api.ControlCenterController#cases()
2026-08-15T20:52:44.566+05:30 DEBUG 10736 --- [nio-8080-exec-7] s.w.s.m.m.a.RequestMappingHandlerMapping : Mapped to com.finclear.api.PaymentController#latest()
2026-08-15T20:52:44.566+05:30 DEBUG 10736 --- [nio-8080-exec-1] s.w.s.m.m.a.RequestMappingHandlerMapping : Mapped to com.finclear.api.AccountController#all(Authentication)
2026-08-15T20:52:44.566+05:30 DEBUG 10736 --- [nio-8080-exec-5] org.hibernate.SQL                        : select ec1_0.id,ec1_0.amount,ec1_0.category,ec1_0.created_at,ec1_0.currency,ec1_0.evidence,ec1_0.owner,ec1_0.severity,ec1_0.status,ec1_0.title,ec1_0.updated_at from exception_cases ec1_0 order by ec1_0.created_at desc
2026-08-15T20:52:44.570+05:30 DEBUG 10736 --- [nio-8080-exec-8] org.hibernate.SQL                        : select p1_0.id,p1_0.amount,p1_0.created_at,p1_0.currency,p1_0.idempotency_key,p1_0.merchant,p1_0.payer_account_id,p1_0.status,p1_0.updated_at from payments p1_0 order by p1_0.created_at desc fetch first ? rows only
2026-08-15T20:52:44.570+05:30 DEBUG 10736 --- [nio-8080-exec-9] org.hibernate.SQL                        : select ec1_0.id,ec1_0.amount,ec1_0.category,ec1_0.created_at,ec1_0.currency,ec1_0.evidence,ec1_0.owner,ec1_0.severity,ec1_0.status,ec1_0.title,ec1_0.updated_at from exception_cases ec1_0 order by ec1_0.created_at desc
2026-08-15T20:52:44.570+05:30 DEBUG 10736 --- [nio-8080-exec-5] m.m.a.RequestResponseBodyMethodProcessor : Using 'application/json', given [*/*] and supported [application/json, application/*+json, application/yaml]
2026-08-15T20:52:44.570+05:30 DEBUG 10736 --- [nio-8080-exec-5] m.m.a.RequestResponseBodyMethodProcessor : Writing [{summary=3 exceptions account for 629250.00 INR of operational exposure., headline=Money needs atten (truncated)...]
2026-08-15T20:52:44.578+05:30 DEBUG 10736 --- [nio-8080-exec-9] m.m.a.RequestResponseBodyMethodProcessor : Using 'application/json', given [*/*] and supported [application/json, application/*+json, application/yaml]
2026-08-15T20:52:44.578+05:30 DEBUG 10736 --- [nio-8080-exec-8] org.hibernate.SQL                        : select a1_0.id,a1_0.account_number,a1_0.available_balance,a1_0.created_at,a1_0.currency,a1_0.status,a1_0.user_id,a1_0.version from accounts a1_0
2026-08-15T20:52:44.578+05:30 DEBUG 10736 --- [nio-8080-exec-7] org.hibernate.SQL                        : select p1_0.id,p1_0.amount,p1_0.created_at,p1_0.currency,p1_0.idempotency_key,p1_0.merchant,p1_0.payer_account_id,p1_0.status,p1_0.updated_at from payments p1_0 order by p1_0.created_at desc fetch first ? rows only
2026-08-15T20:52:44.578+05:30 DEBUG 10736 --- [nio-8080-exec-9] m.m.a.RequestResponseBodyMethodProcessor : Writing [[{owner=Nisha � Payments Ops, title=Gateway settlement missing for captured payments, id=d9ebf868-67 (truncated)...]
2026-08-15T20:52:44.578+05:30 DEBUG 10736 --- [nio-8080-exec-5] o.s.web.servlet.DispatcherServlet        : Completed 200 OK
2026-08-15T20:52:44.582+05:30 DEBUG 10736 --- [nio-8080-exec-8] org.hibernate.SQL                        : select ec1_0.id,ec1_0.amount,ec1_0.category,ec1_0.created_at,ec1_0.currency,ec1_0.evidence,ec1_0.owner,ec1_0.severity,ec1_0.status,ec1_0.title,ec1_0.updated_at from exception_cases ec1_0 order by ec1_0.created_at desc
2026-08-15T20:52:44.585+05:30 DEBUG 10736 --- [nio-8080-exec-8] m.m.a.RequestResponseBodyMethodProcessor : Using 'application/json', given [*/*] and supported [application/json, application/*+json, application/yaml]
2026-08-15T20:52:44.578+05:30 DEBUG 10736 --- [nio-8080-exec-1] org.hibernate.SQL                        : select a1_0.id,a1_0.account_number,a1_0.available_balance,a1_0.created_at,a1_0.currency,a1_0.status,a1_0.user_id,a1_0.version from accounts a1_0
2026-08-15T20:52:44.582+05:30 DEBUG 10736 --- [nio-8080-exec-7] m.m.a.RequestResponseBodyMethodProcessor : Using 'application/json', given [*/*] and supported [application/json, application/*+json, application/yaml]
2026-08-15T20:52:44.582+05:30 DEBUG 10736 --- [nio-8080-exec-9] o.s.web.servlet.DispatcherServlet        : Completed 200 OK
2026-08-15T20:52:44.585+05:30 DEBUG 10736 --- [nio-8080-exec-8] m.m.a.RequestResponseBodyMethodProcessor : Writing [{exposure=629250.0000, openExceptions=3, availableBalance=2667600.0000, settlementHealth=ATTENTION,  (truncated)...]
2026-08-15T20:52:44.585+05:30 DEBUG 10736 --- [nio-8080-exec-7] m.m.a.RequestResponseBodyMethodProcessor : Writing [[]]
2026-08-15T20:52:44.585+05:30 DEBUG 10736 --- [nio-8080-exec-1] m.m.a.RequestResponseBodyMethodProcessor : Using 'application/json', given [*/*] and supported [application/json, application/*+json, application/yaml]
2026-08-15T20:52:44.585+05:30 DEBUG 10736 --- [nio-8080-exec-7] o.s.web.servlet.DispatcherServlet        : Completed 200 OK
2026-08-15T20:52:44.585+05:30 DEBUG 10736 --- [nio-8080-exec-1] m.m.a.RequestResponseBodyMethodProcessor : Writing [[{accountNumber=FC-100001, id=4e894728-ee87-4744-9b5e-e340a4d8741b, balance=1842680.0000, currency=I (truncated)...]
2026-08-15T20:52:44.585+05:30 DEBUG 10736 --- [nio-8080-exec-8] o.s.web.servlet.DispatcherServlet        : Completed 200 OK
2026-08-15T20:52:44.585+05:30 DEBUG 10736 --- [nio-8080-exec-1] o.s.web.servlet.DispatcherServlet        : Completed 200 OK
2026-08-15T20:53:30.560+05:30 DEBUG 10736 --- [nio-8080-exec-5] o.s.web.servlet.DispatcherServlet        : GET "/api/v1/control/overview", parameters={}
2026-08-15T20:53:30.565+05:30 DEBUG 10736 --- [io-8080-exec-10] o.s.web.servlet.DispatcherServlet        : GET "/api/v1/control/exceptions", parameters={}
2026-08-15T20:53:30.565+05:30 DEBUG 10736 --- [nio-8080-exec-6] o.s.web.servlet.DispatcherServlet        : GET "/api/v1/payments", parameters={}
2026-08-15T20:53:30.570+05:30 DEBUG 10736 --- [nio-8080-exec-4] o.s.web.servlet.DispatcherServlet        : GET "/api/v1/accounts", parameters={}
2026-08-15T20:53:30.570+05:30 DEBUG 10736 --- [nio-8080-exec-3] o.s.web.servlet.DispatcherServlet        : GET "/api/v1/control/explain", parameters={}
2026-08-15T20:53:30.571+05:30 DEBUG 10736 --- [nio-8080-exec-5] s.w.s.m.m.a.RequestMappingHandlerMapping : Mapped to com.finclear.api.ControlCenterController#overview()
2026-08-15T20:53:30.571+05:30 DEBUG 10736 --- [io-8080-exec-10] s.w.s.m.m.a.RequestMappingHandlerMapping : Mapped to com.finclear.api.ControlCenterController#cases()
2026-08-15T20:53:30.571+05:30 DEBUG 10736 --- [nio-8080-exec-6] s.w.s.m.m.a.RequestMappingHandlerMapping : Mapped to com.finclear.api.PaymentController#latest()
2026-08-15T20:53:30.571+05:30 DEBUG 10736 --- [nio-8080-exec-4] s.w.s.m.m.a.RequestMappingHandlerMapping : Mapped to com.finclear.api.AccountController#all(Authentication)
2026-08-15T20:53:30.574+05:30 DEBUG 10736 --- [nio-8080-exec-3] s.w.s.m.m.a.RequestMappingHandlerMapping : Mapped to com.finclear.api.ControlCenterController#explain()
2026-08-15T20:53:30.576+05:30 DEBUG 10736 --- [nio-8080-exec-5] org.hibernate.SQL                        : select p1_0.id,p1_0.amount,p1_0.created_at,p1_0.currency,p1_0.idempotency_key,p1_0.merchant,p1_0.payer_account_id,p1_0.status,p1_0.updated_at from payments p1_0 order by p1_0.created_at desc fetch first ? rows only
2026-08-15T20:53:30.576+05:30 DEBUG 10736 --- [io-8080-exec-10] org.hibernate.SQL                        : select ec1_0.id,ec1_0.amount,ec1_0.category,ec1_0.created_at,ec1_0.currency,ec1_0.evidence,ec1_0.owner,ec1_0.severity,ec1_0.status,ec1_0.title,ec1_0.updated_at from exception_cases ec1_0 order by ec1_0.created_at desc
2026-08-15T20:53:30.576+05:30 DEBUG 10736 --- [nio-8080-exec-6] org.hibernate.SQL                        : select p1_0.id,p1_0.amount,p1_0.created_at,p1_0.currency,p1_0.idempotency_key,p1_0.merchant,p1_0.payer_account_id,p1_0.status,p1_0.updated_at from payments p1_0 order by p1_0.created_at desc fetch first ? rows only
2026-08-15T20:53:30.576+05:30 DEBUG 10736 --- [nio-8080-exec-4] org.hibernate.SQL                        : select a1_0.id,a1_0.account_number,a1_0.available_balance,a1_0.created_at,a1_0.currency,a1_0.status,a1_0.user_id,a1_0.version from accounts a1_0
2026-08-15T20:53:30.576+05:30 DEBUG 10736 --- [nio-8080-exec-3] org.hibernate.SQL                        : select ec1_0.id,ec1_0.amount,ec1_0.category,ec1_0.created_at,ec1_0.currency,ec1_0.evidence,ec1_0.owner,ec1_0.severity,ec1_0.status,ec1_0.title,ec1_0.updated_at from exception_cases ec1_0 order by ec1_0.created_at desc
2026-08-15T20:53:30.576+05:30 DEBUG 10736 --- [nio-8080-exec-5] org.hibernate.SQL                        : select a1_0.id,a1_0.account_number,a1_0.available_balance,a1_0.created_at,a1_0.currency,a1_0.status,a1_0.user_id,a1_0.version from accounts a1_0
2026-08-15T20:53:30.576+05:30 DEBUG 10736 --- [io-8080-exec-10] m.m.a.RequestResponseBodyMethodProcessor : Using 'application/json', given [*/*] and supported [application/json, application/*+json, application/yaml]
2026-08-15T20:53:30.576+05:30 DEBUG 10736 --- [nio-8080-exec-6] m.m.a.RequestResponseBodyMethodProcessor : Using 'application/json', given [*/*] and supported [application/json, application/*+json, application/yaml]
2026-08-15T20:53:30.578+05:30 DEBUG 10736 --- [nio-8080-exec-4] m.m.a.RequestResponseBodyMethodProcessor : Using 'application/json', given [*/*] and supported [application/json, application/*+json, application/yaml]
2026-08-15T20:53:30.578+05:30 DEBUG 10736 --- [nio-8080-exec-3] m.m.a.RequestResponseBodyMethodProcessor : Using 'application/json', given [*/*] and supported [application/json, application/*+json, application/yaml]
2026-08-15T20:53:30.578+05:30 DEBUG 10736 --- [io-8080-exec-10] m.m.a.RequestResponseBodyMethodProcessor : Writing [[{owner=Nisha � Payments Ops, title=Gateway settlement missing for captured payments, id=d9ebf868-67 (truncated)...]
2026-08-15T20:53:30.578+05:30 DEBUG 10736 --- [nio-8080-exec-6] m.m.a.RequestResponseBodyMethodProcessor : Writing [[]]
2026-08-15T20:53:30.578+05:30 DEBUG 10736 --- [nio-8080-exec-5] org.hibernate.SQL                        : select ec1_0.id,ec1_0.amount,ec1_0.category,ec1_0.created_at,ec1_0.currency,ec1_0.evidence,ec1_0.owner,ec1_0.severity,ec1_0.status,ec1_0.title,ec1_0.updated_at from exception_cases ec1_0 order by ec1_0.created_at desc
2026-08-15T20:53:30.578+05:30 DEBUG 10736 --- [nio-8080-exec-4] m.m.a.RequestResponseBodyMethodProcessor : Writing [[{accountNumber=FC-100001, id=4e894728-ee87-4744-9b5e-e340a4d8741b, balance=1842680.0000, currency=I (truncated)...]
2026-08-15T20:53:30.578+05:30 DEBUG 10736 --- [nio-8080-exec-3] m.m.a.RequestResponseBodyMethodProcessor : Writing [{summary=3 exceptions account for 629250.00 INR of operational exposure., headline=Money needs atten (truncated)...]
2026-08-15T20:53:30.578+05:30 DEBUG 10736 --- [io-8080-exec-10] o.s.web.servlet.DispatcherServlet        : Completed 200 OK
2026-08-15T20:53:30.581+05:30 DEBUG 10736 --- [nio-8080-exec-6] o.s.web.servlet.DispatcherServlet        : Completed 200 OK
2026-08-15T20:53:30.581+05:30 DEBUG 10736 --- [nio-8080-exec-4] o.s.web.servlet.DispatcherServlet        : Completed 200 OK
2026-08-15T20:53:30.581+05:30 DEBUG 10736 --- [nio-8080-exec-5] m.m.a.RequestResponseBodyMethodProcessor : Using 'application/json', given [*/*] and supported [application/json, application/*+json, application/yaml]
2026-08-15T20:53:30.581+05:30 DEBUG 10736 --- [nio-8080-exec-3] o.s.web.servlet.DispatcherServlet        : Completed 200 OK
2026-08-15T20:53:30.581+05:30 DEBUG 10736 --- [nio-8080-exec-5] m.m.a.RequestResponseBodyMethodProcessor : Writing [{exposure=629250.0000, openExceptions=3, availableBalance=2667600.0000, settlementHealth=ATTENTION,  (truncated)...]
2026-08-15T20:53:30.581+05:30 DEBUG 10736 --- [nio-8080-exec-5] o.s.web.servlet.DispatcherServlet        : Completed 200 OK
2026-08-15T20:54:30.556+05:30 DEBUG 10736 --- [io-8080-exec-10] o.s.web.servlet.DispatcherServlet        : GET "/api/v1/control/overview", parameters={}
2026-08-15T20:54:30.556+05:30 DEBUG 10736 --- [io-8080-exec-10] s.w.s.m.m.a.RequestMappingHandlerMapping : Mapped to com.finclear.api.ControlCenterController#overview()
2026-08-15T20:54:30.556+05:30 DEBUG 10736 --- [nio-8080-exec-4] o.s.web.servlet.DispatcherServlet        : GET "/api/v1/control/exceptions", parameters={}
2026-08-15T20:54:30.556+05:30 DEBUG 10736 --- [io-8080-exec-10] org.hibernate.SQL                        : select p1_0.id,p1_0.amount,p1_0.created_at,p1_0.currency,p1_0.idempotency_key,p1_0.merchant,p1_0.payer_account_id,p1_0.status,p1_0.updated_at from payments p1_0 order by p1_0.created_at desc fetch first ? rows only
2026-08-15T20:54:30.559+05:30 DEBUG 10736 --- [nio-8080-exec-5] o.s.web.servlet.DispatcherServlet        : GET "/api/v1/payments", parameters={}
2026-08-15T20:54:30.559+05:30 DEBUG 10736 --- [nio-8080-exec-4] s.w.s.m.m.a.RequestMappingHandlerMapping : Mapped to com.finclear.api.ControlCenterController#cases()
2026-08-15T20:54:30.559+05:30 DEBUG 10736 --- [nio-8080-exec-5] s.w.s.m.m.a.RequestMappingHandlerMapping : Mapped to com.finclear.api.PaymentController#latest()
2026-08-15T20:54:30.560+05:30 DEBUG 10736 --- [nio-8080-exec-4] org.hibernate.SQL                        : select ec1_0.id,ec1_0.amount,ec1_0.category,ec1_0.created_at,ec1_0.currency,ec1_0.evidence,ec1_0.owner,ec1_0.severity,ec1_0.status,ec1_0.title,ec1_0.updated_at from exception_cases ec1_0 order by ec1_0.created_at desc
2026-08-15T20:54:30.560+05:30 DEBUG 10736 --- [io-8080-exec-10] org.hibernate.SQL                        : select a1_0.id,a1_0.account_number,a1_0.available_balance,a1_0.created_at,a1_0.currency,a1_0.status,a1_0.user_id,a1_0.version from accounts a1_0
2026-08-15T20:54:30.562+05:30 DEBUG 10736 --- [nio-8080-exec-3] o.s.web.servlet.DispatcherServlet        : GET "/api/v1/accounts", parameters={}
2026-08-15T20:54:30.562+05:30 DEBUG 10736 --- [nio-8080-exec-6] o.s.web.servlet.DispatcherServlet        : GET "/api/v1/control/explain", parameters={}
2026-08-15T20:54:30.562+05:30 DEBUG 10736 --- [nio-8080-exec-5] org.hibernate.SQL                        : select p1_0.id,p1_0.amount,p1_0.created_at,p1_0.currency,p1_0.idempotency_key,p1_0.merchant,p1_0.payer_account_id,p1_0.status,p1_0.updated_at from payments p1_0 order by p1_0.created_at desc fetch first ? rows only
2026-08-15T20:54:30.562+05:30 DEBUG 10736 --- [nio-8080-exec-3] s.w.s.m.m.a.RequestMappingHandlerMapping : Mapped to com.finclear.api.AccountController#all(Authentication)
2026-08-15T20:54:30.562+05:30 DEBUG 10736 --- [nio-8080-exec-4] m.m.a.RequestResponseBodyMethodProcessor : Using 'application/json', given [*/*] and supported [application/json, application/*+json, application/yaml]
2026-08-15T20:54:30.562+05:30 DEBUG 10736 --- [nio-8080-exec-6] s.w.s.m.m.a.RequestMappingHandlerMapping : Mapped to com.finclear.api.ControlCenterController#explain()
2026-08-15T20:54:30.563+05:30 DEBUG 10736 --- [io-8080-exec-10] org.hibernate.SQL                        : select ec1_0.id,ec1_0.amount,ec1_0.category,ec1_0.created_at,ec1_0.currency,ec1_0.evidence,ec1_0.owner,ec1_0.severity,ec1_0.status,ec1_0.title,ec1_0.updated_at from exception_cases ec1_0 order by ec1_0.created_at desc
2026-08-15T20:54:30.563+05:30 DEBUG 10736 --- [nio-8080-exec-4] m.m.a.RequestResponseBodyMethodProcessor : Writing [[{owner=Nisha � Payments Ops, title=Gateway settlement missing for captured payments, id=d9ebf868-67 (truncated)...]
2026-08-15T20:54:30.563+05:30 DEBUG 10736 --- [nio-8080-exec-5] m.m.a.RequestResponseBodyMethodProcessor : Using 'application/json', given [*/*] and supported [application/json, application/*+json, application/yaml]
2026-08-15T20:54:30.564+05:30 DEBUG 10736 --- [nio-8080-exec-3] org.hibernate.SQL                        : select a1_0.id,a1_0.account_number,a1_0.available_balance,a1_0.created_at,a1_0.currency,a1_0.status,a1_0.user_id,a1_0.version from accounts a1_0
2026-08-15T20:54:30.564+05:30 DEBUG 10736 --- [io-8080-exec-10] m.m.a.RequestResponseBodyMethodProcessor : Using 'application/json', given [*/*] and supported [application/json, application/*+json, application/yaml]
2026-08-15T20:54:30.564+05:30 DEBUG 10736 --- [nio-8080-exec-6] org.hibernate.SQL                        : select ec1_0.id,ec1_0.amount,ec1_0.category,ec1_0.created_at,ec1_0.currency,ec1_0.evidence,ec1_0.owner,ec1_0.severity,ec1_0.status,ec1_0.title,ec1_0.updated_at from exception_cases ec1_0 order by ec1_0.created_at desc
2026-08-15T20:54:30.564+05:30 DEBUG 10736 --- [nio-8080-exec-5] m.m.a.RequestResponseBodyMethodProcessor : Writing [[]]
2026-08-15T20:54:30.564+05:30 DEBUG 10736 --- [nio-8080-exec-4] o.s.web.servlet.DispatcherServlet        : Completed 200 OK
2026-08-15T20:54:30.564+05:30 DEBUG 10736 --- [io-8080-exec-10] m.m.a.RequestResponseBodyMethodProcessor : Writing [{exposure=629250.0000, openExceptions=3, availableBalance=2667600.0000, settlementHealth=ATTENTION,  (truncated)...]
2026-08-15T20:54:30.564+05:30 DEBUG 10736 --- [nio-8080-exec-3] m.m.a.RequestResponseBodyMethodProcessor : Using 'application/json', given [*/*] and supported [application/json, application/*+json, application/yaml]
2026-08-15T20:54:30.564+05:30 DEBUG 10736 --- [nio-8080-exec-6] m.m.a.RequestResponseBodyMethodProcessor : Using 'application/json', given [*/*] and supported [application/json, application/*+json, application/yaml]
2026-08-15T20:54:30.564+05:30 DEBUG 10736 --- [nio-8080-exec-5] o.s.web.servlet.DispatcherServlet        : Completed 200 OK
2026-08-15T20:54:30.567+05:30 DEBUG 10736 --- [io-8080-exec-10] o.s.web.servlet.DispatcherServlet        : Completed 200 OK
2026-08-15T20:54:30.567+05:30 DEBUG 10736 --- [nio-8080-exec-3] m.m.a.RequestResponseBodyMethodProcessor : Writing [[{accountNumber=FC-100001, id=4e894728-ee87-4744-9b5e-e340a4d8741b, balance=1842680.0000, currency=I (truncated)...]
2026-08-15T20:54:30.567+05:30 DEBUG 10736 --- [nio-8080-exec-6] m.m.a.RequestResponseBodyMethodProcessor : Writing [{summary=3 exceptions account for 629250.00 INR of operational exposure., headline=Money needs atten (truncated)...]
2026-08-15T20:54:30.567+05:30 DEBUG 10736 --- [nio-8080-exec-3] o.s.web.servlet.DispatcherServlet        : Completed 200 OK
2026-08-15T20:54:30.567+05:30 DEBUG 10736 --- [nio-8080-exec-6] o.s.web.servlet.DispatcherServlet        : Completed 200 OK
2026-08-15T20:54:56.582+05:30 DEBUG 10736 --- [nio-8080-exec-9] o.s.web.servlet.DispatcherServlet        : GET "/api/v1/control/overview", parameters={}
2026-08-15T20:54:56.583+05:30 DEBUG 10736 --- [nio-8080-exec-2] o.s.web.servlet.DispatcherServlet        : GET "/api/v1/control/exceptions", parameters={}
2026-08-15T20:54:56.583+05:30 DEBUG 10736 --- [nio-8080-exec-8] o.s.web.servlet.DispatcherServlet        : GET "/api/v1/payments", parameters={}
2026-08-15T20:54:56.583+05:30 DEBUG 10736 --- [nio-8080-exec-9] s.w.s.m.m.a.RequestMappingHandlerMapping : Mapped to com.finclear.api.ControlCenterController#overview()
2026-08-15T20:54:56.583+05:30 DEBUG 10736 --- [nio-8080-exec-2] s.w.s.m.m.a.RequestMappingHandlerMapping : Mapped to com.finclear.api.ControlCenterController#cases()
2026-08-15T20:54:56.584+05:30 DEBUG 10736 --- [nio-8080-exec-8] s.w.s.m.m.a.RequestMappingHandlerMapping : Mapped to com.finclear.api.PaymentController#latest()
2026-08-15T20:54:56.585+05:30 DEBUG 10736 --- [nio-8080-exec-2] org.hibernate.SQL                        : select ec1_0.id,ec1_0.amount,ec1_0.category,ec1_0.created_at,ec1_0.currency,ec1_0.evidence,ec1_0.owner,ec1_0.severity,ec1_0.status,ec1_0.title,ec1_0.updated_at from exception_cases ec1_0 order by ec1_0.created_at desc
2026-08-15T20:54:56.585+05:30 DEBUG 10736 --- [nio-8080-exec-8] org.hibernate.SQL                        : select p1_0.id,p1_0.amount,p1_0.created_at,p1_0.currency,p1_0.idempotency_key,p1_0.merchant,p1_0.payer_account_id,p1_0.status,p1_0.updated_at from payments p1_0 order by p1_0.created_at desc fetch first ? rows only
2026-08-15T20:54:56.585+05:30 DEBUG 10736 --- [nio-8080-exec-9] org.hibernate.SQL                        : select p1_0.id,p1_0.amount,p1_0.created_at,p1_0.currency,p1_0.idempotency_key,p1_0.merchant,p1_0.payer_account_id,p1_0.status,p1_0.updated_at from payments p1_0 order by p1_0.created_at desc fetch first ? rows only
2026-08-15T20:54:56.586+05:30 DEBUG 10736 --- [nio-8080-exec-2] m.m.a.RequestResponseBodyMethodProcessor : Using 'application/json', given [*/*] and supported [application/json, application/*+json, application/yaml]
2026-08-15T20:54:56.587+05:30 DEBUG 10736 --- [nio-8080-exec-7] o.s.web.servlet.DispatcherServlet        : GET "/api/v1/accounts", parameters={}
2026-08-15T20:54:56.587+05:30 DEBUG 10736 --- [nio-8080-exec-7] s.w.s.m.m.a.RequestMappingHandlerMapping : Mapped to com.finclear.api.AccountController#all(Authentication)
2026-08-15T20:54:56.587+05:30 DEBUG 10736 --- [nio-8080-exec-8] m.m.a.RequestResponseBodyMethodProcessor : Using 'application/json', given [*/*] and supported [application/json, application/*+json, application/yaml]
2026-08-15T20:54:56.587+05:30 DEBUG 10736 --- [nio-8080-exec-2] m.m.a.RequestResponseBodyMethodProcessor : Writing [[{owner=Nisha � Payments Ops, title=Gateway settlement missing for captured payments, id=d9ebf868-67 (truncated)...]
2026-08-15T20:54:56.588+05:30 DEBUG 10736 --- [nio-8080-exec-9] org.hibernate.SQL                        : select a1_0.id,a1_0.account_number,a1_0.available_balance,a1_0.created_at,a1_0.currency,a1_0.status,a1_0.user_id,a1_0.version from accounts a1_0
2026-08-15T20:54:56.589+05:30 DEBUG 10736 --- [nio-8080-exec-7] org.hibernate.SQL                        : select a1_0.id,a1_0.account_number,a1_0.available_balance,a1_0.created_at,a1_0.currency,a1_0.status,a1_0.user_id,a1_0.version from accounts a1_0
2026-08-15T20:54:56.590+05:30 DEBUG 10736 --- [nio-8080-exec-5] o.s.web.servlet.DispatcherServlet        : GET "/api/v1/control/explain", parameters={}
2026-08-15T20:54:56.591+05:30 DEBUG 10736 --- [nio-8080-exec-5] s.w.s.m.m.a.RequestMappingHandlerMapping : Mapped to com.finclear.api.ControlCenterController#explain()
2026-08-15T20:54:56.593+05:30 DEBUG 10736 --- [nio-8080-exec-7] m.m.a.RequestResponseBodyMethodProcessor : Using 'application/json', given [*/*] and supported [application/json, application/*+json, application/yaml]
2026-08-15T20:54:56.593+05:30 DEBUG 10736 --- [nio-8080-exec-7] m.m.a.RequestResponseBodyMethodProcessor : Writing [[{accountNumber=FC-100001, id=4e894728-ee87-4744-9b5e-e340a4d8741b, balance=1842680.0000, currency=I (truncated)...]
2026-08-15T20:54:56.590+05:30 DEBUG 10736 --- [nio-8080-exec-8] m.m.a.RequestResponseBodyMethodProcessor : Writing [[]]
2026-08-15T20:54:56.591+05:30 DEBUG 10736 --- [nio-8080-exec-2] o.s.web.servlet.DispatcherServlet        : Completed 200 OK
2026-08-15T20:54:56.593+05:30 DEBUG 10736 --- [nio-8080-exec-9] org.hibernate.SQL                        : select ec1_0.id,ec1_0.amount,ec1_0.category,ec1_0.created_at,ec1_0.currency,ec1_0.evidence,ec1_0.owner,ec1_0.severity,ec1_0.status,ec1_0.title,ec1_0.updated_at from exception_cases ec1_0 order by ec1_0.created_at desc
2026-08-15T20:54:56.593+05:30 DEBUG 10736 --- [nio-8080-exec-5] org.hibernate.SQL                        : select ec1_0.id,ec1_0.amount,ec1_0.category,ec1_0.created_at,ec1_0.currency,ec1_0.evidence,ec1_0.owner,ec1_0.severity,ec1_0.status,ec1_0.title,ec1_0.updated_at from exception_cases ec1_0 order by ec1_0.created_at desc
2026-08-15T20:54:56.594+05:30 DEBUG 10736 --- [nio-8080-exec-7] o.s.web.servlet.DispatcherServlet        : Completed 200 OK
2026-08-15T20:54:56.595+05:30 DEBUG 10736 --- [nio-8080-exec-9] m.m.a.RequestResponseBodyMethodProcessor : Using 'application/json', given [*/*] and supported [application/json, application/*+json, application/yaml]
2026-08-15T20:54:56.594+05:30 DEBUG 10736 --- [nio-8080-exec-8] o.s.web.servlet.DispatcherServlet        : Completed 200 OK
2026-08-15T20:54:56.595+05:30 DEBUG 10736 --- [nio-8080-exec-5] m.m.a.RequestResponseBodyMethodProcessor : Using 'application/json', given [*/*] and supported [application/json, application/*+json, application/yaml]
2026-08-15T20:54:56.596+05:30 DEBUG 10736 --- [nio-8080-exec-9] m.m.a.RequestResponseBodyMethodProcessor : Writing [{exposure=629250.0000, openExceptions=3, availableBalance=2667600.0000, settlementHealth=ATTENTION,  (truncated)...]
2026-08-15T20:54:56.596+05:30 DEBUG 10736 --- [nio-8080-exec-5] m.m.a.RequestResponseBodyMethodProcessor : Writing [{summary=3 exceptions account for 629250.00 INR of operational exposure., headline=Money needs atten (truncated)...]
2026-08-15T20:54:56.597+05:30 DEBUG 10736 --- [nio-8080-exec-9] o.s.web.servlet.DispatcherServlet        : Completed 200 OK
2026-08-15T20:54:56.597+05:30 DEBUG 10736 --- [nio-8080-exec-5] o.s.web.servlet.DispatcherServlet        : Completed 200 OK
2026-08-15T20:55:02.552+05:30 DEBUG 10736 --- [nio-8080-exec-2] o.s.web.servlet.DispatcherServlet        : GET "/api/v1/control/overview", parameters={}
2026-08-15T20:55:02.560+05:30 DEBUG 10736 --- [nio-8080-exec-2] s.w.s.m.m.a.RequestMappingHandlerMapping : Mapped to com.finclear.api.ControlCenterController#overview()
2026-08-15T20:55:02.563+05:30 DEBUG 10736 --- [nio-8080-exec-8] o.s.web.servlet.DispatcherServlet        : GET "/api/v1/control/exceptions", parameters={}
2026-08-15T20:55:02.563+05:30 DEBUG 10736 --- [nio-8080-exec-3] o.s.web.servlet.DispatcherServlet        : GET "/api/v1/accounts", parameters={}
2026-08-15T20:55:02.563+05:30 DEBUG 10736 --- [nio-8080-exec-2] org.hibernate.SQL                        : select p1_0.id,p1_0.amount,p1_0.created_at,p1_0.currency,p1_0.idempotency_key,p1_0.merchant,p1_0.payer_account_id,p1_0.status,p1_0.updated_at from payments p1_0 order by p1_0.created_at desc fetch first ? rows only
2026-08-15T20:55:02.563+05:30 DEBUG 10736 --- [nio-8080-exec-5] o.s.web.servlet.DispatcherServlet        : GET "/api/v1/payments", parameters={}
2026-08-15T20:55:02.565+05:30 DEBUG 10736 --- [nio-8080-exec-5] s.w.s.m.m.a.RequestMappingHandlerMapping : Mapped to com.finclear.api.PaymentController#latest()
2026-08-15T20:55:02.563+05:30 DEBUG 10736 --- [nio-8080-exec-8] s.w.s.m.m.a.RequestMappingHandlerMapping : Mapped to com.finclear.api.ControlCenterController#cases()
2026-08-15T20:55:02.564+05:30 DEBUG 10736 --- [io-8080-exec-10] o.s.web.servlet.DispatcherServlet        : GET "/api/v1/control/explain", parameters={}
2026-08-15T20:55:02.564+05:30 DEBUG 10736 --- [nio-8080-exec-3] s.w.s.m.m.a.RequestMappingHandlerMapping : Mapped to com.finclear.api.AccountController#all(Authentication)
2026-08-15T20:55:02.566+05:30 DEBUG 10736 --- [nio-8080-exec-2] org.hibernate.SQL                        : select a1_0.id,a1_0.account_number,a1_0.available_balance,a1_0.created_at,a1_0.currency,a1_0.status,a1_0.user_id,a1_0.version from accounts a1_0
2026-08-15T20:55:02.566+05:30 DEBUG 10736 --- [io-8080-exec-10] s.w.s.m.m.a.RequestMappingHandlerMapping : Mapped to com.finclear.api.ControlCenterController#explain()
2026-08-15T20:55:02.567+05:30 DEBUG 10736 --- [nio-8080-exec-5] org.hibernate.SQL                        : select p1_0.id,p1_0.amount,p1_0.created_at,p1_0.currency,p1_0.idempotency_key,p1_0.merchant,p1_0.payer_account_id,p1_0.status,p1_0.updated_at from payments p1_0 order by p1_0.created_at desc fetch first ? rows only
2026-08-15T20:55:02.568+05:30 DEBUG 10736 --- [nio-8080-exec-3] org.hibernate.SQL                        : select a1_0.id,a1_0.account_number,a1_0.available_balance,a1_0.created_at,a1_0.currency,a1_0.status,a1_0.user_id,a1_0.version from accounts a1_0
2026-08-15T20:55:02.567+05:30 DEBUG 10736 --- [nio-8080-exec-8] org.hibernate.SQL                        : select ec1_0.id,ec1_0.amount,ec1_0.category,ec1_0.created_at,ec1_0.currency,ec1_0.evidence,ec1_0.owner,ec1_0.severity,ec1_0.status,ec1_0.title,ec1_0.updated_at from exception_cases ec1_0 order by ec1_0.created_at desc
2026-08-15T20:55:02.569+05:30 DEBUG 10736 --- [io-8080-exec-10] org.hibernate.SQL                        : select ec1_0.id,ec1_0.amount,ec1_0.category,ec1_0.created_at,ec1_0.currency,ec1_0.evidence,ec1_0.owner,ec1_0.severity,ec1_0.status,ec1_0.title,ec1_0.updated_at from exception_cases ec1_0 order by ec1_0.created_at desc
2026-08-15T20:55:02.569+05:30 DEBUG 10736 --- [nio-8080-exec-5] m.m.a.RequestResponseBodyMethodProcessor : Using 'application/json', given [*/*] and supported [application/json, application/*+json, application/yaml]
2026-08-15T20:55:02.569+05:30 DEBUG 10736 --- [nio-8080-exec-2] org.hibernate.SQL                        : select ec1_0.id,ec1_0.amount,ec1_0.category,ec1_0.created_at,ec1_0.currency,ec1_0.evidence,ec1_0.owner,ec1_0.severity,ec1_0.status,ec1_0.title,ec1_0.updated_at from exception_cases ec1_0 order by ec1_0.created_at desc
2026-08-15T20:55:02.569+05:30 DEBUG 10736 --- [nio-8080-exec-3] m.m.a.RequestResponseBodyMethodProcessor : Using 'application/json', given [*/*] and supported [application/json, application/*+json, application/yaml]
2026-08-15T20:55:02.570+05:30 DEBUG 10736 --- [nio-8080-exec-8] m.m.a.RequestResponseBodyMethodProcessor : Using 'application/json', given [*/*] and supported [application/json, application/*+json, application/yaml]
2026-08-15T20:55:02.570+05:30 DEBUG 10736 --- [nio-8080-exec-5] m.m.a.RequestResponseBodyMethodProcessor : Writing [[]]
2026-08-15T20:55:02.570+05:30 DEBUG 10736 --- [io-8080-exec-10] m.m.a.RequestResponseBodyMethodProcessor : Using 'application/json', given [*/*] and supported [application/json, application/*+json, application/yaml]
2026-08-15T20:55:02.571+05:30 DEBUG 10736 --- [nio-8080-exec-3] m.m.a.RequestResponseBodyMethodProcessor : Writing [[{accountNumber=FC-100001, id=4e894728-ee87-4744-9b5e-e340a4d8741b, balance=1842680.0000, currency=I (truncated)...]
2026-08-15T20:55:02.571+05:30 DEBUG 10736 --- [nio-8080-exec-2] m.m.a.RequestResponseBodyMethodProcessor : Using 'application/json', given [*/*] and supported [application/json, application/*+json, application/yaml]
2026-08-15T20:55:02.571+05:30 DEBUG 10736 --- [nio-8080-exec-8] m.m.a.RequestResponseBodyMethodProcessor : Writing [[{owner=Nisha � Payments Ops, title=Gateway settlement missing for captured payments, id=d9ebf868-67 (truncated)...]
2026-08-15T20:55:02.572+05:30 DEBUG 10736 --- [nio-8080-exec-5] o.s.web.servlet.DispatcherServlet        : Completed 200 OK
2026-08-15T20:55:02.572+05:30 DEBUG 10736 --- [io-8080-exec-10] m.m.a.RequestResponseBodyMethodProcessor : Writing [{summary=3 exceptions account for 629250.00 INR of operational exposure., headline=Money needs atten (truncated)...]
2026-08-15T20:55:02.573+05:30 DEBUG 10736 --- [nio-8080-exec-2] m.m.a.RequestResponseBodyMethodProcessor : Writing [{exposure=629250.0000, openExceptions=3, availableBalance=2667600.0000, settlementHealth=ATTENTION,  (truncated)...]
2026-08-15T20:55:02.573+05:30 DEBUG 10736 --- [nio-8080-exec-3] o.s.web.servlet.DispatcherServlet        : Completed 200 OK
2026-08-15T20:55:02.573+05:30 DEBUG 10736 --- [nio-8080-exec-8] o.s.web.servlet.DispatcherServlet        : Completed 200 OK
2026-08-15T20:55:02.574+05:30 DEBUG 10736 --- [io-8080-exec-10] o.s.web.servlet.DispatcherServlet        : Completed 200 OK
2026-08-15T20:55:02.574+05:30 DEBUG 10736 --- [nio-8080-exec-2] o.s.web.servlet.DispatcherServlet        : Completed 200 OK
2026-08-15T20:55:07.555+05:30 DEBUG 10736 --- [nio-8080-exec-9] o.s.web.servlet.DispatcherServlet        : GET "/api/v1/control/overview", parameters={}
2026-08-15T20:55:07.563+05:30 DEBUG 10736 --- [nio-8080-exec-9] s.w.s.m.m.a.RequestMappingHandlerMapping : Mapped to com.finclear.api.ControlCenterController#overview()
2026-08-15T20:55:07.564+05:30 DEBUG 10736 --- [nio-8080-exec-4] o.s.web.servlet.DispatcherServlet        : GET "/api/v1/control/exceptions", parameters={}
2026-08-15T20:55:07.565+05:30 DEBUG 10736 --- [nio-8080-exec-6] o.s.web.servlet.DispatcherServlet        : GET "/api/v1/control/explain", parameters={}
2026-08-15T20:55:07.565+05:30 DEBUG 10736 --- [nio-8080-exec-9] org.hibernate.SQL                        : select p1_0.id,p1_0.amount,p1_0.created_at,p1_0.currency,p1_0.idempotency_key,p1_0.merchant,p1_0.payer_account_id,p1_0.status,p1_0.updated_at from payments p1_0 order by p1_0.created_at desc fetch first ? rows only
2026-08-15T20:55:07.565+05:30 DEBUG 10736 --- [nio-8080-exec-4] s.w.s.m.m.a.RequestMappingHandlerMapping : Mapped to com.finclear.api.ControlCenterController#cases()
2026-08-15T20:55:07.565+05:30 DEBUG 10736 --- [nio-8080-exec-6] s.w.s.m.m.a.RequestMappingHandlerMapping : Mapped to com.finclear.api.ControlCenterController#explain()
2026-08-15T20:55:07.565+05:30 DEBUG 10736 --- [nio-8080-exec-8] o.s.web.servlet.DispatcherServlet        : GET "/api/v1/payments", parameters={}
2026-08-15T20:55:07.565+05:30 DEBUG 10736 --- [nio-8080-exec-5] o.s.web.servlet.DispatcherServlet        : GET "/api/v1/accounts", parameters={}
2026-08-15T20:55:07.567+05:30 DEBUG 10736 --- [nio-8080-exec-8] s.w.s.m.m.a.RequestMappingHandlerMapping : Mapped to com.finclear.api.PaymentController#latest()
2026-08-15T20:55:07.568+05:30 DEBUG 10736 --- [nio-8080-exec-9] org.hibernate.SQL                        : select a1_0.id,a1_0.account_number,a1_0.available_balance,a1_0.created_at,a1_0.currency,a1_0.status,a1_0.user_id,a1_0.version from accounts a1_0
2026-08-15T20:55:07.568+05:30 DEBUG 10736 --- [nio-8080-exec-6] org.hibernate.SQL                        : select ec1_0.id,ec1_0.amount,ec1_0.category,ec1_0.created_at,ec1_0.currency,ec1_0.evidence,ec1_0.owner,ec1_0.severity,ec1_0.status,ec1_0.title,ec1_0.updated_at from exception_cases ec1_0 order by ec1_0.created_at desc
2026-08-15T20:55:07.568+05:30 DEBUG 10736 --- [nio-8080-exec-4] org.hibernate.SQL                        : select ec1_0.id,ec1_0.amount,ec1_0.category,ec1_0.created_at,ec1_0.currency,ec1_0.evidence,ec1_0.owner,ec1_0.severity,ec1_0.status,ec1_0.title,ec1_0.updated_at from exception_cases ec1_0 order by ec1_0.created_at desc
2026-08-15T20:55:07.569+05:30 DEBUG 10736 --- [nio-8080-exec-8] org.hibernate.SQL                        : select p1_0.id,p1_0.amount,p1_0.created_at,p1_0.currency,p1_0.idempotency_key,p1_0.merchant,p1_0.payer_account_id,p1_0.status,p1_0.updated_at from payments p1_0 order by p1_0.created_at desc fetch first ? rows only
2026-08-15T20:55:07.568+05:30 DEBUG 10736 --- [nio-8080-exec-5] s.w.s.m.m.a.RequestMappingHandlerMapping : Mapped to com.finclear.api.AccountController#all(Authentication)
2026-08-15T20:55:07.570+05:30 DEBUG 10736 --- [nio-8080-exec-6] m.m.a.RequestResponseBodyMethodProcessor : Using 'application/json', given [*/*] and supported [application/json, application/*+json, application/yaml]
2026-08-15T20:55:07.570+05:30 DEBUG 10736 --- [nio-8080-exec-4] m.m.a.RequestResponseBodyMethodProcessor : Using 'application/json', given [*/*] and supported [application/json, application/*+json, application/yaml]
2026-08-15T20:55:07.570+05:30 DEBUG 10736 --- [nio-8080-exec-8] m.m.a.RequestResponseBodyMethodProcessor : Using 'application/json', given [*/*] and supported [application/json, application/*+json, application/yaml]
2026-08-15T20:55:07.570+05:30 DEBUG 10736 --- [nio-8080-exec-9] org.hibernate.SQL                        : select ec1_0.id,ec1_0.amount,ec1_0.category,ec1_0.created_at,ec1_0.currency,ec1_0.evidence,ec1_0.owner,ec1_0.severity,ec1_0.status,ec1_0.title,ec1_0.updated_at from exception_cases ec1_0 order by ec1_0.created_at desc
2026-08-15T20:55:07.570+05:30 DEBUG 10736 --- [nio-8080-exec-6] m.m.a.RequestResponseBodyMethodProcessor : Writing [{summary=3 exceptions account for 629250.00 INR of operational exposure., headline=Money needs atten (truncated)...]
2026-08-15T20:55:07.571+05:30 DEBUG 10736 --- [nio-8080-exec-4] m.m.a.RequestResponseBodyMethodProcessor : Writing [[{owner=Nisha � Payments Ops, title=Gateway settlement missing for captured payments, id=d9ebf868-67 (truncated)...]
2026-08-15T20:55:07.572+05:30 DEBUG 10736 --- [nio-8080-exec-9] m.m.a.RequestResponseBodyMethodProcessor : Using 'application/json', given [*/*] and supported [application/json, application/*+json, application/yaml]
2026-08-15T20:55:07.571+05:30 DEBUG 10736 --- [nio-8080-exec-5] org.hibernate.SQL                        : select a1_0.id,a1_0.account_number,a1_0.available_balance,a1_0.created_at,a1_0.currency,a1_0.status,a1_0.user_id,a1_0.version from accounts a1_0
2026-08-15T20:55:07.571+05:30 DEBUG 10736 --- [nio-8080-exec-8] m.m.a.RequestResponseBodyMethodProcessor : Writing [[]]
2026-08-15T20:55:07.572+05:30 DEBUG 10736 --- [nio-8080-exec-6] o.s.web.servlet.DispatcherServlet        : Completed 200 OK
2026-08-15T20:55:07.572+05:30 DEBUG 10736 --- [nio-8080-exec-9] m.m.a.RequestResponseBodyMethodProcessor : Writing [{exposure=629250.0000, openExceptions=3, availableBalance=2667600.0000, settlementHealth=ATTENTION,  (truncated)...]
2026-08-15T20:55:07.572+05:30 DEBUG 10736 --- [nio-8080-exec-4] o.s.web.servlet.DispatcherServlet        : Completed 200 OK
2026-08-15T20:55:07.573+05:30 DEBUG 10736 --- [nio-8080-exec-8] o.s.web.servlet.DispatcherServlet        : Completed 200 OK
2026-08-15T20:55:07.573+05:30 DEBUG 10736 --- [nio-8080-exec-5] m.m.a.RequestResponseBodyMethodProcessor : Using 'application/json', given [*/*] and supported [application/json, application/*+json, application/yaml]
2026-08-15T20:55:07.574+05:30 DEBUG 10736 --- [nio-8080-exec-9] o.s.web.servlet.DispatcherServlet        : Completed 200 OK
2026-08-15T20:55:07.575+05:30 DEBUG 10736 --- [nio-8080-exec-5] m.m.a.RequestResponseBodyMethodProcessor : Writing [[{accountNumber=FC-100001, id=4e894728-ee87-4744-9b5e-e340a4d8741b, balance=1842680.0000, currency=I (truncated)...]
2026-08-15T20:55:07.575+05:30 DEBUG 10736 --- [nio-8080-exec-5] o.s.web.servlet.DispatcherServlet        : Completed 200 OK
2026-08-15T20:55:12.566+05:30 DEBUG 10736 --- [nio-8080-exec-6] o.s.web.servlet.DispatcherServlet        : GET "/api/v1/control/overview", parameters={}
2026-08-15T20:55:12.566+05:30 DEBUG 10736 --- [nio-8080-exec-4] o.s.web.servlet.DispatcherServlet        : GET "/api/v1/control/exceptions", parameters={}
2026-08-15T20:55:12.566+05:30 DEBUG 10736 --- [nio-8080-exec-8] o.s.web.servlet.DispatcherServlet        : GET "/api/v1/payments", parameters={}
2026-08-15T20:55:12.566+05:30 DEBUG 10736 --- [nio-8080-exec-9] o.s.web.servlet.DispatcherServlet        : GET "/api/v1/accounts", parameters={}
2026-08-15T20:55:12.567+05:30 DEBUG 10736 --- [nio-8080-exec-7] o.s.web.servlet.DispatcherServlet        : GET "/api/v1/control/explain", parameters={}
2026-08-15T20:55:12.573+05:30 DEBUG 10736 --- [nio-8080-exec-6] s.w.s.m.m.a.RequestMappingHandlerMapping : Mapped to com.finclear.api.ControlCenterController#overview()
2026-08-15T20:55:12.573+05:30 DEBUG 10736 --- [nio-8080-exec-4] s.w.s.m.m.a.RequestMappingHandlerMapping : Mapped to com.finclear.api.ControlCenterController#cases()
2026-08-15T20:55:12.574+05:30 DEBUG 10736 --- [nio-8080-exec-8] s.w.s.m.m.a.RequestMappingHandlerMapping : Mapped to com.finclear.api.PaymentController#latest()
2026-08-15T20:55:12.574+05:30 DEBUG 10736 --- [nio-8080-exec-9] s.w.s.m.m.a.RequestMappingHandlerMapping : Mapped to com.finclear.api.AccountController#all(Authentication)
2026-08-15T20:55:12.574+05:30 DEBUG 10736 --- [nio-8080-exec-7] s.w.s.m.m.a.RequestMappingHandlerMapping : Mapped to com.finclear.api.ControlCenterController#explain()
2026-08-15T20:55:12.575+05:30 DEBUG 10736 --- [nio-8080-exec-4] org.hibernate.SQL                        : select ec1_0.id,ec1_0.amount,ec1_0.category,ec1_0.created_at,ec1_0.currency,ec1_0.evidence,ec1_0.owner,ec1_0.severity,ec1_0.status,ec1_0.title,ec1_0.updated_at from exception_cases ec1_0 order by ec1_0.created_at desc
2026-08-15T20:55:12.575+05:30 DEBUG 10736 --- [nio-8080-exec-6] org.hibernate.SQL                        : select p1_0.id,p1_0.amount,p1_0.created_at,p1_0.currency,p1_0.idempotency_key,p1_0.merchant,p1_0.payer_account_id,p1_0.status,p1_0.updated_at from payments p1_0 order by p1_0.created_at desc fetch first ? rows only
2026-08-15T20:55:12.576+05:30 DEBUG 10736 --- [nio-8080-exec-8] org.hibernate.SQL                        : select p1_0.id,p1_0.amount,p1_0.created_at,p1_0.currency,p1_0.idempotency_key,p1_0.merchant,p1_0.payer_account_id,p1_0.status,p1_0.updated_at from payments p1_0 order by p1_0.created_at desc fetch first ? rows only
2026-08-15T20:55:12.576+05:30 DEBUG 10736 --- [nio-8080-exec-9] org.hibernate.SQL                        : select a1_0.id,a1_0.account_number,a1_0.available_balance,a1_0.created_at,a1_0.currency,a1_0.status,a1_0.user_id,a1_0.version from accounts a1_0
2026-08-15T20:55:12.576+05:30 DEBUG 10736 --- [nio-8080-exec-4] m.m.a.RequestResponseBodyMethodProcessor : Using 'application/json', given [*/*] and supported [application/json, application/*+json, application/yaml]
2026-08-15T20:55:12.576+05:30 DEBUG 10736 --- [nio-8080-exec-7] org.hibernate.SQL                        : select ec1_0.id,ec1_0.amount,ec1_0.category,ec1_0.created_at,ec1_0.currency,ec1_0.evidence,ec1_0.owner,ec1_0.severity,ec1_0.status,ec1_0.title,ec1_0.updated_at from exception_cases ec1_0 order by ec1_0.created_at desc
2026-08-15T20:55:12.577+05:30 DEBUG 10736 --- [nio-8080-exec-8] m.m.a.RequestResponseBodyMethodProcessor : Using 'application/json', given [*/*] and supported [application/json, application/*+json, application/yaml]
2026-08-15T20:55:12.577+05:30 DEBUG 10736 --- [nio-8080-exec-6] org.hibernate.SQL                        : select a1_0.id,a1_0.account_number,a1_0.available_balance,a1_0.created_at,a1_0.currency,a1_0.status,a1_0.user_id,a1_0.version from accounts a1_0
2026-08-15T20:55:12.577+05:30 DEBUG 10736 --- [nio-8080-exec-9] m.m.a.RequestResponseBodyMethodProcessor : Using 'application/json', given [*/*] and supported [application/json, application/*+json, application/yaml]
2026-08-15T20:55:12.577+05:30 DEBUG 10736 --- [nio-8080-exec-4] m.m.a.RequestResponseBodyMethodProcessor : Writing [[{owner=Nisha � Payments Ops, title=Gateway settlement missing for captured payments, id=d9ebf868-67 (truncated)...]
2026-08-15T20:55:12.577+05:30 DEBUG 10736 --- [nio-8080-exec-8] m.m.a.RequestResponseBodyMethodProcessor : Writing [[]]
2026-08-15T20:55:12.579+05:30 DEBUG 10736 --- [nio-8080-exec-6] org.hibernate.SQL                        : select ec1_0.id,ec1_0.amount,ec1_0.category,ec1_0.created_at,ec1_0.currency,ec1_0.evidence,ec1_0.owner,ec1_0.severity,ec1_0.status,ec1_0.title,ec1_0.updated_at from exception_cases ec1_0 order by ec1_0.created_at desc
2026-08-15T20:55:12.578+05:30 DEBUG 10736 --- [nio-8080-exec-7] m.m.a.RequestResponseBodyMethodProcessor : Using 'application/json', given [*/*] and supported [application/json, application/*+json, application/yaml]
2026-08-15T20:55:12.578+05:30 DEBUG 10736 --- [nio-8080-exec-9] m.m.a.RequestResponseBodyMethodProcessor : Writing [[{accountNumber=FC-100001, id=4e894728-ee87-4744-9b5e-e340a4d8741b, balance=1842680.0000, currency=I (truncated)...]
2026-08-15T20:55:12.579+05:30 DEBUG 10736 --- [nio-8080-exec-8] o.s.web.servlet.DispatcherServlet        : Completed 200 OK
2026-08-15T20:55:12.579+05:30 DEBUG 10736 --- [nio-8080-exec-4] o.s.web.servlet.DispatcherServlet        : Completed 200 OK
2026-08-15T20:55:12.580+05:30 DEBUG 10736 --- [nio-8080-exec-7] m.m.a.RequestResponseBodyMethodProcessor : Writing [{summary=3 exceptions account for 629250.00 INR of operational exposure., headline=Money needs atten (truncated)...]
2026-08-15T20:55:12.580+05:30 DEBUG 10736 --- [nio-8080-exec-6] m.m.a.RequestResponseBodyMethodProcessor : Using 'application/json', given [*/*] and supported [application/json, application/*+json, application/yaml]
2026-08-15T20:55:12.581+05:30 DEBUG 10736 --- [nio-8080-exec-6] m.m.a.RequestResponseBodyMethodProcessor : Writing [{exposure=629250.0000, openExceptions=3, availableBalance=2667600.0000, settlementHealth=ATTENTION,  (truncated)...]
2026-08-15T20:55:12.580+05:30 DEBUG 10736 --- [nio-8080-exec-9] o.s.web.servlet.DispatcherServlet        : Completed 200 OK
2026-08-15T20:55:12.581+05:30 DEBUG 10736 --- [nio-8080-exec-7] o.s.web.servlet.DispatcherServlet        : Completed 200 OK
2026-08-15T20:55:12.582+05:30 DEBUG 10736 --- [nio-8080-exec-6] o.s.web.servlet.DispatcherServlet        : Completed 200 OK
2026-08-15T20:55:17.566+05:30 DEBUG 10736 --- [nio-8080-exec-8] o.s.web.servlet.DispatcherServlet        : GET "/api/v1/control/overview", parameters={}
2026-08-15T20:55:17.569+05:30 DEBUG 10736 --- [nio-8080-exec-4] o.s.web.servlet.DispatcherServlet        : GET "/api/v1/control/exceptions", parameters={}
2026-08-15T20:55:17.574+05:30 DEBUG 10736 --- [nio-8080-exec-8] s.w.s.m.m.a.RequestMappingHandlerMapping : Mapped to com.finclear.api.ControlCenterController#overview()
2026-08-15T20:55:17.575+05:30 DEBUG 10736 --- [nio-8080-exec-4] s.w.s.m.m.a.RequestMappingHandlerMapping : Mapped to com.finclear.api.ControlCenterController#cases()
2026-08-15T20:55:17.576+05:30 DEBUG 10736 --- [io-8080-exec-10] o.s.web.servlet.DispatcherServlet        : GET "/api/v1/control/explain", parameters={}
2026-08-15T20:55:17.577+05:30 DEBUG 10736 --- [nio-8080-exec-1] o.s.web.servlet.DispatcherServlet        : GET "/api/v1/payments", parameters={}
2026-08-15T20:55:17.577+05:30 DEBUG 10736 --- [io-8080-exec-10] s.w.s.m.m.a.RequestMappingHandlerMapping : Mapped to com.finclear.api.ControlCenterController#explain()
2026-08-15T20:55:17.577+05:30 DEBUG 10736 --- [nio-8080-exec-5] o.s.web.servlet.DispatcherServlet        : GET "/api/v1/accounts", parameters={}
2026-08-15T20:55:17.577+05:30 DEBUG 10736 --- [nio-8080-exec-4] org.hibernate.SQL                        : select ec1_0.id,ec1_0.amount,ec1_0.category,ec1_0.created_at,ec1_0.currency,ec1_0.evidence,ec1_0.owner,ec1_0.severity,ec1_0.status,ec1_0.title,ec1_0.updated_at from exception_cases ec1_0 order by ec1_0.created_at desc
2026-08-15T20:55:17.578+05:30 DEBUG 10736 --- [nio-8080-exec-8] org.hibernate.SQL                        : select p1_0.id,p1_0.amount,p1_0.created_at,p1_0.currency,p1_0.idempotency_key,p1_0.merchant,p1_0.payer_account_id,p1_0.status,p1_0.updated_at from payments p1_0 order by p1_0.created_at desc fetch first ? rows only
2026-08-15T20:55:17.578+05:30 DEBUG 10736 --- [nio-8080-exec-1] s.w.s.m.m.a.RequestMappingHandlerMapping : Mapped to com.finclear.api.PaymentController#latest()
2026-08-15T20:55:17.579+05:30 DEBUG 10736 --- [nio-8080-exec-5] s.w.s.m.m.a.RequestMappingHandlerMapping : Mapped to com.finclear.api.AccountController#all(Authentication)
2026-08-15T20:55:17.580+05:30 DEBUG 10736 --- [io-8080-exec-10] org.hibernate.SQL                        : select ec1_0.id,ec1_0.amount,ec1_0.category,ec1_0.created_at,ec1_0.currency,ec1_0.evidence,ec1_0.owner,ec1_0.severity,ec1_0.status,ec1_0.title,ec1_0.updated_at from exception_cases ec1_0 order by ec1_0.created_at desc
2026-08-15T20:55:17.581+05:30 DEBUG 10736 --- [nio-8080-exec-4] m.m.a.RequestResponseBodyMethodProcessor : Using 'application/json', given [*/*] and supported [application/json, application/*+json, application/yaml]
2026-08-15T20:55:17.582+05:30 DEBUG 10736 --- [nio-8080-exec-1] org.hibernate.SQL                        : select p1_0.id,p1_0.amount,p1_0.created_at,p1_0.currency,p1_0.idempotency_key,p1_0.merchant,p1_0.payer_account_id,p1_0.status,p1_0.updated_at from payments p1_0 order by p1_0.created_at desc fetch first ? rows only
2026-08-15T20:55:17.582+05:30 DEBUG 10736 --- [nio-8080-exec-8] org.hibernate.SQL                        : select a1_0.id,a1_0.account_number,a1_0.available_balance,a1_0.created_at,a1_0.currency,a1_0.status,a1_0.user_id,a1_0.version from accounts a1_0
2026-08-15T20:55:17.582+05:30 DEBUG 10736 --- [nio-8080-exec-4] m.m.a.RequestResponseBodyMethodProcessor : Writing [[{owner=Nisha � Payments Ops, title=Gateway settlement missing for captured payments, id=d9ebf868-67 (truncated)...]
2026-08-15T20:55:17.583+05:30 DEBUG 10736 --- [nio-8080-exec-5] org.hibernate.SQL                        : select a1_0.id,a1_0.account_number,a1_0.available_balance,a1_0.created_at,a1_0.currency,a1_0.status,a1_0.user_id,a1_0.version from accounts a1_0
2026-08-15T20:55:17.583+05:30 DEBUG 10736 --- [io-8080-exec-10] m.m.a.RequestResponseBodyMethodProcessor : Using 'application/json', given [*/*] and supported [application/json, application/*+json, application/yaml]
2026-08-15T20:55:17.584+05:30 DEBUG 10736 --- [nio-8080-exec-1] m.m.a.RequestResponseBodyMethodProcessor : Using 'application/json', given [*/*] and supported [application/json, application/*+json, application/yaml]
2026-08-15T20:55:17.584+05:30 DEBUG 10736 --- [nio-8080-exec-4] o.s.web.servlet.DispatcherServlet        : Completed 200 OK
2026-08-15T20:55:17.584+05:30 DEBUG 10736 --- [io-8080-exec-10] m.m.a.RequestResponseBodyMethodProcessor : Writing [{summary=3 exceptions account for 629250.00 INR of operational exposure., headline=Money needs atten (truncated)...]
2026-08-15T20:55:17.584+05:30 DEBUG 10736 --- [nio-8080-exec-8] org.hibernate.SQL                        : select ec1_0.id,ec1_0.amount,ec1_0.category,ec1_0.created_at,ec1_0.currency,ec1_0.evidence,ec1_0.owner,ec1_0.severity,ec1_0.status,ec1_0.title,ec1_0.updated_at from exception_cases ec1_0 order by ec1_0.created_at desc
2026-08-15T20:55:17.585+05:30 DEBUG 10736 --- [io-8080-exec-10] o.s.web.servlet.DispatcherServlet        : Completed 200 OK
2026-08-15T20:55:17.584+05:30 DEBUG 10736 --- [nio-8080-exec-1] m.m.a.RequestResponseBodyMethodProcessor : Writing [[]]
2026-08-15T20:55:17.585+05:30 DEBUG 10736 --- [nio-8080-exec-5] m.m.a.RequestResponseBodyMethodProcessor : Using 'application/json', given [*/*] and supported [application/json, application/*+json, application/yaml]
2026-08-15T20:55:17.587+05:30 DEBUG 10736 --- [nio-8080-exec-1] o.s.web.servlet.DispatcherServlet        : Completed 200 OK
2026-08-15T20:55:17.587+05:30 DEBUG 10736 --- [nio-8080-exec-5] m.m.a.RequestResponseBodyMethodProcessor : Writing [[{accountNumber=FC-100001, id=4e894728-ee87-4744-9b5e-e340a4d8741b, balance=1842680.0000, currency=I (truncated)...]
2026-08-15T20:55:17.587+05:30 DEBUG 10736 --- [nio-8080-exec-8] m.m.a.RequestResponseBodyMethodProcessor : Using 'application/json', given [*/*] and supported [application/json, application/*+json, application/yaml]
2026-08-15T20:55:17.588+05:30 DEBUG 10736 --- [nio-8080-exec-8] m.m.a.RequestResponseBodyMethodProcessor : Writing [{exposure=629250.0000, openExceptions=3, availableBalance=2667600.0000, settlementHealth=ATTENTION,  (truncated)...]
2026-08-15T20:55:17.588+05:30 DEBUG 10736 --- [nio-8080-exec-5] o.s.web.servlet.DispatcherServlet        : Completed 200 OK
2026-08-15T20:55:17.590+05:30 DEBUG 10736 --- [nio-8080-exec-8] o.s.web.servlet.DispatcherServlet        : Completed 200 OK
2026-08-15T20:55:22.564+05:30 DEBUG 10736 --- [nio-8080-exec-4] o.s.web.servlet.DispatcherServlet        : GET "/api/v1/control/overview", parameters={}
2026-08-15T20:55:22.578+05:30 DEBUG 10736 --- [nio-8080-exec-4] s.w.s.m.m.a.RequestMappingHandlerMapping : Mapped to com.finclear.api.ControlCenterController#overview()
2026-08-15T20:55:22.579+05:30 DEBUG 10736 --- [io-8080-exec-10] o.s.web.servlet.DispatcherServlet        : GET "/api/v1/control/exceptions", parameters={}
2026-08-15T20:55:22.579+05:30 DEBUG 10736 --- [nio-8080-exec-9] o.s.web.servlet.DispatcherServlet        : GET "/api/v1/payments", parameters={}
2026-08-15T20:55:22.580+05:30 DEBUG 10736 --- [io-8080-exec-10] s.w.s.m.m.a.RequestMappingHandlerMapping : Mapped to com.finclear.api.ControlCenterController#cases()
2026-08-15T20:55:22.580+05:30 DEBUG 10736 --- [nio-8080-exec-9] s.w.s.m.m.a.RequestMappingHandlerMapping : Mapped to com.finclear.api.PaymentController#latest()
2026-08-15T20:55:22.580+05:30 DEBUG 10736 --- [nio-8080-exec-4] org.hibernate.SQL                        : select p1_0.id,p1_0.amount,p1_0.created_at,p1_0.currency,p1_0.idempotency_key,p1_0.merchant,p1_0.payer_account_id,p1_0.status,p1_0.updated_at from payments p1_0 order by p1_0.created_at desc fetch first ? rows only
2026-08-15T20:55:22.581+05:30 DEBUG 10736 --- [nio-8080-exec-5] o.s.web.servlet.DispatcherServlet        : GET "/api/v1/control/explain", parameters={}
2026-08-15T20:55:22.581+05:30 DEBUG 10736 --- [nio-8080-exec-3] o.s.web.servlet.DispatcherServlet        : GET "/api/v1/accounts", parameters={}
2026-08-15T20:55:22.582+05:30 DEBUG 10736 --- [io-8080-exec-10] org.hibernate.SQL                        : select ec1_0.id,ec1_0.amount,ec1_0.category,ec1_0.created_at,ec1_0.currency,ec1_0.evidence,ec1_0.owner,ec1_0.severity,ec1_0.status,ec1_0.title,ec1_0.updated_at from exception_cases ec1_0 order by ec1_0.created_at desc
2026-08-15T20:55:22.582+05:30 DEBUG 10736 --- [nio-8080-exec-5] s.w.s.m.m.a.RequestMappingHandlerMapping : Mapped to com.finclear.api.ControlCenterController#explain()
2026-08-15T20:55:22.583+05:30 DEBUG 10736 --- [nio-8080-exec-3] s.w.s.m.m.a.RequestMappingHandlerMapping : Mapped to com.finclear.api.AccountController#all(Authentication)
2026-08-15T20:55:22.585+05:30 DEBUG 10736 --- [nio-8080-exec-4] org.hibernate.SQL                        : select a1_0.id,a1_0.account_number,a1_0.available_balance,a1_0.created_at,a1_0.currency,a1_0.status,a1_0.user_id,a1_0.version from accounts a1_0
2026-08-15T20:55:22.584+05:30 DEBUG 10736 --- [nio-8080-exec-9] org.hibernate.SQL                        : select p1_0.id,p1_0.amount,p1_0.created_at,p1_0.currency,p1_0.idempotency_key,p1_0.merchant,p1_0.payer_account_id,p1_0.status,p1_0.updated_at from payments p1_0 order by p1_0.created_at desc fetch first ? rows only
2026-08-15T20:55:22.585+05:30 DEBUG 10736 --- [nio-8080-exec-5] org.hibernate.SQL                        : select ec1_0.id,ec1_0.amount,ec1_0.category,ec1_0.created_at,ec1_0.currency,ec1_0.evidence,ec1_0.owner,ec1_0.severity,ec1_0.status,ec1_0.title,ec1_0.updated_at from exception_cases ec1_0 order by ec1_0.created_at desc
2026-08-15T20:55:22.586+05:30 DEBUG 10736 --- [nio-8080-exec-3] org.hibernate.SQL                        : select a1_0.id,a1_0.account_number,a1_0.available_balance,a1_0.created_at,a1_0.currency,a1_0.status,a1_0.user_id,a1_0.version from accounts a1_0
2026-08-15T20:55:22.585+05:30 DEBUG 10736 --- [io-8080-exec-10] m.m.a.RequestResponseBodyMethodProcessor : Using 'application/json', given [*/*] and supported [application/json, application/*+json, application/yaml]
2026-08-15T20:55:22.587+05:30 DEBUG 10736 --- [nio-8080-exec-4] org.hibernate.SQL                        : select ec1_0.id,ec1_0.amount,ec1_0.category,ec1_0.created_at,ec1_0.currency,ec1_0.evidence,ec1_0.owner,ec1_0.severity,ec1_0.status,ec1_0.title,ec1_0.updated_at from exception_cases ec1_0 order by ec1_0.created_at desc
2026-08-15T20:55:22.587+05:30 DEBUG 10736 --- [nio-8080-exec-9] m.m.a.RequestResponseBodyMethodProcessor : Using 'application/json', given [*/*] and supported [application/json, application/*+json, application/yaml]
2026-08-15T20:55:22.587+05:30 DEBUG 10736 --- [io-8080-exec-10] m.m.a.RequestResponseBodyMethodProcessor : Writing [[{owner=Nisha � Payments Ops, title=Gateway settlement missing for captured payments, id=d9ebf868-67 (truncated)...]
2026-08-15T20:55:22.589+05:30 DEBUG 10736 --- [nio-8080-exec-5] m.m.a.RequestResponseBodyMethodProcessor : Using 'application/json', given [*/*] and supported [application/json, application/*+json, application/yaml]
2026-08-15T20:55:22.588+05:30 DEBUG 10736 --- [nio-8080-exec-3] m.m.a.RequestResponseBodyMethodProcessor : Using 'application/json', given [*/*] and supported [application/json, application/*+json, application/yaml]
2026-08-15T20:55:22.588+05:30 DEBUG 10736 --- [nio-8080-exec-9] m.m.a.RequestResponseBodyMethodProcessor : Writing [[]]
2026-08-15T20:55:22.589+05:30 DEBUG 10736 --- [nio-8080-exec-4] m.m.a.RequestResponseBodyMethodProcessor : Using 'application/json', given [*/*] and supported [application/json, application/*+json, application/yaml]
2026-08-15T20:55:22.589+05:30 DEBUG 10736 --- [nio-8080-exec-5] m.m.a.RequestResponseBodyMethodProcessor : Writing [{summary=3 exceptions account for 629250.00 INR of operational exposure., headline=Money needs atten (truncated)...]
2026-08-15T20:55:22.589+05:30 DEBUG 10736 --- [io-8080-exec-10] o.s.web.servlet.DispatcherServlet        : Completed 200 OK
2026-08-15T20:55:22.589+05:30 DEBUG 10736 --- [nio-8080-exec-3] m.m.a.RequestResponseBodyMethodProcessor : Writing [[{accountNumber=FC-100001, id=4e894728-ee87-4744-9b5e-e340a4d8741b, balance=1842680.0000, currency=I (truncated)...]
2026-08-15T20:55:22.590+05:30 DEBUG 10736 --- [nio-8080-exec-9] o.s.web.servlet.DispatcherServlet        : Completed 200 OK
2026-08-15T20:55:22.590+05:30 DEBUG 10736 --- [nio-8080-exec-4] m.m.a.RequestResponseBodyMethodProcessor : Writing [{exposure=629250.0000, openExceptions=3, availableBalance=2667600.0000, settlementHealth=ATTENTION,  (truncated)...]
2026-08-15T20:55:22.590+05:30 DEBUG 10736 --- [nio-8080-exec-5] o.s.web.servlet.DispatcherServlet        : Completed 200 OK
2026-08-15T20:55:22.592+05:30 DEBUG 10736 --- [nio-8080-exec-4] o.s.web.servlet.DispatcherServlet        : Completed 200 OK
2026-08-15T20:55:22.591+05:30 DEBUG 10736 --- [nio-8080-exec-3] o.s.web.servlet.DispatcherServlet        : Completed 200 OK
2026-08-15T20:55:30.558+05:30 DEBUG 10736 --- [io-8080-exec-10] o.s.web.servlet.DispatcherServlet        : GET "/api/v1/control/overview", parameters={}
2026-08-15T20:55:30.559+05:30 DEBUG 10736 --- [io-8080-exec-10] s.w.s.m.m.a.RequestMappingHandlerMapping : Mapped to com.finclear.api.ControlCenterController#overview()
2026-08-15T20:55:30.560+05:30 DEBUG 10736 --- [nio-8080-exec-4] o.s.web.servlet.DispatcherServlet        : GET "/api/v1/control/exceptions", parameters={}
2026-08-15T20:55:30.560+05:30 DEBUG 10736 --- [nio-8080-exec-5] o.s.web.servlet.DispatcherServlet        : GET "/api/v1/payments", parameters={}
2026-08-15T20:55:30.560+05:30 DEBUG 10736 --- [nio-8080-exec-4] s.w.s.m.m.a.RequestMappingHandlerMapping : Mapped to com.finclear.api.ControlCenterController#cases()
2026-08-15T20:55:30.560+05:30 DEBUG 10736 --- [nio-8080-exec-5] s.w.s.m.m.a.RequestMappingHandlerMapping : Mapped to com.finclear.api.PaymentController#latest()
2026-08-15T20:55:30.560+05:30 DEBUG 10736 --- [io-8080-exec-10] org.hibernate.SQL                        : select p1_0.id,p1_0.amount,p1_0.created_at,p1_0.currency,p1_0.idempotency_key,p1_0.merchant,p1_0.payer_account_id,p1_0.status,p1_0.updated_at from payments p1_0 order by p1_0.created_at desc fetch first ? rows only
2026-08-15T20:55:30.561+05:30 DEBUG 10736 --- [nio-8080-exec-4] org.hibernate.SQL                        : select ec1_0.id,ec1_0.amount,ec1_0.category,ec1_0.created_at,ec1_0.currency,ec1_0.evidence,ec1_0.owner,ec1_0.severity,ec1_0.status,ec1_0.title,ec1_0.updated_at from exception_cases ec1_0 order by ec1_0.created_at desc
2026-08-15T20:55:30.562+05:30 DEBUG 10736 --- [nio-8080-exec-5] org.hibernate.SQL                        : select p1_0.id,p1_0.amount,p1_0.created_at,p1_0.currency,p1_0.idempotency_key,p1_0.merchant,p1_0.payer_account_id,p1_0.status,p1_0.updated_at from payments p1_0 order by p1_0.created_at desc fetch first ? rows only
2026-08-15T20:55:30.562+05:30 DEBUG 10736 --- [io-8080-exec-10] org.hibernate.SQL                        : select a1_0.id,a1_0.account_number,a1_0.available_balance,a1_0.created_at,a1_0.currency,a1_0.status,a1_0.user_id,a1_0.version from accounts a1_0
2026-08-15T20:55:30.562+05:30 DEBUG 10736 --- [nio-8080-exec-4] m.m.a.RequestResponseBodyMethodProcessor : Using 'application/json', given [*/*] and supported [application/json, application/*+json, application/yaml]
2026-08-15T20:55:30.563+05:30 DEBUG 10736 --- [nio-8080-exec-5] m.m.a.RequestResponseBodyMethodProcessor : Using 'application/json', given [*/*] and supported [application/json, application/*+json, application/yaml]
2026-08-15T20:55:30.563+05:30 DEBUG 10736 --- [nio-8080-exec-3] o.s.web.servlet.DispatcherServlet        : GET "/api/v1/control/explain", parameters={}
2026-08-15T20:55:30.563+05:30 DEBUG 10736 --- [nio-8080-exec-4] m.m.a.RequestResponseBodyMethodProcessor : Writing [[{owner=Nisha � Payments Ops, title=Gateway settlement missing for captured payments, id=d9ebf868-67 (truncated)...]
2026-08-15T20:55:30.563+05:30 DEBUG 10736 --- [nio-8080-exec-9] o.s.web.servlet.DispatcherServlet        : GET "/api/v1/accounts", parameters={}
2026-08-15T20:55:30.563+05:30 DEBUG 10736 --- [nio-8080-exec-5] m.m.a.RequestResponseBodyMethodProcessor : Writing [[]]
2026-08-15T20:55:30.564+05:30 DEBUG 10736 --- [nio-8080-exec-3] s.w.s.m.m.a.RequestMappingHandlerMapping : Mapped to com.finclear.api.ControlCenterController#explain()
2026-08-15T20:55:30.564+05:30 DEBUG 10736 --- [nio-8080-exec-5] o.s.web.servlet.DispatcherServlet        : Completed 200 OK
2026-08-15T20:55:30.564+05:30 DEBUG 10736 --- [nio-8080-exec-9] s.w.s.m.m.a.RequestMappingHandlerMapping : Mapped to com.finclear.api.AccountController#all(Authentication)
2026-08-15T20:55:30.564+05:30 DEBUG 10736 --- [nio-8080-exec-4] o.s.web.servlet.DispatcherServlet        : Completed 200 OK
2026-08-15T20:55:30.564+05:30 DEBUG 10736 --- [io-8080-exec-10] org.hibernate.SQL                        : select ec1_0.id,ec1_0.amount,ec1_0.category,ec1_0.created_at,ec1_0.currency,ec1_0.evidence,ec1_0.owner,ec1_0.severity,ec1_0.status,ec1_0.title,ec1_0.updated_at from exception_cases ec1_0 order by ec1_0.created_at desc
2026-08-15T20:55:30.566+05:30 DEBUG 10736 --- [nio-8080-exec-3] org.hibernate.SQL                        : select ec1_0.id,ec1_0.amount,ec1_0.category,ec1_0.created_at,ec1_0.currency,ec1_0.evidence,ec1_0.owner,ec1_0.severity,ec1_0.status,ec1_0.title,ec1_0.updated_at from exception_cases ec1_0 order by ec1_0.created_at desc
2026-08-15T20:55:30.567+05:30 DEBUG 10736 --- [nio-8080-exec-9] org.hibernate.SQL                        : select a1_0.id,a1_0.account_number,a1_0.available_balance,a1_0.created_at,a1_0.currency,a1_0.status,a1_0.user_id,a1_0.version from accounts a1_0
2026-08-15T20:55:30.567+05:30 DEBUG 10736 --- [nio-8080-exec-3] m.m.a.RequestResponseBodyMethodProcessor : Using 'application/json', given [*/*] and supported [application/json, application/*+json, application/yaml]
2026-08-15T20:55:30.567+05:30 DEBUG 10736 --- [io-8080-exec-10] m.m.a.RequestResponseBodyMethodProcessor : Using 'application/json', given [*/*] and supported [application/json, application/*+json, application/yaml]
2026-08-15T20:55:30.568+05:30 DEBUG 10736 --- [nio-8080-exec-3] m.m.a.RequestResponseBodyMethodProcessor : Writing [{summary=3 exceptions account for 629250.00 INR of operational exposure., headline=Money needs atten (truncated)...]
2026-08-15T20:55:30.568+05:30 DEBUG 10736 --- [nio-8080-exec-9] m.m.a.RequestResponseBodyMethodProcessor : Using 'application/json', given [*/*] and supported [application/json, application/*+json, application/yaml]
2026-08-15T20:55:30.568+05:30 DEBUG 10736 --- [io-8080-exec-10] m.m.a.RequestResponseBodyMethodProcessor : Writing [{exposure=629250.0000, openExceptions=3, availableBalance=2667600.0000, settlementHealth=ATTENTION,  (truncated)...]
2026-08-15T20:55:30.569+05:30 DEBUG 10736 --- [nio-8080-exec-3] o.s.web.servlet.DispatcherServlet        : Completed 200 OK
2026-08-15T20:55:30.569+05:30 DEBUG 10736 --- [nio-8080-exec-9] m.m.a.RequestResponseBodyMethodProcessor : Writing [[{accountNumber=FC-100001, id=4e894728-ee87-4744-9b5e-e340a4d8741b, balance=1842680.0000, currency=I (truncated)...]
2026-08-15T20:55:30.569+05:30 DEBUG 10736 --- [io-8080-exec-10] o.s.web.servlet.DispatcherServlet        : Completed 200 OK
2026-08-15T20:55:30.570+05:30 DEBUG 10736 --- [nio-8080-exec-9] o.s.web.servlet.DispatcherServlet        : Completed 200 OK
2026-08-15T20:56:30.565+05:30 DEBUG 10736 --- [nio-8080-exec-7] o.s.web.servlet.DispatcherServlet        : GET "/api/v1/control/overview", parameters={}
2026-08-15T20:56:30.565+05:30 DEBUG 10736 --- [nio-8080-exec-6] o.s.web.servlet.DispatcherServlet        : GET "/api/v1/control/exceptions", parameters={}
2026-08-15T20:56:30.565+05:30 DEBUG 10736 --- [nio-8080-exec-1] o.s.web.servlet.DispatcherServlet        : GET "/api/v1/payments", parameters={}
2026-08-15T20:56:30.567+05:30 DEBUG 10736 --- [nio-8080-exec-1] s.w.s.m.m.a.RequestMappingHandlerMapping : Mapped to com.finclear.api.PaymentController#latest()
2026-08-15T20:56:30.570+05:30 DEBUG 10736 --- [nio-8080-exec-1] org.hibernate.SQL                        : select p1_0.id,p1_0.amount,p1_0.created_at,p1_0.currency,p1_0.idempotency_key,p1_0.merchant,p1_0.payer_account_id,p1_0.status,p1_0.updated_at from payments p1_0 order by p1_0.created_at desc fetch first ? rows only
2026-08-15T20:56:30.565+05:30 DEBUG 10736 --- [nio-8080-exec-8] o.s.web.servlet.DispatcherServlet        : GET "/api/v1/accounts", parameters={}
2026-08-15T20:56:30.572+05:30 DEBUG 10736 --- [nio-8080-exec-8] s.w.s.m.m.a.RequestMappingHandlerMapping : Mapped to com.finclear.api.AccountController#all(Authentication)
2026-08-15T20:56:30.565+05:30 DEBUG 10736 --- [nio-8080-exec-4] o.s.web.servlet.DispatcherServlet        : GET "/api/v1/control/explain", parameters={}
2026-08-15T20:56:30.567+05:30 DEBUG 10736 --- [nio-8080-exec-7] s.w.s.m.m.a.RequestMappingHandlerMapping : Mapped to com.finclear.api.ControlCenterController#overview()
2026-08-15T20:56:30.567+05:30 DEBUG 10736 --- [nio-8080-exec-6] s.w.s.m.m.a.RequestMappingHandlerMapping : Mapped to com.finclear.api.ControlCenterController#cases()
2026-08-15T20:56:30.573+05:30 DEBUG 10736 --- [nio-8080-exec-8] org.hibernate.SQL                        : select a1_0.id,a1_0.account_number,a1_0.available_balance,a1_0.created_at,a1_0.currency,a1_0.status,a1_0.user_id,a1_0.version from accounts a1_0
2026-08-15T20:56:30.574+05:30 DEBUG 10736 --- [nio-8080-exec-6] org.hibernate.SQL                        : select ec1_0.id,ec1_0.amount,ec1_0.category,ec1_0.created_at,ec1_0.currency,ec1_0.evidence,ec1_0.owner,ec1_0.severity,ec1_0.status,ec1_0.title,ec1_0.updated_at from exception_cases ec1_0 order by ec1_0.created_at desc
2026-08-15T20:56:30.573+05:30 DEBUG 10736 --- [nio-8080-exec-4] s.w.s.m.m.a.RequestMappingHandlerMapping : Mapped to com.finclear.api.ControlCenterController#explain()
2026-08-15T20:56:30.573+05:30 DEBUG 10736 --- [nio-8080-exec-1] m.m.a.RequestResponseBodyMethodProcessor : Using 'application/json', given [*/*] and supported [application/json, application/*+json, application/yaml]
2026-08-15T20:56:30.574+05:30 DEBUG 10736 --- [nio-8080-exec-1] m.m.a.RequestResponseBodyMethodProcessor : Writing [[]]
2026-08-15T20:56:30.575+05:30 DEBUG 10736 --- [nio-8080-exec-4] org.hibernate.SQL                        : select ec1_0.id,ec1_0.amount,ec1_0.category,ec1_0.created_at,ec1_0.currency,ec1_0.evidence,ec1_0.owner,ec1_0.severity,ec1_0.status,ec1_0.title,ec1_0.updated_at from exception_cases ec1_0 order by ec1_0.created_at desc
2026-08-15T20:56:30.573+05:30 DEBUG 10736 --- [nio-8080-exec-7] org.hibernate.SQL                        : select p1_0.id,p1_0.amount,p1_0.created_at,p1_0.currency,p1_0.idempotency_key,p1_0.merchant,p1_0.payer_account_id,p1_0.status,p1_0.updated_at from payments p1_0 order by p1_0.created_at desc fetch first ? rows only
2026-08-15T20:56:30.575+05:30 DEBUG 10736 --- [nio-8080-exec-8] m.m.a.RequestResponseBodyMethodProcessor : Using 'application/json', given [*/*] and supported [application/json, application/*+json, application/yaml]
2026-08-15T20:56:30.575+05:30 DEBUG 10736 --- [nio-8080-exec-1] o.s.web.servlet.DispatcherServlet        : Completed 200 OK
2026-08-15T20:56:30.575+05:30 DEBUG 10736 --- [nio-8080-exec-6] m.m.a.RequestResponseBodyMethodProcessor : Using 'application/json', given [*/*] and supported [application/json, application/*+json, application/yaml]
2026-08-15T20:56:30.576+05:30 DEBUG 10736 --- [nio-8080-exec-4] m.m.a.RequestResponseBodyMethodProcessor : Using 'application/json', given [*/*] and supported [application/json, application/*+json, application/yaml]
2026-08-15T20:56:30.577+05:30 DEBUG 10736 --- [nio-8080-exec-4] m.m.a.RequestResponseBodyMethodProcessor : Writing [{summary=3 exceptions account for 629250.00 INR of operational exposure., headline=Money needs atten (truncated)...]
2026-08-15T20:56:30.576+05:30 DEBUG 10736 --- [nio-8080-exec-8] m.m.a.RequestResponseBodyMethodProcessor : Writing [[{accountNumber=FC-100001, id=4e894728-ee87-4744-9b5e-e340a4d8741b, balance=1842680.0000, currency=I (truncated)...]
2026-08-15T20:56:30.577+05:30 DEBUG 10736 --- [nio-8080-exec-7] org.hibernate.SQL                        : select a1_0.id,a1_0.account_number,a1_0.available_balance,a1_0.created_at,a1_0.currency,a1_0.status,a1_0.user_id,a1_0.version from accounts a1_0
2026-08-15T20:56:30.578+05:30 DEBUG 10736 --- [nio-8080-exec-8] o.s.web.servlet.DispatcherServlet        : Completed 200 OK
2026-08-15T20:56:30.577+05:30 DEBUG 10736 --- [nio-8080-exec-6] m.m.a.RequestResponseBodyMethodProcessor : Writing [[{owner=Nisha � Payments Ops, title=Gateway settlement missing for captured payments, id=d9ebf868-67 (truncated)...]
2026-08-15T20:56:30.580+05:30 DEBUG 10736 --- [nio-8080-exec-7] org.hibernate.SQL                        : select ec1_0.id,ec1_0.amount,ec1_0.category,ec1_0.created_at,ec1_0.currency,ec1_0.evidence,ec1_0.owner,ec1_0.severity,ec1_0.status,ec1_0.title,ec1_0.updated_at from exception_cases ec1_0 order by ec1_0.created_at desc
2026-08-15T20:56:30.578+05:30 DEBUG 10736 --- [nio-8080-exec-4] o.s.web.servlet.DispatcherServlet        : Completed 200 OK
2026-08-15T20:56:30.580+05:30 DEBUG 10736 --- [nio-8080-exec-7] m.m.a.RequestResponseBodyMethodProcessor : Using 'application/json', given [*/*] and supported [application/json, application/*+json, application/yaml]
2026-08-15T20:56:30.580+05:30 DEBUG 10736 --- [nio-8080-exec-6] o.s.web.servlet.DispatcherServlet        : Completed 200 OK
2026-08-15T20:56:30.582+05:30 DEBUG 10736 --- [nio-8080-exec-7] m.m.a.RequestResponseBodyMethodProcessor : Writing [{exposure=629250.0000, openExceptions=3, availableBalance=2667600.0000, settlementHealth=ATTENTION,  (truncated)...]
2026-08-15T20:56:30.582+05:30 DEBUG 10736 --- [nio-8080-exec-7] o.s.web.servlet.DispatcherServlet        : Completed 200 OK
2026-08-15T20:57:30.560+05:30 DEBUG 10736 --- [io-8080-exec-10] o.s.web.servlet.DispatcherServlet        : GET "/api/v1/control/overview", parameters={}
2026-08-15T20:57:30.560+05:30 DEBUG 10736 --- [nio-8080-exec-1] o.s.web.servlet.DispatcherServlet        : GET "/api/v1/control/exceptions", parameters={}
2026-08-15T20:57:30.563+05:30 DEBUG 10736 --- [nio-8080-exec-6] o.s.web.servlet.DispatcherServlet        : GET "/api/v1/payments", parameters={}
2026-08-15T20:57:30.565+05:30 DEBUG 10736 --- [nio-8080-exec-7] o.s.web.servlet.DispatcherServlet        : GET "/api/v1/accounts", parameters={}
2026-08-15T20:57:30.568+05:30 DEBUG 10736 --- [nio-8080-exec-7] s.w.s.m.m.a.RequestMappingHandlerMapping : Mapped to com.finclear.api.AccountController#all(Authentication)
2026-08-15T20:57:30.566+05:30 DEBUG 10736 --- [nio-8080-exec-8] o.s.web.servlet.DispatcherServlet        : GET "/api/v1/control/explain", parameters={}
2026-08-15T20:57:30.568+05:30 DEBUG 10736 --- [io-8080-exec-10] s.w.s.m.m.a.RequestMappingHandlerMapping : Mapped to com.finclear.api.ControlCenterController#overview()
2026-08-15T20:57:30.568+05:30 DEBUG 10736 --- [nio-8080-exec-1] s.w.s.m.m.a.RequestMappingHandlerMapping : Mapped to com.finclear.api.ControlCenterController#cases()
2026-08-15T20:57:30.568+05:30 DEBUG 10736 --- [nio-8080-exec-6] s.w.s.m.m.a.RequestMappingHandlerMapping : Mapped to com.finclear.api.PaymentController#latest()
2026-08-15T20:57:30.570+05:30 DEBUG 10736 --- [nio-8080-exec-8] s.w.s.m.m.a.RequestMappingHandlerMapping : Mapped to com.finclear.api.ControlCenterController#explain()
2026-08-15T20:57:30.572+05:30 DEBUG 10736 --- [nio-8080-exec-8] org.hibernate.SQL                        : select ec1_0.id,ec1_0.amount,ec1_0.category,ec1_0.created_at,ec1_0.currency,ec1_0.evidence,ec1_0.owner,ec1_0.severity,ec1_0.status,ec1_0.title,ec1_0.updated_at from exception_cases ec1_0 order by ec1_0.created_at desc
2026-08-15T20:57:30.570+05:30 DEBUG 10736 --- [nio-8080-exec-1] org.hibernate.SQL                        : select ec1_0.id,ec1_0.amount,ec1_0.category,ec1_0.created_at,ec1_0.currency,ec1_0.evidence,ec1_0.owner,ec1_0.severity,ec1_0.status,ec1_0.title,ec1_0.updated_at from exception_cases ec1_0 order by ec1_0.created_at desc
2026-08-15T20:57:30.570+05:30 DEBUG 10736 --- [nio-8080-exec-7] org.hibernate.SQL                        : select a1_0.id,a1_0.account_number,a1_0.available_balance,a1_0.created_at,a1_0.currency,a1_0.status,a1_0.user_id,a1_0.version from accounts a1_0
2026-08-15T20:57:30.581+05:30 DEBUG 10736 --- [nio-8080-exec-8] m.m.a.RequestResponseBodyMethodProcessor : Using 'application/json', given [*/*] and supported [application/json, application/*+json, application/yaml]
2026-08-15T20:57:30.570+05:30 DEBUG 10736 --- [io-8080-exec-10] org.hibernate.SQL                        : select p1_0.id,p1_0.amount,p1_0.created_at,p1_0.currency,p1_0.idempotency_key,p1_0.merchant,p1_0.payer_account_id,p1_0.status,p1_0.updated_at from payments p1_0 order by p1_0.created_at desc fetch first ? rows only
2026-08-15T20:57:30.572+05:30 DEBUG 10736 --- [nio-8080-exec-6] org.hibernate.SQL                        : select p1_0.id,p1_0.amount,p1_0.created_at,p1_0.currency,p1_0.idempotency_key,p1_0.merchant,p1_0.payer_account_id,p1_0.status,p1_0.updated_at from payments p1_0 order by p1_0.created_at desc fetch first ? rows only
2026-08-15T20:57:30.583+05:30 DEBUG 10736 --- [nio-8080-exec-6] m.m.a.RequestResponseBodyMethodProcessor : Using 'application/json', given [*/*] and supported [application/json, application/*+json, application/yaml]
2026-08-15T20:57:30.583+05:30 DEBUG 10736 --- [nio-8080-exec-6] m.m.a.RequestResponseBodyMethodProcessor : Writing [[]]
2026-08-15T20:57:30.581+05:30 DEBUG 10736 --- [nio-8080-exec-1] m.m.a.RequestResponseBodyMethodProcessor : Using 'application/json', given [*/*] and supported [application/json, application/*+json, application/yaml]
2026-08-15T20:57:30.581+05:30 DEBUG 10736 --- [nio-8080-exec-8] m.m.a.RequestResponseBodyMethodProcessor : Writing [{summary=3 exceptions account for 629250.00 INR of operational exposure., headline=Money needs atten (truncated)...]
2026-08-15T20:57:30.581+05:30 DEBUG 10736 --- [nio-8080-exec-7] m.m.a.RequestResponseBodyMethodProcessor : Using 'application/json', given [*/*] and supported [application/json, application/*+json, application/yaml]
2026-08-15T20:57:30.583+05:30 DEBUG 10736 --- [io-8080-exec-10] org.hibernate.SQL                        : select a1_0.id,a1_0.account_number,a1_0.available_balance,a1_0.created_at,a1_0.currency,a1_0.status,a1_0.user_id,a1_0.version from accounts a1_0
2026-08-15T20:57:30.585+05:30 DEBUG 10736 --- [nio-8080-exec-6] o.s.web.servlet.DispatcherServlet        : Completed 200 OK
2026-08-15T20:57:30.585+05:30 DEBUG 10736 --- [nio-8080-exec-1] m.m.a.RequestResponseBodyMethodProcessor : Writing [[{owner=Nisha � Payments Ops, title=Gateway settlement missing for captured payments, id=d9ebf868-67 (truncated)...]
2026-08-15T20:57:30.585+05:30 DEBUG 10736 --- [nio-8080-exec-8] o.s.web.servlet.DispatcherServlet        : Completed 200 OK
2026-08-15T20:57:30.586+05:30 DEBUG 10736 --- [nio-8080-exec-7] m.m.a.RequestResponseBodyMethodProcessor : Writing [[{accountNumber=FC-100001, id=4e894728-ee87-4744-9b5e-e340a4d8741b, balance=1842680.0000, currency=I (truncated)...]
2026-08-15T20:57:30.589+05:30 DEBUG 10736 --- [io-8080-exec-10] org.hibernate.SQL                        : select ec1_0.id,ec1_0.amount,ec1_0.category,ec1_0.created_at,ec1_0.currency,ec1_0.evidence,ec1_0.owner,ec1_0.severity,ec1_0.status,ec1_0.title,ec1_0.updated_at from exception_cases ec1_0 order by ec1_0.created_at desc
2026-08-15T20:57:30.593+05:30 DEBUG 10736 --- [nio-8080-exec-7] o.s.web.servlet.DispatcherServlet        : Completed 200 OK
2026-08-15T20:57:30.591+05:30 DEBUG 10736 --- [nio-8080-exec-1] o.s.web.servlet.DispatcherServlet        : Completed 200 OK
2026-08-15T20:57:30.595+05:30 DEBUG 10736 --- [io-8080-exec-10] m.m.a.RequestResponseBodyMethodProcessor : Using 'application/json', given [*/*] and supported [application/json, application/*+json, application/yaml]
2026-08-15T20:57:30.595+05:30 DEBUG 10736 --- [io-8080-exec-10] m.m.a.RequestResponseBodyMethodProcessor : Writing [{exposure=629250.0000, openExceptions=3, availableBalance=2667600.0000, settlementHealth=ATTENTION,  (truncated)...]
2026-08-15T20:57:30.597+05:30 DEBUG 10736 --- [io-8080-exec-10] o.s.web.servlet.DispatcherServlet        : Completed 200 OK
2026-08-15T20:58:30.587+05:30 DEBUG 10736 --- [io-8080-exec-10] o.s.web.servlet.DispatcherServlet        : GET "/api/v1/control/overview", parameters={}
2026-08-15T20:58:30.588+05:30 DEBUG 10736 --- [nio-8080-exec-3] o.s.web.servlet.DispatcherServlet        : GET "/api/v1/payments", parameters={}
2026-08-15T20:58:30.589+05:30 DEBUG 10736 --- [nio-8080-exec-9] o.s.web.servlet.DispatcherServlet        : GET "/api/v1/control/exceptions", parameters={}
2026-08-15T20:58:30.589+05:30 DEBUG 10736 --- [nio-8080-exec-4] o.s.web.servlet.DispatcherServlet        : GET "/api/v1/accounts", parameters={}
2026-08-15T20:58:30.590+05:30 DEBUG 10736 --- [nio-8080-exec-1] o.s.web.servlet.DispatcherServlet        : GET "/api/v1/control/explain", parameters={}
2026-08-15T20:58:30.594+05:30 DEBUG 10736 --- [io-8080-exec-10] s.w.s.m.m.a.RequestMappingHandlerMapping : Mapped to com.finclear.api.ControlCenterController#overview()
2026-08-15T20:58:30.594+05:30 DEBUG 10736 --- [nio-8080-exec-3] s.w.s.m.m.a.RequestMappingHandlerMapping : Mapped to com.finclear.api.PaymentController#latest()
2026-08-15T20:58:30.594+05:30 DEBUG 10736 --- [nio-8080-exec-9] s.w.s.m.m.a.RequestMappingHandlerMapping : Mapped to com.finclear.api.ControlCenterController#cases()
2026-08-15T20:58:30.594+05:30 DEBUG 10736 --- [nio-8080-exec-4] s.w.s.m.m.a.RequestMappingHandlerMapping : Mapped to com.finclear.api.AccountController#all(Authentication)
2026-08-15T20:58:30.596+05:30 DEBUG 10736 --- [nio-8080-exec-9] org.hibernate.SQL                        : select ec1_0.id,ec1_0.amount,ec1_0.category,ec1_0.created_at,ec1_0.currency,ec1_0.evidence,ec1_0.owner,ec1_0.severity,ec1_0.status,ec1_0.title,ec1_0.updated_at from exception_cases ec1_0 order by ec1_0.created_at desc
2026-08-15T20:58:30.596+05:30 DEBUG 10736 --- [nio-8080-exec-4] org.hibernate.SQL                        : select a1_0.id,a1_0.account_number,a1_0.available_balance,a1_0.created_at,a1_0.currency,a1_0.status,a1_0.user_id,a1_0.version from accounts a1_0
2026-08-15T20:58:30.594+05:30 DEBUG 10736 --- [nio-8080-exec-1] s.w.s.m.m.a.RequestMappingHandlerMapping : Mapped to com.finclear.api.ControlCenterController#explain()
2026-08-15T20:58:30.596+05:30 DEBUG 10736 --- [io-8080-exec-10] org.hibernate.SQL                        : select p1_0.id,p1_0.amount,p1_0.created_at,p1_0.currency,p1_0.idempotency_key,p1_0.merchant,p1_0.payer_account_id,p1_0.status,p1_0.updated_at from payments p1_0 order by p1_0.created_at desc fetch first ? rows only
2026-08-15T20:58:30.596+05:30 DEBUG 10736 --- [nio-8080-exec-3] org.hibernate.SQL                        : select p1_0.id,p1_0.amount,p1_0.created_at,p1_0.currency,p1_0.idempotency_key,p1_0.merchant,p1_0.payer_account_id,p1_0.status,p1_0.updated_at from payments p1_0 order by p1_0.created_at desc fetch first ? rows only
2026-08-15T20:58:30.596+05:30 DEBUG 10736 --- [nio-8080-exec-9] m.m.a.RequestResponseBodyMethodProcessor : Using 'application/json', given [*/*] and supported [application/json, application/*+json, application/yaml]
2026-08-15T20:58:30.599+05:30 DEBUG 10736 --- [nio-8080-exec-4] m.m.a.RequestResponseBodyMethodProcessor : Using 'application/json', given [*/*] and supported [application/json, application/*+json, application/yaml]
2026-08-15T20:58:30.600+05:30 DEBUG 10736 --- [nio-8080-exec-4] m.m.a.RequestResponseBodyMethodProcessor : Writing [[{accountNumber=FC-100001, id=4e894728-ee87-4744-9b5e-e340a4d8741b, balance=1842680.0000, currency=I (truncated)...]
2026-08-15T20:58:30.601+05:30 DEBUG 10736 --- [nio-8080-exec-4] o.s.web.servlet.DispatcherServlet        : Completed 200 OK
2026-08-15T20:58:30.599+05:30 DEBUG 10736 --- [nio-8080-exec-1] org.hibernate.SQL                        : select ec1_0.id,ec1_0.amount,ec1_0.category,ec1_0.created_at,ec1_0.currency,ec1_0.evidence,ec1_0.owner,ec1_0.severity,ec1_0.status,ec1_0.title,ec1_0.updated_at from exception_cases ec1_0 order by ec1_0.created_at desc
2026-08-15T20:58:30.599+05:30 DEBUG 10736 --- [nio-8080-exec-9] m.m.a.RequestResponseBodyMethodProcessor : Writing [[{owner=Nisha � Payments Ops, title=Gateway settlement missing for captured payments, id=d9ebf868-67 (truncated)...]
2026-08-15T20:58:30.607+05:30 DEBUG 10736 --- [nio-8080-exec-1] m.m.a.RequestResponseBodyMethodProcessor : Using 'application/json', given [*/*] and supported [application/json, application/*+json, application/yaml]
2026-08-15T20:58:30.600+05:30 DEBUG 10736 --- [io-8080-exec-10] org.hibernate.SQL                        : select a1_0.id,a1_0.account_number,a1_0.available_balance,a1_0.created_at,a1_0.currency,a1_0.status,a1_0.user_id,a1_0.version from accounts a1_0
2026-08-15T20:58:30.600+05:30 DEBUG 10736 --- [nio-8080-exec-3] m.m.a.RequestResponseBodyMethodProcessor : Using 'application/json', given [*/*] and supported [application/json, application/*+json, application/yaml]
2026-08-15T20:58:30.607+05:30 DEBUG 10736 --- [nio-8080-exec-9] o.s.web.servlet.DispatcherServlet        : Completed 200 OK
2026-08-15T20:58:30.608+05:30 DEBUG 10736 --- [nio-8080-exec-1] m.m.a.RequestResponseBodyMethodProcessor : Writing [{summary=3 exceptions account for 629250.00 INR of operational exposure., headline=Money needs atten (truncated)...]
2026-08-15T20:58:30.608+05:30 DEBUG 10736 --- [nio-8080-exec-3] m.m.a.RequestResponseBodyMethodProcessor : Writing [[]]
2026-08-15T20:58:30.609+05:30 DEBUG 10736 --- [nio-8080-exec-1] o.s.web.servlet.DispatcherServlet        : Completed 200 OK
2026-08-15T20:58:30.610+05:30 DEBUG 10736 --- [io-8080-exec-10] org.hibernate.SQL                        : select ec1_0.id,ec1_0.amount,ec1_0.category,ec1_0.created_at,ec1_0.currency,ec1_0.evidence,ec1_0.owner,ec1_0.severity,ec1_0.status,ec1_0.title,ec1_0.updated_at from exception_cases ec1_0 order by ec1_0.created_at desc
2026-08-15T20:58:30.610+05:30 DEBUG 10736 --- [nio-8080-exec-3] o.s.web.servlet.DispatcherServlet        : Completed 200 OK
2026-08-15T20:58:30.611+05:30 DEBUG 10736 --- [io-8080-exec-10] m.m.a.RequestResponseBodyMethodProcessor : Using 'application/json', given [*/*] and supported [application/json, application/*+json, application/yaml]
2026-08-15T20:58:30.612+05:30 DEBUG 10736 --- [io-8080-exec-10] m.m.a.RequestResponseBodyMethodProcessor : Writing [{exposure=629250.0000, openExceptions=3, availableBalance=2667600.0000, settlementHealth=ATTENTION,  (truncated)...]
2026-08-15T20:58:30.612+05:30 DEBUG 10736 --- [io-8080-exec-10] o.s.web.servlet.DispatcherServlet        : Completed 200 OK
2026-08-15T20:58:39.670+05:30 DEBUG 10736 --- [nio-8080-exec-7] o.s.web.servlet.DispatcherServlet        : GET "/swagger-ui/index.html", parameters={}
2026-08-15T20:58:39.670+05:30 DEBUG 10736 --- [nio-8080-exec-7] o.s.w.s.handler.SimpleUrlHandlerMapping  : Mapped to ResourceHttpRequestHandler [classpath [META-INF/resources/webjars/]]
2026-08-15T20:58:39.693+05:30 DEBUG 10736 --- [nio-8080-exec-7] o.s.web.servlet.DispatcherServlet        : Completed 200 OK
2026-08-15T20:58:39.712+05:30 DEBUG 10736 --- [nio-8080-exec-5] o.s.web.servlet.DispatcherServlet        : GET "/swagger-ui/index.css", parameters={}
2026-08-15T20:58:39.712+05:30 DEBUG 10736 --- [nio-8080-exec-2] o.s.web.servlet.DispatcherServlet        : GET "/swagger-ui/swagger-ui.css", parameters={}
2026-08-15T20:58:39.712+05:30 DEBUG 10736 --- [nio-8080-exec-5] o.s.w.s.handler.SimpleUrlHandlerMapping  : Mapped to ResourceHttpRequestHandler [classpath [META-INF/resources/webjars/]]
2026-08-15T20:58:39.712+05:30 DEBUG 10736 --- [nio-8080-exec-2] o.s.w.s.handler.SimpleUrlHandlerMapping  : Mapped to ResourceHttpRequestHandler [classpath [META-INF/resources/webjars/]]
2026-08-15T20:58:39.712+05:30 DEBUG 10736 --- [nio-8080-exec-6] o.s.web.servlet.DispatcherServlet        : GET "/swagger-ui/swagger-ui-standalone-preset.js", parameters={}
2026-08-15T20:58:39.712+05:30 DEBUG 10736 --- [nio-8080-exec-8] o.s.web.servlet.DispatcherServlet        : GET "/swagger-ui/swagger-ui-bundle.js", parameters={}
2026-08-15T20:58:39.714+05:30 DEBUG 10736 --- [nio-8080-exec-6] o.s.w.s.handler.SimpleUrlHandlerMapping  : Mapped to ResourceHttpRequestHandler [classpath [META-INF/resources/webjars/]]
2026-08-15T20:58:39.714+05:30 DEBUG 10736 --- [nio-8080-exec-8] o.s.w.s.handler.SimpleUrlHandlerMapping  : Mapped to ResourceHttpRequestHandler [classpath [META-INF/resources/webjars/]]
2026-08-15T20:58:39.714+05:30 DEBUG 10736 --- [nio-8080-exec-4] o.s.web.servlet.DispatcherServlet        : GET "/swagger-ui/swagger-initializer.js", parameters={}
2026-08-15T20:58:39.716+05:30 DEBUG 10736 --- [nio-8080-exec-5] o.s.web.servlet.DispatcherServlet        : Completed 200 OK
2026-08-15T20:58:39.716+05:30 DEBUG 10736 --- [nio-8080-exec-4] o.s.w.s.handler.SimpleUrlHandlerMapping  : Mapped to ResourceHttpRequestHandler [classpath [META-INF/resources/webjars/]]
2026-08-15T20:58:39.718+05:30 DEBUG 10736 --- [nio-8080-exec-2] o.s.web.servlet.DispatcherServlet        : Completed 200 OK
2026-08-15T20:58:39.732+05:30 DEBUG 10736 --- [nio-8080-exec-6] o.s.web.servlet.DispatcherServlet        : Completed 200 OK
2026-08-15T20:58:39.737+05:30 DEBUG 10736 --- [nio-8080-exec-4] o.s.web.servlet.DispatcherServlet        : Completed 200 OK
2026-08-15T20:58:39.746+05:30 DEBUG 10736 --- [nio-8080-exec-8] o.s.web.servlet.DispatcherServlet        : Completed 200 OK
2026-08-15T20:58:39.865+05:30 DEBUG 10736 --- [nio-8080-exec-9] o.s.web.servlet.DispatcherServlet        : GET "/v3/api-docs/swagger-config", parameters={}
2026-08-15T20:58:39.870+05:30 DEBUG 10736 --- [nio-8080-exec-9] s.w.s.m.m.a.RequestMappingHandlerMapping : Mapped to org.springdoc.webmvc.ui.SwaggerConfigResource#openapiJson(HttpServletRequest)
2026-08-15T20:58:39.870+05:30 DEBUG 10736 --- [nio-8080-exec-9] m.m.a.RequestResponseBodyMethodProcessor : Using 'application/json', given [*/*] and supported [application/json]
2026-08-15T20:58:39.870+05:30 DEBUG 10736 --- [nio-8080-exec-9] m.m.a.RequestResponseBodyMethodProcessor : Writing [{configUrl=/v3/api-docs/swagger-config, oauth2RedirectUrl=http://127.0.0.1:8080/swagger-ui/oauth2-re (truncated)...]
2026-08-15T20:58:39.870+05:30 DEBUG 10736 --- [nio-8080-exec-9] o.s.web.servlet.DispatcherServlet        : Completed 200 OK
2026-08-15T20:58:39.870+05:30 DEBUG 10736 --- [nio-8080-exec-1] o.s.web.servlet.DispatcherServlet        : GET "/swagger-ui/favicon-32x32.png", parameters={}
2026-08-15T20:58:39.870+05:30 DEBUG 10736 --- [nio-8080-exec-1] o.s.w.s.handler.SimpleUrlHandlerMapping  : Mapped to ResourceHttpRequestHandler [classpath [META-INF/resources/webjars/]]
2026-08-15T20:58:39.878+05:30 DEBUG 10736 --- [nio-8080-exec-1] o.s.web.servlet.DispatcherServlet        : Completed 200 OK
2026-08-15T20:58:39.881+05:30 DEBUG 10736 --- [nio-8080-exec-3] o.s.web.servlet.DispatcherServlet        : GET "/v3/api-docs", parameters={}
2026-08-15T20:58:39.881+05:30 DEBUG 10736 --- [nio-8080-exec-3] s.w.s.m.m.a.RequestMappingHandlerMapping : Mapped to org.springdoc.webmvc.api.OpenApiWebMvcResource#openapiJson(HttpServletRequest, String, Locale)
2026-08-15T20:58:40.100+05:30  INFO 10736 --- [nio-8080-exec-3] o.springdoc.api.AbstractOpenApiResource  : Init duration for springdoc-openapi is: 210 ms
2026-08-15T20:58:40.124+05:30 DEBUG 10736 --- [nio-8080-exec-3] m.m.a.RequestResponseBodyMethodProcessor : Using 'application/json', given [application/json, */*] and supported [application/json]
2026-08-15T20:58:40.124+05:30 DEBUG 10736 --- [nio-8080-exec-3] m.m.a.RequestResponseBodyMethodProcessor : Writing [{123, 34, 111, 112, 101, 110, 97, 112, 105, 34, 58, 34, 51, 46, 48, 46, 49, 34, 44, 34, 105, 110, 10 (truncated)...]
2026-08-15T20:58:40.124+05:30 DEBUG 10736 --- [nio-8080-exec-3] o.s.web.servlet.DispatcherServlet        : Completed 200 OK
2026-08-15T20:59:30.565+05:30 DEBUG 10736 --- [nio-8080-exec-1] o.s.web.servlet.DispatcherServlet        : GET "/api/v1/control/overview", parameters={}
2026-08-15T20:59:30.565+05:30 DEBUG 10736 --- [nio-8080-exec-9] o.s.web.servlet.DispatcherServlet        : GET "/api/v1/control/exceptions", parameters={}
2026-08-15T20:59:30.566+05:30 DEBUG 10736 --- [nio-8080-exec-1] s.w.s.m.m.a.RequestMappingHandlerMapping : Mapped to com.finclear.api.ControlCenterController#overview()
2026-08-15T20:59:30.566+05:30 DEBUG 10736 --- [nio-8080-exec-9] s.w.s.m.m.a.RequestMappingHandlerMapping : Mapped to com.finclear.api.ControlCenterController#cases()
2026-08-15T20:59:30.566+05:30 DEBUG 10736 --- [nio-8080-exec-9] org.hibernate.SQL                        : select ec1_0.id,ec1_0.amount,ec1_0.category,ec1_0.created_at,ec1_0.currency,ec1_0.evidence,ec1_0.owner,ec1_0.severity,ec1_0.status,ec1_0.title,ec1_0.updated_at from exception_cases ec1_0 order by ec1_0.created_at desc
2026-08-15T20:59:30.566+05:30 DEBUG 10736 --- [nio-8080-exec-1] org.hibernate.SQL                        : select p1_0.id,p1_0.amount,p1_0.created_at,p1_0.currency,p1_0.idempotency_key,p1_0.merchant,p1_0.payer_account_id,p1_0.status,p1_0.updated_at from payments p1_0 order by p1_0.created_at desc fetch first ? rows only
2026-08-15T20:59:30.566+05:30 DEBUG 10736 --- [nio-8080-exec-5] o.s.web.servlet.DispatcherServlet        : GET "/api/v1/accounts", parameters={}
2026-08-15T20:59:30.566+05:30 DEBUG 10736 --- [nio-8080-exec-6] o.s.web.servlet.DispatcherServlet        : GET "/api/v1/payments", parameters={}
2026-08-15T20:59:30.569+05:30 DEBUG 10736 --- [io-8080-exec-10] o.s.web.servlet.DispatcherServlet        : GET "/api/v1/control/explain", parameters={}
2026-08-15T20:59:30.569+05:30 DEBUG 10736 --- [nio-8080-exec-9] m.m.a.RequestResponseBodyMethodProcessor : Using 'application/json', given [*/*] and supported [application/json, application/*+json, application/yaml]
2026-08-15T20:59:30.569+05:30 DEBUG 10736 --- [nio-8080-exec-5] s.w.s.m.m.a.RequestMappingHandlerMapping : Mapped to com.finclear.api.AccountController#all(Authentication)
2026-08-15T20:59:30.569+05:30 DEBUG 10736 --- [nio-8080-exec-6] s.w.s.m.m.a.RequestMappingHandlerMapping : Mapped to com.finclear.api.PaymentController#latest()
2026-08-15T20:59:30.569+05:30 DEBUG 10736 --- [io-8080-exec-10] s.w.s.m.m.a.RequestMappingHandlerMapping : Mapped to com.finclear.api.ControlCenterController#explain()
2026-08-15T20:59:30.571+05:30 DEBUG 10736 --- [nio-8080-exec-9] m.m.a.RequestResponseBodyMethodProcessor : Writing [[{owner=Nisha � Payments Ops, title=Gateway settlement missing for captured payments, id=d9ebf868-67 (truncated)...]
2026-08-15T20:59:30.575+05:30 DEBUG 10736 --- [nio-8080-exec-1] org.hibernate.SQL                        : select a1_0.id,a1_0.account_number,a1_0.available_balance,a1_0.created_at,a1_0.currency,a1_0.status,a1_0.user_id,a1_0.version from accounts a1_0
2026-08-15T20:59:30.579+05:30 DEBUG 10736 --- [nio-8080-exec-5] org.hibernate.SQL                        : select a1_0.id,a1_0.account_number,a1_0.available_balance,a1_0.created_at,a1_0.currency,a1_0.status,a1_0.user_id,a1_0.version from accounts a1_0
2026-08-15T20:59:30.583+05:30 DEBUG 10736 --- [nio-8080-exec-6] org.hibernate.SQL                        : select p1_0.id,p1_0.amount,p1_0.created_at,p1_0.currency,p1_0.idempotency_key,p1_0.merchant,p1_0.payer_account_id,p1_0.status,p1_0.updated_at from payments p1_0 order by p1_0.created_at desc fetch first ? rows only
2026-08-15T20:59:30.581+05:30 DEBUG 10736 --- [nio-8080-exec-9] o.s.web.servlet.DispatcherServlet        : Completed 200 OK
2026-08-15T20:59:30.581+05:30 DEBUG 10736 --- [io-8080-exec-10] org.hibernate.SQL                        : select ec1_0.id,ec1_0.amount,ec1_0.category,ec1_0.created_at,ec1_0.currency,ec1_0.evidence,ec1_0.owner,ec1_0.severity,ec1_0.status,ec1_0.title,ec1_0.updated_at from exception_cases ec1_0 order by ec1_0.created_at desc
2026-08-15T20:59:30.588+05:30 DEBUG 10736 --- [nio-8080-exec-5] m.m.a.RequestResponseBodyMethodProcessor : Using 'application/json', given [*/*] and supported [application/json, application/*+json, application/yaml]
2026-08-15T20:59:30.588+05:30 DEBUG 10736 --- [nio-8080-exec-1] org.hibernate.SQL                        : select ec1_0.id,ec1_0.amount,ec1_0.category,ec1_0.created_at,ec1_0.currency,ec1_0.evidence,ec1_0.owner,ec1_0.severity,ec1_0.status,ec1_0.title,ec1_0.updated_at from exception_cases ec1_0 order by ec1_0.created_at desc
2026-08-15T20:59:30.588+05:30 DEBUG 10736 --- [nio-8080-exec-6] m.m.a.RequestResponseBodyMethodProcessor : Using 'application/json', given [*/*] and supported [application/json, application/*+json, application/yaml]
2026-08-15T20:59:30.592+05:30 DEBUG 10736 --- [nio-8080-exec-5] m.m.a.RequestResponseBodyMethodProcessor : Writing [[{accountNumber=FC-100001, id=4e894728-ee87-4744-9b5e-e340a4d8741b, balance=1842680.0000, currency=I (truncated)...]
2026-08-15T20:59:30.592+05:30 DEBUG 10736 --- [io-8080-exec-10] m.m.a.RequestResponseBodyMethodProcessor : Using 'application/json', given [*/*] and supported [application/json, application/*+json, application/yaml]
2026-08-15T20:59:30.597+05:30 DEBUG 10736 --- [nio-8080-exec-6] m.m.a.RequestResponseBodyMethodProcessor : Writing [[]]
2026-08-15T20:59:30.597+05:30 DEBUG 10736 --- [nio-8080-exec-1] m.m.a.RequestResponseBodyMethodProcessor : Using 'application/json', given [*/*] and supported [application/json, application/*+json, application/yaml]
2026-08-15T20:59:30.597+05:30 DEBUG 10736 --- [io-8080-exec-10] m.m.a.RequestResponseBodyMethodProcessor : Writing [{summary=3 exceptions account for 629250.00 INR of operational exposure., headline=Money needs atten (truncated)...]
2026-08-15T20:59:30.597+05:30 DEBUG 10736 --- [nio-8080-exec-5] o.s.web.servlet.DispatcherServlet        : Completed 200 OK
2026-08-15T20:59:30.597+05:30 DEBUG 10736 --- [nio-8080-exec-6] o.s.web.servlet.DispatcherServlet        : Completed 200 OK
2026-08-15T20:59:30.597+05:30 DEBUG 10736 --- [nio-8080-exec-1] m.m.a.RequestResponseBodyMethodProcessor : Writing [{exposure=629250.0000, openExceptions=3, availableBalance=2667600.0000, settlementHealth=ATTENTION,  (truncated)...]
2026-08-15T20:59:30.597+05:30 DEBUG 10736 --- [io-8080-exec-10] o.s.web.servlet.DispatcherServlet        : Completed 200 OK
2026-08-15T20:59:30.599+05:30 DEBUG 10736 --- [nio-8080-exec-1] o.s.web.servlet.DispatcherServlet        : Completed 200 OK
2026-08-15T21:00:30.557+05:30 DEBUG 10736 --- [nio-8080-exec-6] o.s.web.servlet.DispatcherServlet        : GET "/api/v1/control/overview", parameters={}
2026-08-15T21:00:30.559+05:30 DEBUG 10736 --- [io-8080-exec-10] o.s.web.servlet.DispatcherServlet        : GET "/api/v1/control/exceptions", parameters={}
2026-08-15T21:00:30.563+05:30 DEBUG 10736 --- [nio-8080-exec-4] o.s.web.servlet.DispatcherServlet        : GET "/api/v1/payments", parameters={}
2026-08-15T21:00:30.565+05:30 DEBUG 10736 --- [nio-8080-exec-4] s.w.s.m.m.a.RequestMappingHandlerMapping : Mapped to com.finclear.api.PaymentController#latest()
2026-08-15T21:00:30.564+05:30 DEBUG 10736 --- [nio-8080-exec-2] o.s.web.servlet.DispatcherServlet        : GET "/api/v1/accounts", parameters={}
2026-08-15T21:00:30.564+05:30 DEBUG 10736 --- [nio-8080-exec-3] o.s.web.servlet.DispatcherServlet        : GET "/api/v1/control/explain", parameters={}
2026-08-15T21:00:30.568+05:30 DEBUG 10736 --- [nio-8080-exec-3] s.w.s.m.m.a.RequestMappingHandlerMapping : Mapped to com.finclear.api.ControlCenterController#explain()
2026-08-15T21:00:30.565+05:30 DEBUG 10736 --- [nio-8080-exec-6] s.w.s.m.m.a.RequestMappingHandlerMapping : Mapped to com.finclear.api.ControlCenterController#overview()
2026-08-15T21:00:30.569+05:30 DEBUG 10736 --- [nio-8080-exec-3] org.hibernate.SQL                        : select ec1_0.id,ec1_0.amount,ec1_0.category,ec1_0.created_at,ec1_0.currency,ec1_0.evidence,ec1_0.owner,ec1_0.severity,ec1_0.status,ec1_0.title,ec1_0.updated_at from exception_cases ec1_0 order by ec1_0.created_at desc
2026-08-15T21:00:30.565+05:30 DEBUG 10736 --- [io-8080-exec-10] s.w.s.m.m.a.RequestMappingHandlerMapping : Mapped to com.finclear.api.ControlCenterController#cases()
2026-08-15T21:00:30.567+05:30 DEBUG 10736 --- [nio-8080-exec-4] org.hibernate.SQL                        : select p1_0.id,p1_0.amount,p1_0.created_at,p1_0.currency,p1_0.idempotency_key,p1_0.merchant,p1_0.payer_account_id,p1_0.status,p1_0.updated_at from payments p1_0 order by p1_0.created_at desc fetch first ? rows only
2026-08-15T21:00:30.567+05:30 DEBUG 10736 --- [nio-8080-exec-2] s.w.s.m.m.a.RequestMappingHandlerMapping : Mapped to com.finclear.api.AccountController#all(Authentication)
2026-08-15T21:00:30.571+05:30 DEBUG 10736 --- [nio-8080-exec-4] m.m.a.RequestResponseBodyMethodProcessor : Using 'application/json', given [*/*] and supported [application/json, application/*+json, application/yaml]
2026-08-15T21:00:30.571+05:30 DEBUG 10736 --- [nio-8080-exec-4] m.m.a.RequestResponseBodyMethodProcessor : Writing [[]]
2026-08-15T21:00:30.569+05:30 DEBUG 10736 --- [nio-8080-exec-6] org.hibernate.SQL                        : select p1_0.id,p1_0.amount,p1_0.created_at,p1_0.currency,p1_0.idempotency_key,p1_0.merchant,p1_0.payer_account_id,p1_0.status,p1_0.updated_at from payments p1_0 order by p1_0.created_at desc fetch first ? rows only
2026-08-15T21:00:30.571+05:30 DEBUG 10736 --- [nio-8080-exec-3] m.m.a.RequestResponseBodyMethodProcessor : Using 'application/json', given [*/*] and supported [application/json, application/*+json, application/yaml]
2026-08-15T21:00:30.573+05:30 DEBUG 10736 --- [nio-8080-exec-3] m.m.a.RequestResponseBodyMethodProcessor : Writing [{summary=3 exceptions account for 629250.00 INR of operational exposure., headline=Money needs atten (truncated)...]
2026-08-15T21:00:30.571+05:30 DEBUG 10736 --- [io-8080-exec-10] org.hibernate.SQL                        : select ec1_0.id,ec1_0.amount,ec1_0.category,ec1_0.created_at,ec1_0.currency,ec1_0.evidence,ec1_0.owner,ec1_0.severity,ec1_0.status,ec1_0.title,ec1_0.updated_at from exception_cases ec1_0 order by ec1_0.created_at desc
2026-08-15T21:00:30.573+05:30 DEBUG 10736 --- [nio-8080-exec-6] org.hibernate.SQL                        : select a1_0.id,a1_0.account_number,a1_0.available_balance,a1_0.created_at,a1_0.currency,a1_0.status,a1_0.user_id,a1_0.version from accounts a1_0
2026-08-15T21:00:30.573+05:30 DEBUG 10736 --- [nio-8080-exec-4] o.s.web.servlet.DispatcherServlet        : Completed 200 OK
2026-08-15T21:00:30.573+05:30 DEBUG 10736 --- [nio-8080-exec-2] org.hibernate.SQL                        : select a1_0.id,a1_0.account_number,a1_0.available_balance,a1_0.created_at,a1_0.currency,a1_0.status,a1_0.user_id,a1_0.version from accounts a1_0
2026-08-15T21:00:30.577+05:30 DEBUG 10736 --- [nio-8080-exec-2] m.m.a.RequestResponseBodyMethodProcessor : Using 'application/json', given [*/*] and supported [application/json, application/*+json, application/yaml]
2026-08-15T21:00:30.573+05:30 DEBUG 10736 --- [nio-8080-exec-3] o.s.web.servlet.DispatcherServlet        : Completed 200 OK
2026-08-15T21:00:30.575+05:30 DEBUG 10736 --- [io-8080-exec-10] m.m.a.RequestResponseBodyMethodProcessor : Using 'application/json', given [*/*] and supported [application/json, application/*+json, application/yaml]
2026-08-15T21:00:30.577+05:30 DEBUG 10736 --- [nio-8080-exec-6] org.hibernate.SQL                        : select ec1_0.id,ec1_0.amount,ec1_0.category,ec1_0.created_at,ec1_0.currency,ec1_0.evidence,ec1_0.owner,ec1_0.severity,ec1_0.status,ec1_0.title,ec1_0.updated_at from exception_cases ec1_0 order by ec1_0.created_at desc
2026-08-15T21:00:30.577+05:30 DEBUG 10736 --- [nio-8080-exec-2] m.m.a.RequestResponseBodyMethodProcessor : Writing [[{accountNumber=FC-100001, id=4e894728-ee87-4744-9b5e-e340a4d8741b, balance=1842680.0000, currency=I (truncated)...]
2026-08-15T21:00:30.578+05:30 DEBUG 10736 --- [io-8080-exec-10] m.m.a.RequestResponseBodyMethodProcessor : Writing [[{owner=Nisha � Payments Ops, title=Gateway settlement missing for captured payments, id=d9ebf868-67 (truncated)...]
2026-08-15T21:00:30.580+05:30 DEBUG 10736 --- [nio-8080-exec-2] o.s.web.servlet.DispatcherServlet        : Completed 200 OK
2026-08-15T21:00:30.580+05:30 DEBUG 10736 --- [io-8080-exec-10] o.s.web.servlet.DispatcherServlet        : Completed 200 OK
2026-08-15T21:00:30.580+05:30 DEBUG 10736 --- [nio-8080-exec-6] m.m.a.RequestResponseBodyMethodProcessor : Using 'application/json', given [*/*] and supported [application/json, application/*+json, application/yaml]
2026-08-15T21:00:30.581+05:30 DEBUG 10736 --- [nio-8080-exec-6] m.m.a.RequestResponseBodyMethodProcessor : Writing [{exposure=629250.0000, openExceptions=3, availableBalance=2667600.0000, settlementHealth=ATTENTION,  (truncated)...]
2026-08-15T21:00:30.581+05:30 DEBUG 10736 --- [nio-8080-exec-6] o.s.web.servlet.DispatcherServlet        : Completed 200 OK
2026-08-15T21:01:30.576+05:30 DEBUG 10736 --- [nio-8080-exec-7] o.s.web.servlet.DispatcherServlet        : GET "/api/v1/control/overview", parameters={}
2026-08-15T21:01:30.576+05:30 DEBUG 10736 --- [nio-8080-exec-4] o.s.web.servlet.DispatcherServlet        : GET "/api/v1/control/exceptions", parameters={}
2026-08-15T21:01:30.576+05:30 DEBUG 10736 --- [nio-8080-exec-7] s.w.s.m.m.a.RequestMappingHandlerMapping : Mapped to com.finclear.api.ControlCenterController#overview()
2026-08-15T21:01:30.576+05:30 DEBUG 10736 --- [nio-8080-exec-4] s.w.s.m.m.a.RequestMappingHandlerMapping : Mapped to com.finclear.api.ControlCenterController#cases()
2026-08-15T21:01:30.580+05:30 DEBUG 10736 --- [nio-8080-exec-7] org.hibernate.SQL                        : select p1_0.id,p1_0.amount,p1_0.created_at,p1_0.currency,p1_0.idempotency_key,p1_0.merchant,p1_0.payer_account_id,p1_0.status,p1_0.updated_at from payments p1_0 order by p1_0.created_at desc fetch first ? rows only
2026-08-15T21:01:30.580+05:30 DEBUG 10736 --- [nio-8080-exec-4] org.hibernate.SQL                        : select ec1_0.id,ec1_0.amount,ec1_0.category,ec1_0.created_at,ec1_0.currency,ec1_0.evidence,ec1_0.owner,ec1_0.severity,ec1_0.status,ec1_0.title,ec1_0.updated_at from exception_cases ec1_0 order by ec1_0.created_at desc
2026-08-15T21:01:30.580+05:30 DEBUG 10736 --- [nio-8080-exec-5] o.s.web.servlet.DispatcherServlet        : GET "/api/v1/payments", parameters={}
2026-08-15T21:01:30.582+05:30 DEBUG 10736 --- [nio-8080-exec-4] m.m.a.RequestResponseBodyMethodProcessor : Using 'application/json', given [*/*] and supported [application/json, application/*+json, application/yaml]
2026-08-15T21:01:30.582+05:30 DEBUG 10736 --- [nio-8080-exec-7] org.hibernate.SQL                        : select a1_0.id,a1_0.account_number,a1_0.available_balance,a1_0.created_at,a1_0.currency,a1_0.status,a1_0.user_id,a1_0.version from accounts a1_0
2026-08-15T21:01:30.582+05:30 DEBUG 10736 --- [nio-8080-exec-5] s.w.s.m.m.a.RequestMappingHandlerMapping : Mapped to com.finclear.api.PaymentController#latest()
2026-08-15T21:01:30.582+05:30 DEBUG 10736 --- [nio-8080-exec-3] o.s.web.servlet.DispatcherServlet        : GET "/api/v1/accounts", parameters={}
2026-08-15T21:01:30.584+05:30 DEBUG 10736 --- [nio-8080-exec-3] s.w.s.m.m.a.RequestMappingHandlerMapping : Mapped to com.finclear.api.AccountController#all(Authentication)
2026-08-15T21:01:30.584+05:30 DEBUG 10736 --- [nio-8080-exec-7] org.hibernate.SQL                        : select ec1_0.id,ec1_0.amount,ec1_0.category,ec1_0.created_at,ec1_0.currency,ec1_0.evidence,ec1_0.owner,ec1_0.severity,ec1_0.status,ec1_0.title,ec1_0.updated_at from exception_cases ec1_0 order by ec1_0.created_at desc
2026-08-15T21:01:30.582+05:30 DEBUG 10736 --- [nio-8080-exec-4] m.m.a.RequestResponseBodyMethodProcessor : Writing [[{owner=Nisha � Payments Ops, title=Gateway settlement missing for captured payments, id=d9ebf868-67 (truncated)...]
2026-08-15T21:01:30.584+05:30 DEBUG 10736 --- [nio-8080-exec-5] org.hibernate.SQL                        : select p1_0.id,p1_0.amount,p1_0.created_at,p1_0.currency,p1_0.idempotency_key,p1_0.merchant,p1_0.payer_account_id,p1_0.status,p1_0.updated_at from payments p1_0 order by p1_0.created_at desc fetch first ? rows only
2026-08-15T21:01:30.586+05:30 DEBUG 10736 --- [nio-8080-exec-4] o.s.web.servlet.DispatcherServlet        : Completed 200 OK
2026-08-15T21:01:30.586+05:30 DEBUG 10736 --- [nio-8080-exec-3] org.hibernate.SQL                        : select a1_0.id,a1_0.account_number,a1_0.available_balance,a1_0.created_at,a1_0.currency,a1_0.status,a1_0.user_id,a1_0.version from accounts a1_0
2026-08-15T21:01:30.586+05:30 DEBUG 10736 --- [nio-8080-exec-7] m.m.a.RequestResponseBodyMethodProcessor : Using 'application/json', given [*/*] and supported [application/json, application/*+json, application/yaml]
2026-08-15T21:01:30.590+05:30 DEBUG 10736 --- [nio-8080-exec-7] m.m.a.RequestResponseBodyMethodProcessor : Writing [{exposure=629250.0000, openExceptions=3, availableBalance=2667600.0000, settlementHealth=ATTENTION,  (truncated)...]
2026-08-15T21:01:30.592+05:30 DEBUG 10736 --- [nio-8080-exec-7] o.s.web.servlet.DispatcherServlet        : Completed 200 OK
2026-08-15T21:01:30.588+05:30 DEBUG 10736 --- [nio-8080-exec-5] m.m.a.RequestResponseBodyMethodProcessor : Using 'application/json', given [*/*] and supported [application/json, application/*+json, application/yaml]
2026-08-15T21:01:30.592+05:30 DEBUG 10736 --- [nio-8080-exec-5] m.m.a.RequestResponseBodyMethodProcessor : Writing [[]]
2026-08-15T21:01:30.590+05:30 DEBUG 10736 --- [nio-8080-exec-3] m.m.a.RequestResponseBodyMethodProcessor : Using 'application/json', given [*/*] and supported [application/json, application/*+json, application/yaml]
2026-08-15T21:01:30.594+05:30 DEBUG 10736 --- [nio-8080-exec-5] o.s.web.servlet.DispatcherServlet        : Completed 200 OK
2026-08-15T21:01:30.594+05:30 DEBUG 10736 --- [nio-8080-exec-3] m.m.a.RequestResponseBodyMethodProcessor : Writing [[{accountNumber=FC-100001, id=4e894728-ee87-4744-9b5e-e340a4d8741b, balance=1842680.0000, currency=I (truncated)...]
2026-08-15T21:01:30.594+05:30 DEBUG 10736 --- [nio-8080-exec-3] o.s.web.servlet.DispatcherServlet        : Completed 200 OK
2026-08-15T21:01:30.623+05:30 DEBUG 10736 --- [nio-8080-exec-4] o.s.web.servlet.DispatcherServlet        : GET "/api/v1/control/explain", parameters={}
2026-08-15T21:01:30.623+05:30 DEBUG 10736 --- [nio-8080-exec-4] s.w.s.m.m.a.RequestMappingHandlerMapping : Mapped to com.finclear.api.ControlCenterController#explain()
2026-08-15T21:01:30.625+05:30 DEBUG 10736 --- [nio-8080-exec-4] org.hibernate.SQL                        : select ec1_0.id,ec1_0.amount,ec1_0.category,ec1_0.created_at,ec1_0.currency,ec1_0.evidence,ec1_0.owner,ec1_0.severity,ec1_0.status,ec1_0.title,ec1_0.updated_at from exception_cases ec1_0 order by ec1_0.created_at desc
2026-08-15T21:01:30.626+05:30 DEBUG 10736 --- [nio-8080-exec-4] m.m.a.RequestResponseBodyMethodProcessor : Using 'application/json', given [*/*] and supported [application/json, application/*+json, application/yaml]
2026-08-15T21:01:30.626+05:30 DEBUG 10736 --- [nio-8080-exec-4] m.m.a.RequestResponseBodyMethodProcessor : Writing [{summary=3 exceptions account for 629250.00 INR of operational exposure., headline=Money needs atten (truncated)...]
2026-08-15T21:01:30.626+05:30 DEBUG 10736 --- [nio-8080-exec-4] o.s.web.servlet.DispatcherServlet        : Completed 200 OK
2026-08-15T21:16:49.278+05:30 DEBUG 10736 --- [nio-8080-exec-4] o.s.web.servlet.DispatcherServlet        : GET "/api/v1/control/overview", parameters={}
2026-08-15T21:16:49.280+05:30 DEBUG 10736 --- [nio-8080-exec-4] s.w.s.m.m.a.RequestMappingHandlerMapping : Mapped to com.finclear.api.ControlCenterController#overview()
2026-08-15T21:16:49.282+05:30 DEBUG 10736 --- [nio-8080-exec-4] org.hibernate.SQL                        : select p1_0.id,p1_0.amount,p1_0.created_at,p1_0.currency,p1_0.idempotency_key,p1_0.merchant,p1_0.payer_account_id,p1_0.status,p1_0.updated_at from payments p1_0 order by p1_0.created_at desc fetch first ? rows only
2026-08-15T21:16:49.284+05:30 DEBUG 10736 --- [nio-8080-exec-4] org.hibernate.SQL                        : select a1_0.id,a1_0.account_number,a1_0.available_balance,a1_0.created_at,a1_0.currency,a1_0.status,a1_0.user_id,a1_0.version from accounts a1_0
2026-08-15T21:16:49.284+05:30 DEBUG 10736 --- [nio-8080-exec-2] o.s.web.servlet.DispatcherServlet        : GET "/api/v1/control/exceptions", parameters={}
2026-08-15T21:16:49.284+05:30 DEBUG 10736 --- [nio-8080-exec-2] s.w.s.m.m.a.RequestMappingHandlerMapping : Mapped to com.finclear.api.ControlCenterController#cases()
2026-08-15T21:16:49.284+05:30 DEBUG 10736 --- [nio-8080-exec-3] o.s.web.servlet.DispatcherServlet        : GET "/api/v1/payments", parameters={}
2026-08-15T21:16:49.284+05:30 DEBUG 10736 --- [nio-8080-exec-4] org.hibernate.SQL                        : select ec1_0.id,ec1_0.amount,ec1_0.category,ec1_0.created_at,ec1_0.currency,ec1_0.evidence,ec1_0.owner,ec1_0.severity,ec1_0.status,ec1_0.title,ec1_0.updated_at from exception_cases ec1_0 order by ec1_0.created_at desc
2026-08-15T21:16:49.287+05:30 DEBUG 10736 --- [nio-8080-exec-7] o.s.web.servlet.DispatcherServlet        : GET "/api/v1/accounts", parameters={}
2026-08-15T21:16:49.287+05:30 DEBUG 10736 --- [nio-8080-exec-3] s.w.s.m.m.a.RequestMappingHandlerMapping : Mapped to com.finclear.api.PaymentController#latest()
2026-08-15T21:16:49.287+05:30 DEBUG 10736 --- [nio-8080-exec-5] o.s.web.servlet.DispatcherServlet        : GET "/api/v1/control/explain", parameters={}
2026-08-15T21:16:49.287+05:30 DEBUG 10736 --- [nio-8080-exec-2] org.hibernate.SQL                        : select ec1_0.id,ec1_0.amount,ec1_0.category,ec1_0.created_at,ec1_0.currency,ec1_0.evidence,ec1_0.owner,ec1_0.severity,ec1_0.status,ec1_0.title,ec1_0.updated_at from exception_cases ec1_0 order by ec1_0.created_at desc
2026-08-15T21:16:49.287+05:30 DEBUG 10736 --- [nio-8080-exec-7] s.w.s.m.m.a.RequestMappingHandlerMapping : Mapped to com.finclear.api.AccountController#all(Authentication)
2026-08-15T21:16:49.287+05:30 DEBUG 10736 --- [nio-8080-exec-4] m.m.a.RequestResponseBodyMethodProcessor : Using 'application/json', given [*/*] and supported [application/json, application/*+json, application/yaml]
2026-08-15T21:16:49.288+05:30 DEBUG 10736 --- [nio-8080-exec-5] s.w.s.m.m.a.RequestMappingHandlerMapping : Mapped to com.finclear.api.ControlCenterController#explain()
2026-08-15T21:16:49.288+05:30 DEBUG 10736 --- [nio-8080-exec-3] org.hibernate.SQL                        : select p1_0.id,p1_0.amount,p1_0.created_at,p1_0.currency,p1_0.idempotency_key,p1_0.merchant,p1_0.payer_account_id,p1_0.status,p1_0.updated_at from payments p1_0 order by p1_0.created_at desc fetch first ? rows only
2026-08-15T21:16:49.288+05:30 DEBUG 10736 --- [nio-8080-exec-7] org.hibernate.SQL                        : select a1_0.id,a1_0.account_number,a1_0.available_balance,a1_0.created_at,a1_0.currency,a1_0.status,a1_0.user_id,a1_0.version from accounts a1_0
2026-08-15T21:16:49.288+05:30 DEBUG 10736 --- [nio-8080-exec-2] m.m.a.RequestResponseBodyMethodProcessor : Using 'application/json', given [*/*] and supported [application/json, application/*+json, application/yaml]
2026-08-15T21:16:49.289+05:30 DEBUG 10736 --- [nio-8080-exec-3] m.m.a.RequestResponseBodyMethodProcessor : Using 'application/json', given [*/*] and supported [application/json, application/*+json, application/yaml]
2026-08-15T21:16:49.290+05:30 DEBUG 10736 --- [nio-8080-exec-3] m.m.a.RequestResponseBodyMethodProcessor : Writing [[]]
2026-08-15T21:16:49.288+05:30 DEBUG 10736 --- [nio-8080-exec-4] m.m.a.RequestResponseBodyMethodProcessor : Writing [{exposure=629250.0000, openExceptions=3, availableBalance=2667600.0000, settlementHealth=ATTENTION,  (truncated)...]
2026-08-15T21:16:49.289+05:30 DEBUG 10736 --- [nio-8080-exec-5] org.hibernate.SQL                        : select ec1_0.id,ec1_0.amount,ec1_0.category,ec1_0.created_at,ec1_0.currency,ec1_0.evidence,ec1_0.owner,ec1_0.severity,ec1_0.status,ec1_0.title,ec1_0.updated_at from exception_cases ec1_0 order by ec1_0.created_at desc
2026-08-15T21:16:49.289+05:30 DEBUG 10736 --- [nio-8080-exec-2] m.m.a.RequestResponseBodyMethodProcessor : Writing [[{owner=Nisha � Payments Ops, title=Gateway settlement missing for captured payments, id=d9ebf868-67 (truncated)...]
2026-08-15T21:16:49.290+05:30 DEBUG 10736 --- [nio-8080-exec-7] m.m.a.RequestResponseBodyMethodProcessor : Using 'application/json', given [*/*] and supported [application/json, application/*+json, application/yaml]
2026-08-15T21:16:49.291+05:30 DEBUG 10736 --- [nio-8080-exec-3] o.s.web.servlet.DispatcherServlet        : Completed 200 OK
2026-08-15T21:16:49.291+05:30 DEBUG 10736 --- [nio-8080-exec-4] o.s.web.servlet.DispatcherServlet        : Completed 200 OK
2026-08-15T21:16:49.293+05:30 DEBUG 10736 --- [nio-8080-exec-7] m.m.a.RequestResponseBodyMethodProcessor : Writing [[{accountNumber=FC-100001, id=4e894728-ee87-4744-9b5e-e340a4d8741b, balance=1842680.0000, currency=I (truncated)...]
2026-08-15T21:16:49.293+05:30 DEBUG 10736 --- [nio-8080-exec-2] o.s.web.servlet.DispatcherServlet        : Completed 200 OK
2026-08-15T21:16:49.293+05:30 DEBUG 10736 --- [nio-8080-exec-5] m.m.a.RequestResponseBodyMethodProcessor : Using 'application/json', given [*/*] and supported [application/json, application/*+json, application/yaml]
2026-08-15T21:16:49.294+05:30 DEBUG 10736 --- [nio-8080-exec-7] o.s.web.servlet.DispatcherServlet        : Completed 200 OK
2026-08-15T21:16:49.294+05:30 DEBUG 10736 --- [nio-8080-exec-5] m.m.a.RequestResponseBodyMethodProcessor : Writing [{summary=3 exceptions account for 629250.00 INR of operational exposure., headline=Money needs atten (truncated)...]
2026-08-15T21:16:49.294+05:30 DEBUG 10736 --- [nio-8080-exec-5] o.s.web.servlet.DispatcherServlet        : Completed 200 OK
2026-08-15T21:16:49.989+05:30 DEBUG 10736 --- [nio-8080-exec-2] o.s.web.servlet.DispatcherServlet        : GET "/api/v1/control/overview", parameters={}
2026-08-15T21:16:49.989+05:30 DEBUG 10736 --- [nio-8080-exec-3] o.s.web.servlet.DispatcherServlet        : GET "/api/v1/control/exceptions", parameters={}
2026-08-15T21:16:49.989+05:30 DEBUG 10736 --- [nio-8080-exec-2] s.w.s.m.m.a.RequestMappingHandlerMapping : Mapped to com.finclear.api.ControlCenterController#overview()
2026-08-15T21:16:49.989+05:30 DEBUG 10736 --- [nio-8080-exec-3] s.w.s.m.m.a.RequestMappingHandlerMapping : Mapped to com.finclear.api.ControlCenterController#cases()
2026-08-15T21:16:49.993+05:30 DEBUG 10736 --- [nio-8080-exec-3] org.hibernate.SQL                        : select ec1_0.id,ec1_0.amount,ec1_0.category,ec1_0.created_at,ec1_0.currency,ec1_0.evidence,ec1_0.owner,ec1_0.severity,ec1_0.status,ec1_0.title,ec1_0.updated_at from exception_cases ec1_0 order by ec1_0.created_at desc
2026-08-15T21:16:49.993+05:30 DEBUG 10736 --- [nio-8080-exec-2] org.hibernate.SQL                        : select p1_0.id,p1_0.amount,p1_0.created_at,p1_0.currency,p1_0.idempotency_key,p1_0.merchant,p1_0.payer_account_id,p1_0.status,p1_0.updated_at from payments p1_0 order by p1_0.created_at desc fetch first ? rows only
2026-08-15T21:16:49.994+05:30 DEBUG 10736 --- [nio-8080-exec-3] m.m.a.RequestResponseBodyMethodProcessor : Using 'application/json', given [*/*] and supported [application/json, application/*+json, application/yaml]
2026-08-15T21:16:49.994+05:30 DEBUG 10736 --- [nio-8080-exec-4] o.s.web.servlet.DispatcherServlet        : GET "/api/v1/payments", parameters={}
2026-08-15T21:16:49.994+05:30 DEBUG 10736 --- [nio-8080-exec-3] m.m.a.RequestResponseBodyMethodProcessor : Writing [[{owner=Nisha � Payments Ops, title=Gateway settlement missing for captured payments, id=d9ebf868-67 (truncated)...]
2026-08-15T21:16:49.994+05:30 DEBUG 10736 --- [nio-8080-exec-2] org.hibernate.SQL                        : select a1_0.id,a1_0.account_number,a1_0.available_balance,a1_0.created_at,a1_0.currency,a1_0.status,a1_0.user_id,a1_0.version from accounts a1_0
2026-08-15T21:16:49.994+05:30 DEBUG 10736 --- [nio-8080-exec-4] s.w.s.m.m.a.RequestMappingHandlerMapping : Mapped to com.finclear.api.PaymentController#latest()
2026-08-15T21:16:49.996+05:30 DEBUG 10736 --- [nio-8080-exec-3] o.s.web.servlet.DispatcherServlet        : Completed 200 OK
2026-08-15T21:16:49.996+05:30 DEBUG 10736 --- [io-8080-exec-10] o.s.web.servlet.DispatcherServlet        : GET "/api/v1/control/explain", parameters={}
2026-08-15T21:16:49.996+05:30 DEBUG 10736 --- [nio-8080-exec-9] o.s.web.servlet.DispatcherServlet        : GET "/api/v1/accounts", parameters={}
2026-08-15T21:16:49.997+05:30 DEBUG 10736 --- [nio-8080-exec-2] org.hibernate.SQL                        : select ec1_0.id,ec1_0.amount,ec1_0.category,ec1_0.created_at,ec1_0.currency,ec1_0.evidence,ec1_0.owner,ec1_0.severity,ec1_0.status,ec1_0.title,ec1_0.updated_at from exception_cases ec1_0 order by ec1_0.created_at desc
2026-08-15T21:16:49.996+05:30 DEBUG 10736 --- [io-8080-exec-10] s.w.s.m.m.a.RequestMappingHandlerMapping : Mapped to com.finclear.api.ControlCenterController#explain()
2026-08-15T21:16:49.997+05:30 DEBUG 10736 --- [nio-8080-exec-4] org.hibernate.SQL                        : select p1_0.id,p1_0.amount,p1_0.created_at,p1_0.currency,p1_0.idempotency_key,p1_0.merchant,p1_0.payer_account_id,p1_0.status,p1_0.updated_at from payments p1_0 order by p1_0.created_at desc fetch first ? rows only
2026-08-15T21:16:49.997+05:30 DEBUG 10736 --- [nio-8080-exec-9] s.w.s.m.m.a.RequestMappingHandlerMapping : Mapped to com.finclear.api.AccountController#all(Authentication)
2026-08-15T21:16:49.997+05:30 DEBUG 10736 --- [nio-8080-exec-2] m.m.a.RequestResponseBodyMethodProcessor : Using 'application/json', given [*/*] and supported [application/json, application/*+json, application/yaml]
2026-08-15T21:16:49.999+05:30 DEBUG 10736 --- [nio-8080-exec-4] m.m.a.RequestResponseBodyMethodProcessor : Using 'application/json', given [*/*] and supported [application/json, application/*+json, application/yaml]
2026-08-15T21:16:49.999+05:30 DEBUG 10736 --- [nio-8080-exec-2] m.m.a.RequestResponseBodyMethodProcessor : Writing [{exposure=629250.0000, openExceptions=3, availableBalance=2667600.0000, settlementHealth=ATTENTION,  (truncated)...]
2026-08-15T21:16:49.999+05:30 DEBUG 10736 --- [nio-8080-exec-4] m.m.a.RequestResponseBodyMethodProcessor : Writing [[]]
2026-08-15T21:16:49.999+05:30 DEBUG 10736 --- [io-8080-exec-10] org.hibernate.SQL                        : select ec1_0.id,ec1_0.amount,ec1_0.category,ec1_0.created_at,ec1_0.currency,ec1_0.evidence,ec1_0.owner,ec1_0.severity,ec1_0.status,ec1_0.title,ec1_0.updated_at from exception_cases ec1_0 order by ec1_0.created_at desc
2026-08-15T21:16:49.999+05:30 DEBUG 10736 --- [nio-8080-exec-9] org.hibernate.SQL                        : select a1_0.id,a1_0.account_number,a1_0.available_balance,a1_0.created_at,a1_0.currency,a1_0.status,a1_0.user_id,a1_0.version from accounts a1_0
2026-08-15T21:16:49.999+05:30 DEBUG 10736 --- [nio-8080-exec-6] o.s.web.servlet.DispatcherServlet        : GET "/api/v1/control/exceptions", parameters={}
2026-08-15T21:16:49.999+05:30 DEBUG 10736 --- [nio-8080-exec-2] o.s.web.servlet.DispatcherServlet        : Completed 200 OK
2026-08-15T21:16:49.999+05:30 DEBUG 10736 --- [nio-8080-exec-4] o.s.web.servlet.DispatcherServlet        : Completed 200 OK
2026-08-15T21:16:49.999+05:30 DEBUG 10736 --- [nio-8080-exec-6] s.w.s.m.m.a.RequestMappingHandlerMapping : Mapped to com.finclear.api.ControlCenterController#cases()
2026-08-15T21:16:49.999+05:30 DEBUG 10736 --- [io-8080-exec-10] m.m.a.RequestResponseBodyMethodProcessor : Using 'application/json', given [*/*] and supported [application/json, application/*+json, application/yaml]
2026-08-15T21:16:49.999+05:30 DEBUG 10736 --- [nio-8080-exec-9] m.m.a.RequestResponseBodyMethodProcessor : Using 'application/json', given [*/*] and supported [application/json, application/*+json, application/yaml]
2026-08-15T21:16:50.002+05:30 DEBUG 10736 --- [io-8080-exec-10] m.m.a.RequestResponseBodyMethodProcessor : Writing [{summary=3 exceptions account for 629250.00 INR of operational exposure., headline=Money needs atten (truncated)...]
2026-08-15T21:16:50.002+05:30 DEBUG 10736 --- [nio-8080-exec-9] m.m.a.RequestResponseBodyMethodProcessor : Writing [[{accountNumber=FC-100001, id=4e894728-ee87-4744-9b5e-e340a4d8741b, balance=1842680.0000, currency=I (truncated)...]
2026-08-15T21:16:50.002+05:30 DEBUG 10736 --- [nio-8080-exec-6] org.hibernate.SQL                        : select ec1_0.id,ec1_0.amount,ec1_0.category,ec1_0.created_at,ec1_0.currency,ec1_0.evidence,ec1_0.owner,ec1_0.severity,ec1_0.status,ec1_0.title,ec1_0.updated_at from exception_cases ec1_0 order by ec1_0.created_at desc
2026-08-15T21:16:50.002+05:30 DEBUG 10736 --- [io-8080-exec-10] o.s.web.servlet.DispatcherServlet        : Completed 200 OK
2026-08-15T21:16:50.002+05:30 DEBUG 10736 --- [nio-8080-exec-9] o.s.web.servlet.DispatcherServlet        : Completed 200 OK
2026-08-15T21:16:50.003+05:30 DEBUG 10736 --- [nio-8080-exec-6] m.m.a.RequestResponseBodyMethodProcessor : Using 'application/json', given [*/*] and supported [application/json, application/*+json, application/yaml]
2026-08-15T21:16:50.003+05:30 DEBUG 10736 --- [nio-8080-exec-6] m.m.a.RequestResponseBodyMethodProcessor : Writing [[{owner=Nisha � Payments Ops, title=Gateway settlement missing for captured payments, id=d9ebf868-67 (truncated)...]
2026-08-15T21:16:50.003+05:30 DEBUG 10736 --- [nio-8080-exec-6] o.s.web.servlet.DispatcherServlet        : Completed 200 OK
2026-08-15T21:16:50.005+05:30 DEBUG 10736 --- [nio-8080-exec-5] o.s.web.servlet.DispatcherServlet        : GET "/api/v1/control/overview", parameters={}
2026-08-15T21:16:50.005+05:30 DEBUG 10736 --- [nio-8080-exec-8] o.s.web.servlet.DispatcherServlet        : GET "/api/v1/payments", parameters={}
2026-08-15T21:16:50.005+05:30 DEBUG 10736 --- [nio-8080-exec-5] s.w.s.m.m.a.RequestMappingHandlerMapping : Mapped to com.finclear.api.ControlCenterController#overview()
2026-08-15T21:16:50.005+05:30 DEBUG 10736 --- [nio-8080-exec-8] s.w.s.m.m.a.RequestMappingHandlerMapping : Mapped to com.finclear.api.PaymentController#latest()
2026-08-15T21:16:50.009+05:30 DEBUG 10736 --- [nio-8080-exec-5] org.hibernate.SQL                        : select p1_0.id,p1_0.amount,p1_0.created_at,p1_0.currency,p1_0.idempotency_key,p1_0.merchant,p1_0.payer_account_id,p1_0.status,p1_0.updated_at from payments p1_0 order by p1_0.created_at desc fetch first ? rows only
2026-08-15T21:16:50.009+05:30 DEBUG 10736 --- [nio-8080-exec-8] org.hibernate.SQL                        : select p1_0.id,p1_0.amount,p1_0.created_at,p1_0.currency,p1_0.idempotency_key,p1_0.merchant,p1_0.payer_account_id,p1_0.status,p1_0.updated_at from payments p1_0 order by p1_0.created_at desc fetch first ? rows only
2026-08-15T21:16:50.009+05:30 DEBUG 10736 --- [nio-8080-exec-7] o.s.web.servlet.DispatcherServlet        : GET "/api/v1/accounts", parameters={}
2026-08-15T21:16:50.010+05:30 DEBUG 10736 --- [nio-8080-exec-7] s.w.s.m.m.a.RequestMappingHandlerMapping : Mapped to com.finclear.api.AccountController#all(Authentication)
2026-08-15T21:16:50.010+05:30 DEBUG 10736 --- [nio-8080-exec-8] m.m.a.RequestResponseBodyMethodProcessor : Using 'application/json', given [*/*] and supported [application/json, application/*+json, application/yaml]
2026-08-15T21:16:50.010+05:30 DEBUG 10736 --- [nio-8080-exec-8] m.m.a.RequestResponseBodyMethodProcessor : Writing [[]]
2026-08-15T21:16:50.010+05:30 DEBUG 10736 --- [nio-8080-exec-5] org.hibernate.SQL                        : select a1_0.id,a1_0.account_number,a1_0.available_balance,a1_0.created_at,a1_0.currency,a1_0.status,a1_0.user_id,a1_0.version from accounts a1_0
2026-08-15T21:16:50.011+05:30 DEBUG 10736 --- [nio-8080-exec-7] org.hibernate.SQL                        : select a1_0.id,a1_0.account_number,a1_0.available_balance,a1_0.created_at,a1_0.currency,a1_0.status,a1_0.user_id,a1_0.version from accounts a1_0
2026-08-15T21:16:50.011+05:30 DEBUG 10736 --- [nio-8080-exec-8] o.s.web.servlet.DispatcherServlet        : Completed 200 OK
2026-08-15T21:16:50.011+05:30 DEBUG 10736 --- [nio-8080-exec-7] m.m.a.RequestResponseBodyMethodProcessor : Using 'application/json', given [*/*] and supported [application/json, application/*+json, application/yaml]
2026-08-15T21:16:50.013+05:30 DEBUG 10736 --- [nio-8080-exec-7] m.m.a.RequestResponseBodyMethodProcessor : Writing [[{accountNumber=FC-100001, id=4e894728-ee87-4744-9b5e-e340a4d8741b, balance=1842680.0000, currency=I (truncated)...]
2026-08-15T21:16:50.013+05:30 DEBUG 10736 --- [nio-8080-exec-5] org.hibernate.SQL                        : select ec1_0.id,ec1_0.amount,ec1_0.category,ec1_0.created_at,ec1_0.currency,ec1_0.evidence,ec1_0.owner,ec1_0.severity,ec1_0.status,ec1_0.title,ec1_0.updated_at from exception_cases ec1_0 order by ec1_0.created_at desc
2026-08-15T21:16:50.013+05:30 DEBUG 10736 --- [nio-8080-exec-7] o.s.web.servlet.DispatcherServlet        : Completed 200 OK
2026-08-15T21:16:50.013+05:30 DEBUG 10736 --- [nio-8080-exec-5] m.m.a.RequestResponseBodyMethodProcessor : Using 'application/json', given [*/*] and supported [application/json, application/*+json, application/yaml]
2026-08-15T21:16:50.013+05:30 DEBUG 10736 --- [nio-8080-exec-5] m.m.a.RequestResponseBodyMethodProcessor : Writing [{exposure=629250.0000, openExceptions=3, availableBalance=2667600.0000, settlementHealth=ATTENTION,  (truncated)...]
2026-08-15T21:16:50.013+05:30 DEBUG 10736 --- [nio-8080-exec-5] o.s.web.servlet.DispatcherServlet        : Completed 200 OK
2026-08-15T21:16:50.210+05:30 DEBUG 10736 --- [nio-8080-exec-1] o.s.web.servlet.DispatcherServlet        : GET "/api/v1/control/explain", parameters={}
2026-08-15T21:16:50.211+05:30 DEBUG 10736 --- [nio-8080-exec-1] s.w.s.m.m.a.RequestMappingHandlerMapping : Mapped to com.finclear.api.ControlCenterController#explain()
2026-08-15T21:16:50.213+05:30 DEBUG 10736 --- [nio-8080-exec-1] org.hibernate.SQL                        : select ec1_0.id,ec1_0.amount,ec1_0.category,ec1_0.created_at,ec1_0.currency,ec1_0.evidence,ec1_0.owner,ec1_0.severity,ec1_0.status,ec1_0.title,ec1_0.updated_at from exception_cases ec1_0 order by ec1_0.created_at desc
2026-08-15T21:16:50.214+05:30 DEBUG 10736 --- [nio-8080-exec-1] m.m.a.RequestResponseBodyMethodProcessor : Using 'application/json', given [*/*] and supported [application/json, application/*+json, application/yaml]
2026-08-15T21:16:50.214+05:30 DEBUG 10736 --- [nio-8080-exec-1] m.m.a.RequestResponseBodyMethodProcessor : Writing [{summary=3 exceptions account for 629250.00 INR of operational exposure., headline=Money needs atten (truncated)...]
2026-08-15T21:16:50.214+05:30 DEBUG 10736 --- [nio-8080-exec-1] o.s.web.servlet.DispatcherServlet        : Completed 200 OK
2026-08-15T21:16:52.125+05:30  WARN 10736 --- [l-1 housekeeper] com.zaxxer.hikari.pool.HikariPool        : HikariPool-1 - Thread starvation or clock leap detected (housekeeper delta=15m25s884ms483탎900ns).
2026-08-15T21:16:55.545+05:30 DEBUG 10736 --- [nio-8080-exec-3] o.s.web.servlet.DispatcherServlet        : GET "/api/v1/control/overview", parameters={}
2026-08-15T21:16:55.545+05:30 DEBUG 10736 --- [nio-8080-exec-3] s.w.s.m.m.a.RequestMappingHandlerMapping : Mapped to com.finclear.api.ControlCenterController#overview()
2026-08-15T21:16:55.547+05:30 DEBUG 10736 --- [nio-8080-exec-3] org.hibernate.SQL                        : select p1_0.id,p1_0.amount,p1_0.created_at,p1_0.currency,p1_0.idempotency_key,p1_0.merchant,p1_0.payer_account_id,p1_0.status,p1_0.updated_at from payments p1_0 order by p1_0.created_at desc fetch first ? rows only
2026-08-15T21:16:55.547+05:30 DEBUG 10736 --- [io-8080-exec-10] o.s.web.servlet.DispatcherServlet        : GET "/api/v1/control/exceptions", parameters={}
2026-08-15T21:16:55.547+05:30 DEBUG 10736 --- [nio-8080-exec-3] org.hibernate.SQL                        : select a1_0.id,a1_0.account_number,a1_0.available_balance,a1_0.created_at,a1_0.currency,a1_0.status,a1_0.user_id,a1_0.version from accounts a1_0
2026-08-15T21:16:55.547+05:30 DEBUG 10736 --- [io-8080-exec-10] s.w.s.m.m.a.RequestMappingHandlerMapping : Mapped to com.finclear.api.ControlCenterController#cases()
2026-08-15T21:16:55.547+05:30 DEBUG 10736 --- [nio-8080-exec-8] o.s.web.servlet.DispatcherServlet        : GET "/api/v1/accounts", parameters={}
2026-08-15T21:16:55.547+05:30 DEBUG 10736 --- [nio-8080-exec-9] o.s.web.servlet.DispatcherServlet        : GET "/api/v1/payments", parameters={}
2026-08-15T21:16:55.553+05:30 DEBUG 10736 --- [nio-8080-exec-8] s.w.s.m.m.a.RequestMappingHandlerMapping : Mapped to com.finclear.api.AccountController#all(Authentication)
2026-08-15T21:16:55.553+05:30 DEBUG 10736 --- [nio-8080-exec-3] org.hibernate.SQL                        : select ec1_0.id,ec1_0.amount,ec1_0.category,ec1_0.created_at,ec1_0.currency,ec1_0.evidence,ec1_0.owner,ec1_0.severity,ec1_0.status,ec1_0.title,ec1_0.updated_at from exception_cases ec1_0 order by ec1_0.created_at desc
2026-08-15T21:16:55.553+05:30 DEBUG 10736 --- [nio-8080-exec-9] s.w.s.m.m.a.RequestMappingHandlerMapping : Mapped to com.finclear.api.PaymentController#latest()
2026-08-15T21:16:55.554+05:30 DEBUG 10736 --- [io-8080-exec-10] org.hibernate.SQL                        : select ec1_0.id,ec1_0.amount,ec1_0.category,ec1_0.created_at,ec1_0.currency,ec1_0.evidence,ec1_0.owner,ec1_0.severity,ec1_0.status,ec1_0.title,ec1_0.updated_at from exception_cases ec1_0 order by ec1_0.created_at desc
2026-08-15T21:16:55.554+05:30 DEBUG 10736 --- [nio-8080-exec-3] m.m.a.RequestResponseBodyMethodProcessor : Using 'application/json', given [*/*] and supported [application/json, application/*+json, application/yaml]
2026-08-15T21:16:55.554+05:30 DEBUG 10736 --- [nio-8080-exec-8] org.hibernate.SQL                        : select a1_0.id,a1_0.account_number,a1_0.available_balance,a1_0.created_at,a1_0.currency,a1_0.status,a1_0.user_id,a1_0.version from accounts a1_0
2026-08-15T21:16:55.554+05:30 DEBUG 10736 --- [nio-8080-exec-1] o.s.web.servlet.DispatcherServlet        : GET "/api/v1/control/explain", parameters={}
2026-08-15T21:16:55.554+05:30 DEBUG 10736 --- [io-8080-exec-10] m.m.a.RequestResponseBodyMethodProcessor : Using 'application/json', given [*/*] and supported [application/json, application/*+json, application/yaml]
2026-08-15T21:16:55.554+05:30 DEBUG 10736 --- [nio-8080-exec-3] m.m.a.RequestResponseBodyMethodProcessor : Writing [{exposure=629250.0000, openExceptions=3, availableBalance=2667600.0000, settlementHealth=ATTENTION,  (truncated)...]
2026-08-15T21:16:55.554+05:30 DEBUG 10736 --- [nio-8080-exec-9] org.hibernate.SQL                        : select p1_0.id,p1_0.amount,p1_0.created_at,p1_0.currency,p1_0.idempotency_key,p1_0.merchant,p1_0.payer_account_id,p1_0.status,p1_0.updated_at from payments p1_0 order by p1_0.created_at desc fetch first ? rows only
2026-08-15T21:16:55.554+05:30 DEBUG 10736 --- [nio-8080-exec-1] s.w.s.m.m.a.RequestMappingHandlerMapping : Mapped to com.finclear.api.ControlCenterController#explain()
2026-08-15T21:16:55.556+05:30 DEBUG 10736 --- [io-8080-exec-10] m.m.a.RequestResponseBodyMethodProcessor : Writing [[{owner=Nisha � Payments Ops, title=Gateway settlement missing for captured payments, id=d9ebf868-67 (truncated)...]
2026-08-15T21:16:55.556+05:30 DEBUG 10736 --- [nio-8080-exec-8] m.m.a.RequestResponseBodyMethodProcessor : Using 'application/json', given [*/*] and supported [application/json, application/*+json, application/yaml]
2026-08-15T21:16:55.557+05:30 DEBUG 10736 --- [nio-8080-exec-1] org.hibernate.SQL                        : select ec1_0.id,ec1_0.amount,ec1_0.category,ec1_0.created_at,ec1_0.currency,ec1_0.evidence,ec1_0.owner,ec1_0.severity,ec1_0.status,ec1_0.title,ec1_0.updated_at from exception_cases ec1_0 order by ec1_0.created_at desc
2026-08-15T21:16:55.556+05:30 DEBUG 10736 --- [nio-8080-exec-3] o.s.web.servlet.DispatcherServlet        : Completed 200 OK
2026-08-15T21:16:55.557+05:30 DEBUG 10736 --- [nio-8080-exec-9] m.m.a.RequestResponseBodyMethodProcessor : Using 'application/json', given [*/*] and supported [application/json, application/*+json, application/yaml]
2026-08-15T21:16:55.557+05:30 DEBUG 10736 --- [io-8080-exec-10] o.s.web.servlet.DispatcherServlet        : Completed 200 OK
2026-08-15T21:16:55.557+05:30 DEBUG 10736 --- [nio-8080-exec-8] m.m.a.RequestResponseBodyMethodProcessor : Writing [[{accountNumber=FC-100001, id=4e894728-ee87-4744-9b5e-e340a4d8741b, balance=1842680.0000, currency=I (truncated)...]
2026-08-15T21:16:55.558+05:30 DEBUG 10736 --- [nio-8080-exec-1] m.m.a.RequestResponseBodyMethodProcessor : Using 'application/json', given [*/*] and supported [application/json, application/*+json, application/yaml]
2026-08-15T21:16:55.558+05:30 DEBUG 10736 --- [nio-8080-exec-9] m.m.a.RequestResponseBodyMethodProcessor : Writing [[]]
2026-08-15T21:16:55.559+05:30 DEBUG 10736 --- [nio-8080-exec-1] m.m.a.RequestResponseBodyMethodProcessor : Writing [{summary=3 exceptions account for 629250.00 INR of operational exposure., headline=Money needs atten (truncated)...]
2026-08-15T21:16:55.560+05:30 DEBUG 10736 --- [nio-8080-exec-9] o.s.web.servlet.DispatcherServlet        : Completed 200 OK
2026-08-15T21:16:55.559+05:30 DEBUG 10736 --- [nio-8080-exec-8] o.s.web.servlet.DispatcherServlet        : Completed 200 OK
2026-08-15T21:16:55.560+05:30 DEBUG 10736 --- [nio-8080-exec-1] o.s.web.servlet.DispatcherServlet        : Completed 200 OK
2026-08-15T21:17:00.562+05:30 DEBUG 10736 --- [nio-8080-exec-9] o.s.web.servlet.DispatcherServlet        : GET "/api/v1/control/overview", parameters={}
2026-08-15T21:17:00.564+05:30 DEBUG 10736 --- [nio-8080-exec-9] s.w.s.m.m.a.RequestMappingHandlerMapping : Mapped to com.finclear.api.ControlCenterController#overview()
2026-08-15T21:17:00.565+05:30 DEBUG 10736 --- [nio-8080-exec-9] org.hibernate.SQL                        : select p1_0.id,p1_0.amount,p1_0.created_at,p1_0.currency,p1_0.idempotency_key,p1_0.merchant,p1_0.payer_account_id,p1_0.status,p1_0.updated_at from payments p1_0 order by p1_0.created_at desc fetch first ? rows only
2026-08-15T21:17:00.565+05:30 DEBUG 10736 --- [nio-8080-exec-9] org.hibernate.SQL                        : select a1_0.id,a1_0.account_number,a1_0.available_balance,a1_0.created_at,a1_0.currency,a1_0.status,a1_0.user_id,a1_0.version from accounts a1_0
2026-08-15T21:17:00.569+05:30 DEBUG 10736 --- [nio-8080-exec-9] org.hibernate.SQL                        : select ec1_0.id,ec1_0.amount,ec1_0.category,ec1_0.created_at,ec1_0.currency,ec1_0.evidence,ec1_0.owner,ec1_0.severity,ec1_0.status,ec1_0.title,ec1_0.updated_at from exception_cases ec1_0 order by ec1_0.created_at desc
2026-08-15T21:17:00.569+05:30 DEBUG 10736 --- [nio-8080-exec-9] m.m.a.RequestResponseBodyMethodProcessor : Using 'application/json', given [*/*] and supported [application/json, application/*+json, application/yaml]
2026-08-15T21:17:00.569+05:30 DEBUG 10736 --- [nio-8080-exec-9] m.m.a.RequestResponseBodyMethodProcessor : Writing [{exposure=629250.0000, openExceptions=3, availableBalance=2667600.0000, settlementHealth=ATTENTION,  (truncated)...]
2026-08-15T21:17:00.571+05:30 DEBUG 10736 --- [nio-8080-exec-9] o.s.web.servlet.DispatcherServlet        : Completed 200 OK
2026-08-15T21:17:00.574+05:30 DEBUG 10736 --- [nio-8080-exec-7] o.s.web.servlet.DispatcherServlet        : GET "/api/v1/control/exceptions", parameters={}
2026-08-15T21:17:00.574+05:30 DEBUG 10736 --- [nio-8080-exec-7] s.w.s.m.m.a.RequestMappingHandlerMapping : Mapped to com.finclear.api.ControlCenterController#cases()
2026-08-15T21:17:00.576+05:30 DEBUG 10736 --- [nio-8080-exec-7] org.hibernate.SQL                        : select ec1_0.id,ec1_0.amount,ec1_0.category,ec1_0.created_at,ec1_0.currency,ec1_0.evidence,ec1_0.owner,ec1_0.severity,ec1_0.status,ec1_0.title,ec1_0.updated_at from exception_cases ec1_0 order by ec1_0.created_at desc
2026-08-15T21:17:00.577+05:30 DEBUG 10736 --- [nio-8080-exec-3] o.s.web.servlet.DispatcherServlet        : GET "/api/v1/payments", parameters={}
2026-08-15T21:17:00.577+05:30 DEBUG 10736 --- [nio-8080-exec-7] m.m.a.RequestResponseBodyMethodProcessor : Using 'application/json', given [*/*] and supported [application/json, application/*+json, application/yaml]
2026-08-15T21:17:00.578+05:30 DEBUG 10736 --- [nio-8080-exec-3] s.w.s.m.m.a.RequestMappingHandlerMapping : Mapped to com.finclear.api.PaymentController#latest()
2026-08-15T21:17:00.578+05:30 DEBUG 10736 --- [nio-8080-exec-7] m.m.a.RequestResponseBodyMethodProcessor : Writing [[{owner=Nisha � Payments Ops, title=Gateway settlement missing for captured payments, id=d9ebf868-67 (truncated)...]
2026-08-15T21:17:00.579+05:30 DEBUG 10736 --- [nio-8080-exec-7] o.s.web.servlet.DispatcherServlet        : Completed 200 OK
2026-08-15T21:17:00.579+05:30 DEBUG 10736 --- [nio-8080-exec-3] org.hibernate.SQL                        : select p1_0.id,p1_0.amount,p1_0.created_at,p1_0.currency,p1_0.idempotency_key,p1_0.merchant,p1_0.payer_account_id,p1_0.status,p1_0.updated_at from payments p1_0 order by p1_0.created_at desc fetch first ? rows only
2026-08-15T21:17:00.579+05:30 DEBUG 10736 --- [nio-8080-exec-3] m.m.a.RequestResponseBodyMethodProcessor : Using 'application/json', given [*/*] and supported [application/json, application/*+json, application/yaml]
2026-08-15T21:17:00.581+05:30 DEBUG 10736 --- [nio-8080-exec-3] m.m.a.RequestResponseBodyMethodProcessor : Writing [[]]
2026-08-15T21:17:00.581+05:30 DEBUG 10736 --- [nio-8080-exec-3] o.s.web.servlet.DispatcherServlet        : Completed 200 OK
2026-08-15T21:17:00.598+05:30 DEBUG 10736 --- [nio-8080-exec-4] o.s.web.servlet.DispatcherServlet        : GET "/api/v1/accounts", parameters={}
2026-08-15T21:17:00.598+05:30 DEBUG 10736 --- [nio-8080-exec-4] s.w.s.m.m.a.RequestMappingHandlerMapping : Mapped to com.finclear.api.AccountController#all(Authentication)
2026-08-15T21:17:00.598+05:30 DEBUG 10736 --- [nio-8080-exec-4] org.hibernate.SQL                        : select a1_0.id,a1_0.account_number,a1_0.available_balance,a1_0.created_at,a1_0.currency,a1_0.status,a1_0.user_id,a1_0.version from accounts a1_0
2026-08-15T21:17:00.598+05:30 DEBUG 10736 --- [nio-8080-exec-8] o.s.web.servlet.DispatcherServlet        : GET "/api/v1/control/explain", parameters={}
2026-08-15T21:17:00.598+05:30 DEBUG 10736 --- [nio-8080-exec-4] m.m.a.RequestResponseBodyMethodProcessor : Using 'application/json', given [*/*] and supported [application/json, application/*+json, application/yaml]
2026-08-15T21:17:00.598+05:30 DEBUG 10736 --- [nio-8080-exec-8] s.w.s.m.m.a.RequestMappingHandlerMapping : Mapped to com.finclear.api.ControlCenterController#explain()
2026-08-15T21:17:00.598+05:30 DEBUG 10736 --- [nio-8080-exec-4] m.m.a.RequestResponseBodyMethodProcessor : Writing [[{accountNumber=FC-100001, id=4e894728-ee87-4744-9b5e-e340a4d8741b, balance=1842680.0000, currency=I (truncated)...]
2026-08-15T21:17:00.598+05:30 DEBUG 10736 --- [nio-8080-exec-8] org.hibernate.SQL                        : select ec1_0.id,ec1_0.amount,ec1_0.category,ec1_0.created_at,ec1_0.currency,ec1_0.evidence,ec1_0.owner,ec1_0.severity,ec1_0.status,ec1_0.title,ec1_0.updated_at from exception_cases ec1_0 order by ec1_0.created_at desc
2026-08-15T21:17:00.598+05:30 DEBUG 10736 --- [nio-8080-exec-4] o.s.web.servlet.DispatcherServlet        : Completed 200 OK
2026-08-15T21:17:00.598+05:30 DEBUG 10736 --- [nio-8080-exec-8] m.m.a.RequestResponseBodyMethodProcessor : Using 'application/json', given [*/*] and supported [application/json, application/*+json, application/yaml]
2026-08-15T21:17:00.598+05:30 DEBUG 10736 --- [nio-8080-exec-8] m.m.a.RequestResponseBodyMethodProcessor : Writing [{summary=3 exceptions account for 629250.00 INR of operational exposure., headline=Money needs atten (truncated)...]
2026-08-15T21:17:00.598+05:30 DEBUG 10736 --- [nio-8080-exec-8] o.s.web.servlet.DispatcherServlet        : Completed 200 OK
2026-08-15T21:17:05.552+05:30 DEBUG 10736 --- [nio-8080-exec-1] o.s.web.servlet.DispatcherServlet        : GET "/api/v1/control/overview", parameters={}
2026-08-15T21:17:05.556+05:30 DEBUG 10736 --- [nio-8080-exec-5] o.s.web.servlet.DispatcherServlet        : GET "/api/v1/payments", parameters={}
2026-08-15T21:17:05.559+05:30 DEBUG 10736 --- [nio-8080-exec-1] s.w.s.m.m.a.RequestMappingHandlerMapping : Mapped to com.finclear.api.ControlCenterController#overview()
2026-08-15T21:17:05.559+05:30 DEBUG 10736 --- [nio-8080-exec-5] s.w.s.m.m.a.RequestMappingHandlerMapping : Mapped to com.finclear.api.PaymentController#latest()
2026-08-15T21:17:05.560+05:30 DEBUG 10736 --- [nio-8080-exec-7] o.s.web.servlet.DispatcherServlet        : GET "/api/v1/control/exceptions", parameters={}
2026-08-15T21:17:05.560+05:30 DEBUG 10736 --- [nio-8080-exec-3] o.s.web.servlet.DispatcherServlet        : GET "/api/v1/accounts", parameters={}
2026-08-15T21:17:05.560+05:30 DEBUG 10736 --- [nio-8080-exec-3] s.w.s.m.m.a.RequestMappingHandlerMapping : Mapped to com.finclear.api.AccountController#all(Authentication)
2026-08-15T21:17:05.562+05:30 DEBUG 10736 --- [nio-8080-exec-4] o.s.web.servlet.DispatcherServlet        : GET "/api/v1/control/explain", parameters={}
2026-08-15T21:17:05.560+05:30 DEBUG 10736 --- [nio-8080-exec-7] s.w.s.m.m.a.RequestMappingHandlerMapping : Mapped to com.finclear.api.ControlCenterController#cases()
2026-08-15T21:17:05.563+05:30 DEBUG 10736 --- [nio-8080-exec-3] org.hibernate.SQL                        : select a1_0.id,a1_0.account_number,a1_0.available_balance,a1_0.created_at,a1_0.currency,a1_0.status,a1_0.user_id,a1_0.version from accounts a1_0
2026-08-15T21:17:05.562+05:30 DEBUG 10736 --- [nio-8080-exec-1] org.hibernate.SQL                        : select p1_0.id,p1_0.amount,p1_0.created_at,p1_0.currency,p1_0.idempotency_key,p1_0.merchant,p1_0.payer_account_id,p1_0.status,p1_0.updated_at from payments p1_0 order by p1_0.created_at desc fetch first ? rows only
2026-08-15T21:17:05.563+05:30 DEBUG 10736 --- [nio-8080-exec-5] org.hibernate.SQL                        : select p1_0.id,p1_0.amount,p1_0.created_at,p1_0.currency,p1_0.idempotency_key,p1_0.merchant,p1_0.payer_account_id,p1_0.status,p1_0.updated_at from payments p1_0 order by p1_0.created_at desc fetch first ? rows only
2026-08-15T21:17:05.563+05:30 DEBUG 10736 --- [nio-8080-exec-4] s.w.s.m.m.a.RequestMappingHandlerMapping : Mapped to com.finclear.api.ControlCenterController#explain()
2026-08-15T21:17:05.566+05:30 DEBUG 10736 --- [nio-8080-exec-3] m.m.a.RequestResponseBodyMethodProcessor : Using 'application/json', given [*/*] and supported [application/json, application/*+json, application/yaml]
2026-08-15T21:17:05.566+05:30 DEBUG 10736 --- [nio-8080-exec-1] org.hibernate.SQL                        : select a1_0.id,a1_0.account_number,a1_0.available_balance,a1_0.created_at,a1_0.currency,a1_0.status,a1_0.user_id,a1_0.version from accounts a1_0
2026-08-15T21:17:05.567+05:30 DEBUG 10736 --- [nio-8080-exec-4] org.hibernate.SQL                        : select ec1_0.id,ec1_0.amount,ec1_0.category,ec1_0.created_at,ec1_0.currency,ec1_0.evidence,ec1_0.owner,ec1_0.severity,ec1_0.status,ec1_0.title,ec1_0.updated_at from exception_cases ec1_0 order by ec1_0.created_at desc
2026-08-15T21:17:05.563+05:30 DEBUG 10736 --- [nio-8080-exec-7] org.hibernate.SQL                        : select ec1_0.id,ec1_0.amount,ec1_0.category,ec1_0.created_at,ec1_0.currency,ec1_0.evidence,ec1_0.owner,ec1_0.severity,ec1_0.status,ec1_0.title,ec1_0.updated_at from exception_cases ec1_0 order by ec1_0.created_at desc
2026-08-15T21:17:05.566+05:30 DEBUG 10736 --- [nio-8080-exec-5] m.m.a.RequestResponseBodyMethodProcessor : Using 'application/json', given [*/*] and supported [application/json, application/*+json, application/yaml]
2026-08-15T21:17:05.566+05:30 DEBUG 10736 --- [nio-8080-exec-3] m.m.a.RequestResponseBodyMethodProcessor : Writing [[{accountNumber=FC-100001, id=4e894728-ee87-4744-9b5e-e340a4d8741b, balance=1842680.0000, currency=I (truncated)...]
2026-08-15T21:17:05.567+05:30 DEBUG 10736 --- [nio-8080-exec-4] m.m.a.RequestResponseBodyMethodProcessor : Using 'application/json', given [*/*] and supported [application/json, application/*+json, application/yaml]
2026-08-15T21:17:05.567+05:30 DEBUG 10736 --- [nio-8080-exec-5] m.m.a.RequestResponseBodyMethodProcessor : Writing [[]]
2026-08-15T21:17:05.567+05:30 DEBUG 10736 --- [nio-8080-exec-1] org.hibernate.SQL                        : select ec1_0.id,ec1_0.amount,ec1_0.category,ec1_0.created_at,ec1_0.currency,ec1_0.evidence,ec1_0.owner,ec1_0.severity,ec1_0.status,ec1_0.title,ec1_0.updated_at from exception_cases ec1_0 order by ec1_0.created_at desc
2026-08-15T21:17:05.567+05:30 DEBUG 10736 --- [nio-8080-exec-7] m.m.a.RequestResponseBodyMethodProcessor : Using 'application/json', given [*/*] and supported [application/json, application/*+json, application/yaml]
2026-08-15T21:17:05.567+05:30 DEBUG 10736 --- [nio-8080-exec-3] o.s.web.servlet.DispatcherServlet        : Completed 200 OK
2026-08-15T21:17:05.567+05:30 DEBUG 10736 --- [nio-8080-exec-4] m.m.a.RequestResponseBodyMethodProcessor : Writing [{summary=3 exceptions account for 629250.00 INR of operational exposure., headline=Money needs atten (truncated)...]
2026-08-15T21:17:05.567+05:30 DEBUG 10736 --- [nio-8080-exec-5] o.s.web.servlet.DispatcherServlet        : Completed 200 OK
2026-08-15T21:17:05.567+05:30 DEBUG 10736 --- [nio-8080-exec-7] m.m.a.RequestResponseBodyMethodProcessor : Writing [[{owner=Nisha � Payments Ops, title=Gateway settlement missing for captured payments, id=d9ebf868-67 (truncated)...]
2026-08-15T21:17:05.567+05:30 DEBUG 10736 --- [nio-8080-exec-1] m.m.a.RequestResponseBodyMethodProcessor : Using 'application/json', given [*/*] and supported [application/json, application/*+json, application/yaml]
2026-08-15T21:17:05.567+05:30 DEBUG 10736 --- [nio-8080-exec-4] o.s.web.servlet.DispatcherServlet        : Completed 200 OK
2026-08-15T21:17:05.572+05:30 DEBUG 10736 --- [nio-8080-exec-7] o.s.web.servlet.DispatcherServlet        : Completed 200 OK
2026-08-15T21:17:05.572+05:30 DEBUG 10736 --- [nio-8080-exec-1] m.m.a.RequestResponseBodyMethodProcessor : Writing [{exposure=629250.0000, openExceptions=3, availableBalance=2667600.0000, settlementHealth=ATTENTION,  (truncated)...]
2026-08-15T21:17:05.573+05:30 DEBUG 10736 --- [nio-8080-exec-1] o.s.web.servlet.DispatcherServlet        : Completed 200 OK
2026-08-15T21:17:10.563+05:30 DEBUG 10736 --- [nio-8080-exec-7] o.s.web.servlet.DispatcherServlet        : GET "/api/v1/control/overview", parameters={}
2026-08-15T21:17:10.563+05:30 DEBUG 10736 --- [nio-8080-exec-9] o.s.web.servlet.DispatcherServlet        : GET "/api/v1/control/exceptions", parameters={}
2026-08-15T21:17:10.569+05:30 DEBUG 10736 --- [io-8080-exec-10] o.s.web.servlet.DispatcherServlet        : GET "/api/v1/payments", parameters={}
2026-08-15T21:17:10.569+05:30 DEBUG 10736 --- [nio-8080-exec-2] o.s.web.servlet.DispatcherServlet        : GET "/api/v1/accounts", parameters={}
2026-08-15T21:17:10.571+05:30 DEBUG 10736 --- [nio-8080-exec-8] o.s.web.servlet.DispatcherServlet        : GET "/api/v1/control/explain", parameters={}
2026-08-15T21:17:10.574+05:30 DEBUG 10736 --- [nio-8080-exec-7] s.w.s.m.m.a.RequestMappingHandlerMapping : Mapped to com.finclear.api.ControlCenterController#overview()
2026-08-15T21:17:10.574+05:30 DEBUG 10736 --- [nio-8080-exec-9] s.w.s.m.m.a.RequestMappingHandlerMapping : Mapped to com.finclear.api.ControlCenterController#cases()
2026-08-15T21:17:10.574+05:30 DEBUG 10736 --- [io-8080-exec-10] s.w.s.m.m.a.RequestMappingHandlerMapping : Mapped to com.finclear.api.PaymentController#latest()
2026-08-15T21:17:10.576+05:30 DEBUG 10736 --- [nio-8080-exec-2] s.w.s.m.m.a.RequestMappingHandlerMapping : Mapped to com.finclear.api.AccountController#all(Authentication)
2026-08-15T21:17:10.576+05:30 DEBUG 10736 --- [nio-8080-exec-8] s.w.s.m.m.a.RequestMappingHandlerMapping : Mapped to com.finclear.api.ControlCenterController#explain()
2026-08-15T21:17:10.579+05:30 DEBUG 10736 --- [nio-8080-exec-7] org.hibernate.SQL                        : select p1_0.id,p1_0.amount,p1_0.created_at,p1_0.currency,p1_0.idempotency_key,p1_0.merchant,p1_0.payer_account_id,p1_0.status,p1_0.updated_at from payments p1_0 order by p1_0.created_at desc fetch first ? rows only
2026-08-15T21:17:10.579+05:30 DEBUG 10736 --- [nio-8080-exec-9] org.hibernate.SQL                        : select ec1_0.id,ec1_0.amount,ec1_0.category,ec1_0.created_at,ec1_0.currency,ec1_0.evidence,ec1_0.owner,ec1_0.severity,ec1_0.status,ec1_0.title,ec1_0.updated_at from exception_cases ec1_0 order by ec1_0.created_at desc
2026-08-15T21:17:10.579+05:30 DEBUG 10736 --- [io-8080-exec-10] org.hibernate.SQL                        : select p1_0.id,p1_0.amount,p1_0.created_at,p1_0.currency,p1_0.idempotency_key,p1_0.merchant,p1_0.payer_account_id,p1_0.status,p1_0.updated_at from payments p1_0 order by p1_0.created_at desc fetch first ? rows only
2026-08-15T21:17:10.579+05:30 DEBUG 10736 --- [nio-8080-exec-2] org.hibernate.SQL                        : select a1_0.id,a1_0.account_number,a1_0.available_balance,a1_0.created_at,a1_0.currency,a1_0.status,a1_0.user_id,a1_0.version from accounts a1_0
2026-08-15T21:17:10.579+05:30 DEBUG 10736 --- [nio-8080-exec-8] org.hibernate.SQL                        : select ec1_0.id,ec1_0.amount,ec1_0.category,ec1_0.created_at,ec1_0.currency,ec1_0.evidence,ec1_0.owner,ec1_0.severity,ec1_0.status,ec1_0.title,ec1_0.updated_at from exception_cases ec1_0 order by ec1_0.created_at desc
2026-08-15T21:17:10.579+05:30 DEBUG 10736 --- [nio-8080-exec-7] org.hibernate.SQL                        : select a1_0.id,a1_0.account_number,a1_0.available_balance,a1_0.created_at,a1_0.currency,a1_0.status,a1_0.user_id,a1_0.version from accounts a1_0
2026-08-15T21:17:10.579+05:30 DEBUG 10736 --- [nio-8080-exec-9] m.m.a.RequestResponseBodyMethodProcessor : Using 'application/json', given [*/*] and supported [application/json, application/*+json, application/yaml]
2026-08-15T21:17:10.579+05:30 DEBUG 10736 --- [io-8080-exec-10] m.m.a.RequestResponseBodyMethodProcessor : Using 'application/json', given [*/*] and supported [application/json, application/*+json, application/yaml]
2026-08-15T21:17:10.579+05:30 DEBUG 10736 --- [nio-8080-exec-2] m.m.a.RequestResponseBodyMethodProcessor : Using 'application/json', given [*/*] and supported [application/json, application/*+json, application/yaml]
2026-08-15T21:17:10.579+05:30 DEBUG 10736 --- [nio-8080-exec-8] m.m.a.RequestResponseBodyMethodProcessor : Using 'application/json', given [*/*] and supported [application/json, application/*+json, application/yaml]
2026-08-15T21:17:10.579+05:30 DEBUG 10736 --- [nio-8080-exec-9] m.m.a.RequestResponseBodyMethodProcessor : Writing [[{owner=Nisha � Payments Ops, title=Gateway settlement missing for captured payments, id=d9ebf868-67 (truncated)...]
2026-08-15T21:17:10.579+05:30 DEBUG 10736 --- [io-8080-exec-10] m.m.a.RequestResponseBodyMethodProcessor : Writing [[]]
2026-08-15T21:17:10.579+05:30 DEBUG 10736 --- [nio-8080-exec-9] o.s.web.servlet.DispatcherServlet        : Completed 200 OK
2026-08-15T21:17:10.579+05:30 DEBUG 10736 --- [io-8080-exec-10] o.s.web.servlet.DispatcherServlet        : Completed 200 OK
2026-08-15T21:17:10.579+05:30 DEBUG 10736 --- [nio-8080-exec-7] org.hibernate.SQL                        : select ec1_0.id,ec1_0.amount,ec1_0.category,ec1_0.created_at,ec1_0.currency,ec1_0.evidence,ec1_0.owner,ec1_0.severity,ec1_0.status,ec1_0.title,ec1_0.updated_at from exception_cases ec1_0 order by ec1_0.created_at desc
2026-08-15T21:17:10.579+05:30 DEBUG 10736 --- [nio-8080-exec-2] m.m.a.RequestResponseBodyMethodProcessor : Writing [[{accountNumber=FC-100001, id=4e894728-ee87-4744-9b5e-e340a4d8741b, balance=1842680.0000, currency=I (truncated)...]
2026-08-15T21:17:10.579+05:30 DEBUG 10736 --- [nio-8080-exec-7] m.m.a.RequestResponseBodyMethodProcessor : Using 'application/json', given [*/*] and supported [application/json, application/*+json, application/yaml]
2026-08-15T21:17:10.579+05:30 DEBUG 10736 --- [nio-8080-exec-2] o.s.web.servlet.DispatcherServlet        : Completed 200 OK
2026-08-15T21:17:10.579+05:30 DEBUG 10736 --- [nio-8080-exec-8] m.m.a.RequestResponseBodyMethodProcessor : Writing [{summary=3 exceptions account for 629250.00 INR of operational exposure., headline=Money needs atten (truncated)...]
2026-08-15T21:17:10.579+05:30 DEBUG 10736 --- [nio-8080-exec-7] m.m.a.RequestResponseBodyMethodProcessor : Writing [{exposure=629250.0000, openExceptions=3, availableBalance=2667600.0000, settlementHealth=ATTENTION,  (truncated)...]
2026-08-15T21:17:10.587+05:30 DEBUG 10736 --- [nio-8080-exec-8] o.s.web.servlet.DispatcherServlet        : Completed 200 OK
2026-08-15T21:17:10.587+05:30 DEBUG 10736 --- [nio-8080-exec-7] o.s.web.servlet.DispatcherServlet        : Completed 200 OK
2026-08-15T21:17:15.554+05:30 DEBUG 10736 --- [nio-8080-exec-5] o.s.web.servlet.DispatcherServlet        : GET "/api/v1/control/overview", parameters={}
2026-08-15T21:17:15.560+05:30 DEBUG 10736 --- [nio-8080-exec-4] o.s.web.servlet.DispatcherServlet        : GET "/api/v1/control/exceptions", parameters={}
2026-08-15T21:17:15.562+05:30 DEBUG 10736 --- [nio-8080-exec-5] s.w.s.m.m.a.RequestMappingHandlerMapping : Mapped to com.finclear.api.ControlCenterController#overview()
2026-08-15T21:17:15.562+05:30 DEBUG 10736 --- [nio-8080-exec-4] s.w.s.m.m.a.RequestMappingHandlerMapping : Mapped to com.finclear.api.ControlCenterController#cases()
2026-08-15T21:17:15.564+05:30 DEBUG 10736 --- [nio-8080-exec-4] org.hibernate.SQL                        : select ec1_0.id,ec1_0.amount,ec1_0.category,ec1_0.created_at,ec1_0.currency,ec1_0.evidence,ec1_0.owner,ec1_0.severity,ec1_0.status,ec1_0.title,ec1_0.updated_at from exception_cases ec1_0 order by ec1_0.created_at desc
2026-08-15T21:17:15.564+05:30 DEBUG 10736 --- [nio-8080-exec-5] org.hibernate.SQL                        : select p1_0.id,p1_0.amount,p1_0.created_at,p1_0.currency,p1_0.idempotency_key,p1_0.merchant,p1_0.payer_account_id,p1_0.status,p1_0.updated_at from payments p1_0 order by p1_0.created_at desc fetch first ? rows only
2026-08-15T21:17:15.570+05:30 DEBUG 10736 --- [nio-8080-exec-8] o.s.web.servlet.DispatcherServlet        : GET "/api/v1/accounts", parameters={}
2026-08-15T21:17:15.568+05:30 DEBUG 10736 --- [nio-8080-exec-2] o.s.web.servlet.DispatcherServlet        : GET "/api/v1/payments", parameters={}
2026-08-15T21:17:15.571+05:30 DEBUG 10736 --- [nio-8080-exec-4] m.m.a.RequestResponseBodyMethodProcessor : Using 'application/json', given [*/*] and supported [application/json, application/*+json, application/yaml]
2026-08-15T21:17:15.571+05:30 DEBUG 10736 --- [nio-8080-exec-5] org.hibernate.SQL                        : select a1_0.id,a1_0.account_number,a1_0.available_balance,a1_0.created_at,a1_0.currency,a1_0.status,a1_0.user_id,a1_0.version from accounts a1_0
2026-08-15T21:17:15.571+05:30 DEBUG 10736 --- [nio-8080-exec-7] o.s.web.servlet.DispatcherServlet        : GET "/api/v1/control/explain", parameters={}
2026-08-15T21:17:15.573+05:30 DEBUG 10736 --- [nio-8080-exec-7] s.w.s.m.m.a.RequestMappingHandlerMapping : Mapped to com.finclear.api.ControlCenterController#explain()
2026-08-15T21:17:15.571+05:30 DEBUG 10736 --- [nio-8080-exec-8] s.w.s.m.m.a.RequestMappingHandlerMapping : Mapped to com.finclear.api.AccountController#all(Authentication)
2026-08-15T21:17:15.571+05:30 DEBUG 10736 --- [nio-8080-exec-2] s.w.s.m.m.a.RequestMappingHandlerMapping : Mapped to com.finclear.api.PaymentController#latest()
2026-08-15T21:17:15.571+05:30 DEBUG 10736 --- [nio-8080-exec-4] m.m.a.RequestResponseBodyMethodProcessor : Writing [[{owner=Nisha � Payments Ops, title=Gateway settlement missing for captured payments, id=d9ebf868-67 (truncated)...]
2026-08-15T21:17:15.575+05:30 DEBUG 10736 --- [nio-8080-exec-5] org.hibernate.SQL                        : select ec1_0.id,ec1_0.amount,ec1_0.category,ec1_0.created_at,ec1_0.currency,ec1_0.evidence,ec1_0.owner,ec1_0.severity,ec1_0.status,ec1_0.title,ec1_0.updated_at from exception_cases ec1_0 order by ec1_0.created_at desc
2026-08-15T21:17:15.575+05:30 DEBUG 10736 --- [nio-8080-exec-7] org.hibernate.SQL                        : select ec1_0.id,ec1_0.amount,ec1_0.category,ec1_0.created_at,ec1_0.currency,ec1_0.evidence,ec1_0.owner,ec1_0.severity,ec1_0.status,ec1_0.title,ec1_0.updated_at from exception_cases ec1_0 order by ec1_0.created_at desc
2026-08-15T21:17:15.575+05:30 DEBUG 10736 --- [nio-8080-exec-8] org.hibernate.SQL                        : select a1_0.id,a1_0.account_number,a1_0.available_balance,a1_0.created_at,a1_0.currency,a1_0.status,a1_0.user_id,a1_0.version from accounts a1_0
2026-08-15T21:17:15.577+05:30 DEBUG 10736 --- [nio-8080-exec-7] m.m.a.RequestResponseBodyMethodProcessor : Using 'application/json', given [*/*] and supported [application/json, application/*+json, application/yaml]
2026-08-15T21:17:15.577+05:30 DEBUG 10736 --- [nio-8080-exec-7] m.m.a.RequestResponseBodyMethodProcessor : Writing [{summary=3 exceptions account for 629250.00 INR of operational exposure., headline=Money needs atten (truncated)...]
2026-08-15T21:17:15.577+05:30 DEBUG 10736 --- [nio-8080-exec-7] o.s.web.servlet.DispatcherServlet        : Completed 200 OK
2026-08-15T21:17:15.577+05:30 DEBUG 10736 --- [nio-8080-exec-2] org.hibernate.SQL                        : select p1_0.id,p1_0.amount,p1_0.created_at,p1_0.currency,p1_0.idempotency_key,p1_0.merchant,p1_0.payer_account_id,p1_0.status,p1_0.updated_at from payments p1_0 order by p1_0.created_at desc fetch first ? rows only
2026-08-15T21:17:15.577+05:30 DEBUG 10736 --- [nio-8080-exec-2] m.m.a.RequestResponseBodyMethodProcessor : Using 'application/json', given [*/*] and supported [application/json, application/*+json, application/yaml]
2026-08-15T21:17:15.582+05:30 DEBUG 10736 --- [nio-8080-exec-2] m.m.a.RequestResponseBodyMethodProcessor : Writing [[]]
2026-08-15T21:17:15.577+05:30 DEBUG 10736 --- [nio-8080-exec-4] o.s.web.servlet.DispatcherServlet        : Completed 200 OK
2026-08-15T21:17:15.577+05:30 DEBUG 10736 --- [nio-8080-exec-5] m.m.a.RequestResponseBodyMethodProcessor : Using 'application/json', given [*/*] and supported [application/json, application/*+json, application/yaml]
2026-08-15T21:17:15.577+05:30 DEBUG 10736 --- [nio-8080-exec-8] m.m.a.RequestResponseBodyMethodProcessor : Using 'application/json', given [*/*] and supported [application/json, application/*+json, application/yaml]
2026-08-15T21:17:15.584+05:30 DEBUG 10736 --- [nio-8080-exec-2] o.s.web.servlet.DispatcherServlet        : Completed 200 OK
2026-08-15T21:17:15.586+05:30 DEBUG 10736 --- [nio-8080-exec-5] m.m.a.RequestResponseBodyMethodProcessor : Writing [{exposure=629250.0000, openExceptions=3, availableBalance=2667600.0000, settlementHealth=ATTENTION,  (truncated)...]
2026-08-15T21:17:15.587+05:30 DEBUG 10736 --- [nio-8080-exec-5] o.s.web.servlet.DispatcherServlet        : Completed 200 OK
2026-08-15T21:17:15.586+05:30 DEBUG 10736 --- [nio-8080-exec-8] m.m.a.RequestResponseBodyMethodProcessor : Writing [[{accountNumber=FC-100001, id=4e894728-ee87-4744-9b5e-e340a4d8741b, balance=1842680.0000, currency=I (truncated)...]
2026-08-15T21:17:15.587+05:30 DEBUG 10736 --- [nio-8080-exec-8] o.s.web.servlet.DispatcherServlet        : Completed 200 OK
2026-08-15T21:17:20.567+05:30 DEBUG 10736 --- [io-8080-exec-10] o.s.web.servlet.DispatcherServlet        : GET "/api/v1/control/overview", parameters={}
2026-08-15T21:17:20.569+05:30 DEBUG 10736 --- [nio-8080-exec-3] o.s.web.servlet.DispatcherServlet        : GET "/api/v1/control/exceptions", parameters={}
2026-08-15T21:17:20.578+05:30 DEBUG 10736 --- [nio-8080-exec-3] s.w.s.m.m.a.RequestMappingHandlerMapping : Mapped to com.finclear.api.ControlCenterController#cases()
2026-08-15T21:17:20.580+05:30 DEBUG 10736 --- [nio-8080-exec-3] org.hibernate.SQL                        : select ec1_0.id,ec1_0.amount,ec1_0.category,ec1_0.created_at,ec1_0.currency,ec1_0.evidence,ec1_0.owner,ec1_0.severity,ec1_0.status,ec1_0.title,ec1_0.updated_at from exception_cases ec1_0 order by ec1_0.created_at desc
2026-08-15T21:17:20.569+05:30 DEBUG 10736 --- [nio-8080-exec-9] o.s.web.servlet.DispatcherServlet        : GET "/api/v1/control/explain", parameters={}
2026-08-15T21:17:20.582+05:30 DEBUG 10736 --- [nio-8080-exec-9] s.w.s.m.m.a.RequestMappingHandlerMapping : Mapped to com.finclear.api.ControlCenterController#explain()
2026-08-15T21:17:20.572+05:30 DEBUG 10736 --- [nio-8080-exec-6] o.s.web.servlet.DispatcherServlet        : GET "/api/v1/payments", parameters={}
2026-08-15T21:17:20.584+05:30 DEBUG 10736 --- [nio-8080-exec-6] s.w.s.m.m.a.RequestMappingHandlerMapping : Mapped to com.finclear.api.PaymentController#latest()
2026-08-15T21:17:20.584+05:30 DEBUG 10736 --- [nio-8080-exec-9] org.hibernate.SQL                        : select ec1_0.id,ec1_0.amount,ec1_0.category,ec1_0.created_at,ec1_0.currency,ec1_0.evidence,ec1_0.owner,ec1_0.severity,ec1_0.status,ec1_0.title,ec1_0.updated_at from exception_cases ec1_0 order by ec1_0.created_at desc
2026-08-15T21:17:20.572+05:30 DEBUG 10736 --- [nio-8080-exec-1] o.s.web.servlet.DispatcherServlet        : GET "/api/v1/accounts", parameters={}
2026-08-15T21:17:20.584+05:30 DEBUG 10736 --- [nio-8080-exec-1] s.w.s.m.m.a.RequestMappingHandlerMapping : Mapped to com.finclear.api.AccountController#all(Authentication)
2026-08-15T21:17:20.578+05:30 DEBUG 10736 --- [io-8080-exec-10] s.w.s.m.m.a.RequestMappingHandlerMapping : Mapped to com.finclear.api.ControlCenterController#overview()
2026-08-15T21:17:20.582+05:30 DEBUG 10736 --- [nio-8080-exec-3] m.m.a.RequestResponseBodyMethodProcessor : Using 'application/json', given [*/*] and supported [application/json, application/*+json, application/yaml]
2026-08-15T21:17:20.584+05:30 DEBUG 10736 --- [nio-8080-exec-9] m.m.a.RequestResponseBodyMethodProcessor : Using 'application/json', given [*/*] and supported [application/json, application/*+json, application/yaml]
2026-08-15T21:17:20.586+05:30 DEBUG 10736 --- [nio-8080-exec-1] org.hibernate.SQL                        : select a1_0.id,a1_0.account_number,a1_0.available_balance,a1_0.created_at,a1_0.currency,a1_0.status,a1_0.user_id,a1_0.version from accounts a1_0
2026-08-15T21:17:20.584+05:30 DEBUG 10736 --- [nio-8080-exec-6] org.hibernate.SQL                        : select p1_0.id,p1_0.amount,p1_0.created_at,p1_0.currency,p1_0.idempotency_key,p1_0.merchant,p1_0.payer_account_id,p1_0.status,p1_0.updated_at from payments p1_0 order by p1_0.created_at desc fetch first ? rows only
2026-08-15T21:17:20.586+05:30 DEBUG 10736 --- [nio-8080-exec-3] m.m.a.RequestResponseBodyMethodProcessor : Writing [[{owner=Nisha � Payments Ops, title=Gateway settlement missing for captured payments, id=d9ebf868-67 (truncated)...]
2026-08-15T21:17:20.586+05:30 DEBUG 10736 --- [nio-8080-exec-9] m.m.a.RequestResponseBodyMethodProcessor : Writing [{summary=3 exceptions account for 629250.00 INR of operational exposure., headline=Money needs atten (truncated)...]
2026-08-15T21:17:20.586+05:30 DEBUG 10736 --- [io-8080-exec-10] org.hibernate.SQL                        : select p1_0.id,p1_0.amount,p1_0.created_at,p1_0.currency,p1_0.idempotency_key,p1_0.merchant,p1_0.payer_account_id,p1_0.status,p1_0.updated_at from payments p1_0 order by p1_0.created_at desc fetch first ? rows only
2026-08-15T21:17:20.587+05:30 DEBUG 10736 --- [nio-8080-exec-9] o.s.web.servlet.DispatcherServlet        : Completed 200 OK
2026-08-15T21:17:20.587+05:30 DEBUG 10736 --- [nio-8080-exec-1] m.m.a.RequestResponseBodyMethodProcessor : Using 'application/json', given [*/*] and supported [application/json, application/*+json, application/yaml]
2026-08-15T21:17:20.587+05:30 DEBUG 10736 --- [nio-8080-exec-6] m.m.a.RequestResponseBodyMethodProcessor : Using 'application/json', given [*/*] and supported [application/json, application/*+json, application/yaml]
2026-08-15T21:17:20.587+05:30 DEBUG 10736 --- [nio-8080-exec-3] o.s.web.servlet.DispatcherServlet        : Completed 200 OK
2026-08-15T21:17:20.588+05:30 DEBUG 10736 --- [io-8080-exec-10] org.hibernate.SQL                        : select a1_0.id,a1_0.account_number,a1_0.available_balance,a1_0.created_at,a1_0.currency,a1_0.status,a1_0.user_id,a1_0.version from accounts a1_0
2026-08-15T21:17:20.589+05:30 DEBUG 10736 --- [nio-8080-exec-1] m.m.a.RequestResponseBodyMethodProcessor : Writing [[{accountNumber=FC-100001, id=4e894728-ee87-4744-9b5e-e340a4d8741b, balance=1842680.0000, currency=I (truncated)...]
2026-08-15T21:17:20.590+05:30 DEBUG 10736 --- [nio-8080-exec-1] o.s.web.servlet.DispatcherServlet        : Completed 200 OK
2026-08-15T21:17:20.590+05:30 DEBUG 10736 --- [nio-8080-exec-6] m.m.a.RequestResponseBodyMethodProcessor : Writing [[]]
2026-08-15T21:17:20.592+05:30 DEBUG 10736 --- [io-8080-exec-10] org.hibernate.SQL                        : select ec1_0.id,ec1_0.amount,ec1_0.category,ec1_0.created_at,ec1_0.currency,ec1_0.evidence,ec1_0.owner,ec1_0.severity,ec1_0.status,ec1_0.title,ec1_0.updated_at from exception_cases ec1_0 order by ec1_0.created_at desc
2026-08-15T21:17:20.594+05:30 DEBUG 10736 --- [nio-8080-exec-6] o.s.web.servlet.DispatcherServlet        : Completed 200 OK
2026-08-15T21:17:20.594+05:30 DEBUG 10736 --- [io-8080-exec-10] m.m.a.RequestResponseBodyMethodProcessor : Using 'application/json', given [*/*] and supported [application/json, application/*+json, application/yaml]
2026-08-15T21:17:20.594+05:30 DEBUG 10736 --- [io-8080-exec-10] m.m.a.RequestResponseBodyMethodProcessor : Writing [{exposure=629250.0000, openExceptions=3, availableBalance=2667600.0000, settlementHealth=ATTENTION,  (truncated)...]
2026-08-15T21:17:20.594+05:30 DEBUG 10736 --- [io-8080-exec-10] o.s.web.servlet.DispatcherServlet        : Completed 200 OK
2026-08-15T21:17:25.558+05:30 DEBUG 10736 --- [nio-8080-exec-2] o.s.web.servlet.DispatcherServlet        : GET "/api/v1/control/overview", parameters={}
2026-08-15T21:17:25.558+05:30 DEBUG 10736 --- [nio-8080-exec-7] o.s.web.servlet.DispatcherServlet        : GET "/api/v1/control/exceptions", parameters={}
2026-08-15T21:17:25.566+05:30 DEBUG 10736 --- [nio-8080-exec-7] s.w.s.m.m.a.RequestMappingHandlerMapping : Mapped to com.finclear.api.ControlCenterController#cases()
2026-08-15T21:17:25.564+05:30 DEBUG 10736 --- [nio-8080-exec-9] o.s.web.servlet.DispatcherServlet        : GET "/api/v1/payments", parameters={}
2026-08-15T21:17:25.566+05:30 DEBUG 10736 --- [nio-8080-exec-2] s.w.s.m.m.a.RequestMappingHandlerMapping : Mapped to com.finclear.api.ControlCenterController#overview()
2026-08-15T21:17:25.566+05:30 DEBUG 10736 --- [nio-8080-exec-6] o.s.web.servlet.DispatcherServlet        : GET "/api/v1/accounts", parameters={}
2026-08-15T21:17:25.568+05:30 DEBUG 10736 --- [nio-8080-exec-7] org.hibernate.SQL                        : select ec1_0.id,ec1_0.amount,ec1_0.category,ec1_0.created_at,ec1_0.currency,ec1_0.evidence,ec1_0.owner,ec1_0.severity,ec1_0.status,ec1_0.title,ec1_0.updated_at from exception_cases ec1_0 order by ec1_0.created_at desc
2026-08-15T21:17:25.566+05:30 DEBUG 10736 --- [nio-8080-exec-1] o.s.web.servlet.DispatcherServlet        : GET "/api/v1/control/explain", parameters={}
2026-08-15T21:17:25.570+05:30 DEBUG 10736 --- [nio-8080-exec-1] s.w.s.m.m.a.RequestMappingHandlerMapping : Mapped to com.finclear.api.ControlCenterController#explain()
2026-08-15T21:17:25.568+05:30 DEBUG 10736 --- [nio-8080-exec-9] s.w.s.m.m.a.RequestMappingHandlerMapping : Mapped to com.finclear.api.PaymentController#latest()
2026-08-15T21:17:25.568+05:30 DEBUG 10736 --- [nio-8080-exec-6] s.w.s.m.m.a.RequestMappingHandlerMapping : Mapped to com.finclear.api.AccountController#all(Authentication)
2026-08-15T21:17:25.568+05:30 DEBUG 10736 --- [nio-8080-exec-2] org.hibernate.SQL                        : select p1_0.id,p1_0.amount,p1_0.created_at,p1_0.currency,p1_0.idempotency_key,p1_0.merchant,p1_0.payer_account_id,p1_0.status,p1_0.updated_at from payments p1_0 order by p1_0.created_at desc fetch first ? rows only
2026-08-15T21:17:25.570+05:30 DEBUG 10736 --- [nio-8080-exec-7] m.m.a.RequestResponseBodyMethodProcessor : Using 'application/json', given [*/*] and supported [application/json, application/*+json, application/yaml]
2026-08-15T21:17:25.570+05:30 DEBUG 10736 --- [nio-8080-exec-1] org.hibernate.SQL                        : select ec1_0.id,ec1_0.amount,ec1_0.category,ec1_0.created_at,ec1_0.currency,ec1_0.evidence,ec1_0.owner,ec1_0.severity,ec1_0.status,ec1_0.title,ec1_0.updated_at from exception_cases ec1_0 order by ec1_0.created_at desc
2026-08-15T21:17:25.572+05:30 DEBUG 10736 --- [nio-8080-exec-6] org.hibernate.SQL                        : select a1_0.id,a1_0.account_number,a1_0.available_balance,a1_0.created_at,a1_0.currency,a1_0.status,a1_0.user_id,a1_0.version from accounts a1_0
2026-08-15T21:17:25.572+05:30 DEBUG 10736 --- [nio-8080-exec-9] org.hibernate.SQL                        : select p1_0.id,p1_0.amount,p1_0.created_at,p1_0.currency,p1_0.idempotency_key,p1_0.merchant,p1_0.payer_account_id,p1_0.status,p1_0.updated_at from payments p1_0 order by p1_0.created_at desc fetch first ? rows only
2026-08-15T21:17:25.572+05:30 DEBUG 10736 --- [nio-8080-exec-2] org.hibernate.SQL                        : select a1_0.id,a1_0.account_number,a1_0.available_balance,a1_0.created_at,a1_0.currency,a1_0.status,a1_0.user_id,a1_0.version from accounts a1_0
2026-08-15T21:17:25.572+05:30 DEBUG 10736 --- [nio-8080-exec-7] m.m.a.RequestResponseBodyMethodProcessor : Writing [[{owner=Nisha � Payments Ops, title=Gateway settlement missing for captured payments, id=d9ebf868-67 (truncated)...]
2026-08-15T21:17:25.572+05:30 DEBUG 10736 --- [nio-8080-exec-1] m.m.a.RequestResponseBodyMethodProcessor : Using 'application/json', given [*/*] and supported [application/json, application/*+json, application/yaml]
2026-08-15T21:17:25.574+05:30 DEBUG 10736 --- [nio-8080-exec-9] m.m.a.RequestResponseBodyMethodProcessor : Using 'application/json', given [*/*] and supported [application/json, application/*+json, application/yaml]
2026-08-15T21:17:25.574+05:30 DEBUG 10736 --- [nio-8080-exec-6] m.m.a.RequestResponseBodyMethodProcessor : Using 'application/json', given [*/*] and supported [application/json, application/*+json, application/yaml]
2026-08-15T21:17:25.574+05:30 DEBUG 10736 --- [nio-8080-exec-1] m.m.a.RequestResponseBodyMethodProcessor : Writing [{summary=3 exceptions account for 629250.00 INR of operational exposure., headline=Money needs atten (truncated)...]
2026-08-15T21:17:25.574+05:30 DEBUG 10736 --- [nio-8080-exec-7] o.s.web.servlet.DispatcherServlet        : Completed 200 OK
2026-08-15T21:17:25.576+05:30 DEBUG 10736 --- [nio-8080-exec-1] o.s.web.servlet.DispatcherServlet        : Completed 200 OK
2026-08-15T21:17:25.574+05:30 DEBUG 10736 --- [nio-8080-exec-9] m.m.a.RequestResponseBodyMethodProcessor : Writing [[]]
2026-08-15T21:17:25.574+05:30 DEBUG 10736 --- [nio-8080-exec-2] org.hibernate.SQL                        : select ec1_0.id,ec1_0.amount,ec1_0.category,ec1_0.created_at,ec1_0.currency,ec1_0.evidence,ec1_0.owner,ec1_0.severity,ec1_0.status,ec1_0.title,ec1_0.updated_at from exception_cases ec1_0 order by ec1_0.created_at desc
2026-08-15T21:17:25.576+05:30 DEBUG 10736 --- [nio-8080-exec-6] m.m.a.RequestResponseBodyMethodProcessor : Writing [[{accountNumber=FC-100001, id=4e894728-ee87-4744-9b5e-e340a4d8741b, balance=1842680.0000, currency=I (truncated)...]
2026-08-15T21:17:25.578+05:30 DEBUG 10736 --- [nio-8080-exec-9] o.s.web.servlet.DispatcherServlet        : Completed 200 OK
2026-08-15T21:17:25.578+05:30 DEBUG 10736 --- [nio-8080-exec-2] m.m.a.RequestResponseBodyMethodProcessor : Using 'application/json', given [*/*] and supported [application/json, application/*+json, application/yaml]
2026-08-15T21:17:25.578+05:30 DEBUG 10736 --- [nio-8080-exec-6] o.s.web.servlet.DispatcherServlet        : Completed 200 OK
2026-08-15T21:17:25.578+05:30 DEBUG 10736 --- [nio-8080-exec-2] m.m.a.RequestResponseBodyMethodProcessor : Writing [{exposure=629250.0000, openExceptions=3, availableBalance=2667600.0000, settlementHealth=ATTENTION,  (truncated)...]
2026-08-15T21:17:25.580+05:30 DEBUG 10736 --- [nio-8080-exec-2] o.s.web.servlet.DispatcherServlet        : Completed 200 OK
2026-08-15T21:17:30.571+05:30 DEBUG 10736 --- [io-8080-exec-10] o.s.web.servlet.DispatcherServlet        : GET "/api/v1/control/exceptions", parameters={}
2026-08-15T21:17:30.571+05:30 DEBUG 10736 --- [nio-8080-exec-7] o.s.web.servlet.DispatcherServlet        : GET "/api/v1/control/overview", parameters={}
2026-08-15T21:17:30.571+05:30 DEBUG 10736 --- [nio-8080-exec-9] o.s.web.servlet.DispatcherServlet        : GET "/api/v1/payments", parameters={}
2026-08-15T21:17:30.571+05:30 DEBUG 10736 --- [nio-8080-exec-6] o.s.web.servlet.DispatcherServlet        : GET "/api/v1/accounts", parameters={}
2026-08-15T21:17:30.572+05:30 DEBUG 10736 --- [nio-8080-exec-2] o.s.web.servlet.DispatcherServlet        : GET "/api/v1/control/explain", parameters={}
2026-08-15T21:17:30.578+05:30 DEBUG 10736 --- [io-8080-exec-10] s.w.s.m.m.a.RequestMappingHandlerMapping : Mapped to com.finclear.api.ControlCenterController#cases()
2026-08-15T21:17:30.578+05:30 DEBUG 10736 --- [nio-8080-exec-7] s.w.s.m.m.a.RequestMappingHandlerMapping : Mapped to com.finclear.api.ControlCenterController#overview()
2026-08-15T21:17:30.578+05:30 DEBUG 10736 --- [nio-8080-exec-9] s.w.s.m.m.a.RequestMappingHandlerMapping : Mapped to com.finclear.api.PaymentController#latest()
2026-08-15T21:17:30.578+05:30 DEBUG 10736 --- [nio-8080-exec-6] s.w.s.m.m.a.RequestMappingHandlerMapping : Mapped to com.finclear.api.AccountController#all(Authentication)
2026-08-15T21:17:30.578+05:30 DEBUG 10736 --- [nio-8080-exec-2] s.w.s.m.m.a.RequestMappingHandlerMapping : Mapped to com.finclear.api.ControlCenterController#explain()
2026-08-15T21:17:30.578+05:30 DEBUG 10736 --- [io-8080-exec-10] org.hibernate.SQL                        : select ec1_0.id,ec1_0.amount,ec1_0.category,ec1_0.created_at,ec1_0.currency,ec1_0.evidence,ec1_0.owner,ec1_0.severity,ec1_0.status,ec1_0.title,ec1_0.updated_at from exception_cases ec1_0 order by ec1_0.created_at desc
2026-08-15T21:17:30.578+05:30 DEBUG 10736 --- [nio-8080-exec-6] org.hibernate.SQL                        : select a1_0.id,a1_0.account_number,a1_0.available_balance,a1_0.created_at,a1_0.currency,a1_0.status,a1_0.user_id,a1_0.version from accounts a1_0
2026-08-15T21:17:30.578+05:30 DEBUG 10736 --- [nio-8080-exec-7] org.hibernate.SQL                        : select p1_0.id,p1_0.amount,p1_0.created_at,p1_0.currency,p1_0.idempotency_key,p1_0.merchant,p1_0.payer_account_id,p1_0.status,p1_0.updated_at from payments p1_0 order by p1_0.created_at desc fetch first ? rows only
2026-08-15T21:17:30.578+05:30 DEBUG 10736 --- [nio-8080-exec-9] org.hibernate.SQL                        : select p1_0.id,p1_0.amount,p1_0.created_at,p1_0.currency,p1_0.idempotency_key,p1_0.merchant,p1_0.payer_account_id,p1_0.status,p1_0.updated_at from payments p1_0 order by p1_0.created_at desc fetch first ? rows only
2026-08-15T21:17:30.582+05:30 DEBUG 10736 --- [nio-8080-exec-6] m.m.a.RequestResponseBodyMethodProcessor : Using 'application/json', given [*/*] and supported [application/json, application/*+json, application/yaml]
2026-08-15T21:17:30.578+05:30 DEBUG 10736 --- [nio-8080-exec-2] org.hibernate.SQL                        : select ec1_0.id,ec1_0.amount,ec1_0.category,ec1_0.created_at,ec1_0.currency,ec1_0.evidence,ec1_0.owner,ec1_0.severity,ec1_0.status,ec1_0.title,ec1_0.updated_at from exception_cases ec1_0 order by ec1_0.created_at desc
2026-08-15T21:17:30.582+05:30 DEBUG 10736 --- [io-8080-exec-10] m.m.a.RequestResponseBodyMethodProcessor : Using 'application/json', given [*/*] and supported [application/json, application/*+json, application/yaml]
2026-08-15T21:17:30.582+05:30 DEBUG 10736 --- [nio-8080-exec-6] m.m.a.RequestResponseBodyMethodProcessor : Writing [[{accountNumber=FC-100001, id=4e894728-ee87-4744-9b5e-e340a4d8741b, balance=1842680.0000, currency=I (truncated)...]
2026-08-15T21:17:30.582+05:30 DEBUG 10736 --- [nio-8080-exec-9] m.m.a.RequestResponseBodyMethodProcessor : Using 'application/json', given [*/*] and supported [application/json, application/*+json, application/yaml]
2026-08-15T21:17:30.584+05:30 DEBUG 10736 --- [nio-8080-exec-7] org.hibernate.SQL                        : select a1_0.id,a1_0.account_number,a1_0.available_balance,a1_0.created_at,a1_0.currency,a1_0.status,a1_0.user_id,a1_0.version from accounts a1_0
2026-08-15T21:17:30.584+05:30 DEBUG 10736 --- [io-8080-exec-10] m.m.a.RequestResponseBodyMethodProcessor : Writing [[{owner=Nisha � Payments Ops, title=Gateway settlement missing for captured payments, id=d9ebf868-67 (truncated)...]
2026-08-15T21:17:30.584+05:30 DEBUG 10736 --- [nio-8080-exec-2] m.m.a.RequestResponseBodyMethodProcessor : Using 'application/json', given [*/*] and supported [application/json, application/*+json, application/yaml]
2026-08-15T21:17:30.584+05:30 DEBUG 10736 --- [nio-8080-exec-6] o.s.web.servlet.DispatcherServlet        : Completed 200 OK
2026-08-15T21:17:30.584+05:30 DEBUG 10736 --- [nio-8080-exec-9] m.m.a.RequestResponseBodyMethodProcessor : Writing [[]]
2026-08-15T21:17:30.587+05:30 DEBUG 10736 --- [io-8080-exec-10] o.s.web.servlet.DispatcherServlet        : Completed 200 OK
2026-08-15T21:17:30.587+05:30 DEBUG 10736 --- [nio-8080-exec-2] m.m.a.RequestResponseBodyMethodProcessor : Writing [{summary=3 exceptions account for 629250.00 INR of operational exposure., headline=Money needs atten (truncated)...]
2026-08-15T21:17:30.587+05:30 DEBUG 10736 --- [nio-8080-exec-7] org.hibernate.SQL                        : select ec1_0.id,ec1_0.amount,ec1_0.category,ec1_0.created_at,ec1_0.currency,ec1_0.evidence,ec1_0.owner,ec1_0.severity,ec1_0.status,ec1_0.title,ec1_0.updated_at from exception_cases ec1_0 order by ec1_0.created_at desc
2026-08-15T21:17:30.587+05:30 DEBUG 10736 --- [nio-8080-exec-2] o.s.web.servlet.DispatcherServlet        : Completed 200 OK
2026-08-15T21:17:30.587+05:30 DEBUG 10736 --- [nio-8080-exec-9] o.s.web.servlet.DispatcherServlet        : Completed 200 OK
2026-08-15T21:17:30.589+05:30 DEBUG 10736 --- [nio-8080-exec-7] m.m.a.RequestResponseBodyMethodProcessor : Using 'application/json', given [*/*] and supported [application/json, application/*+json, application/yaml]
2026-08-15T21:17:30.589+05:30 DEBUG 10736 --- [nio-8080-exec-7] m.m.a.RequestResponseBodyMethodProcessor : Writing [{exposure=629250.0000, openExceptions=3, availableBalance=2667600.0000, settlementHealth=ATTENTION,  (truncated)...]
2026-08-15T21:17:30.589+05:30 DEBUG 10736 --- [nio-8080-exec-7] o.s.web.servlet.DispatcherServlet        : Completed 200 OK
2026-08-15T21:17:35.567+05:30 DEBUG 10736 --- [nio-8080-exec-3] o.s.web.servlet.DispatcherServlet        : GET "/api/v1/control/exceptions", parameters={}
2026-08-15T21:17:35.580+05:30 DEBUG 10736 --- [nio-8080-exec-3] s.w.s.m.m.a.RequestMappingHandlerMapping : Mapped to com.finclear.api.ControlCenterController#cases()
2026-08-15T21:17:35.567+05:30 DEBUG 10736 --- [nio-8080-exec-5] o.s.web.servlet.DispatcherServlet        : GET "/api/v1/control/overview", parameters={}
2026-08-15T21:17:35.580+05:30 DEBUG 10736 --- [nio-8080-exec-5] s.w.s.m.m.a.RequestMappingHandlerMapping : Mapped to com.finclear.api.ControlCenterController#overview()
2026-08-15T21:17:35.569+05:30 DEBUG 10736 --- [nio-8080-exec-1] o.s.web.servlet.DispatcherServlet        : GET "/api/v1/payments", parameters={}
2026-08-15T21:17:35.582+05:30 DEBUG 10736 --- [nio-8080-exec-1] s.w.s.m.m.a.RequestMappingHandlerMapping : Mapped to com.finclear.api.PaymentController#latest()
2026-08-15T21:17:35.569+05:30 DEBUG 10736 --- [nio-8080-exec-8] o.s.web.servlet.DispatcherServlet        : GET "/api/v1/accounts", parameters={}
2026-08-15T21:17:35.574+05:30 DEBUG 10736 --- [nio-8080-exec-4] o.s.web.servlet.DispatcherServlet        : GET "/api/v1/control/explain", parameters={}
2026-08-15T21:17:35.582+05:30 DEBUG 10736 --- [nio-8080-exec-3] org.hibernate.SQL                        : select ec1_0.id,ec1_0.amount,ec1_0.category,ec1_0.created_at,ec1_0.currency,ec1_0.evidence,ec1_0.owner,ec1_0.severity,ec1_0.status,ec1_0.title,ec1_0.updated_at from exception_cases ec1_0 order by ec1_0.created_at desc
2026-08-15T21:17:35.582+05:30 DEBUG 10736 --- [nio-8080-exec-5] org.hibernate.SQL                        : select p1_0.id,p1_0.amount,p1_0.created_at,p1_0.currency,p1_0.idempotency_key,p1_0.merchant,p1_0.payer_account_id,p1_0.status,p1_0.updated_at from payments p1_0 order by p1_0.created_at desc fetch first ? rows only
2026-08-15T21:17:35.582+05:30 DEBUG 10736 --- [nio-8080-exec-1] org.hibernate.SQL                        : select p1_0.id,p1_0.amount,p1_0.created_at,p1_0.currency,p1_0.idempotency_key,p1_0.merchant,p1_0.payer_account_id,p1_0.status,p1_0.updated_at from payments p1_0 order by p1_0.created_at desc fetch first ? rows only
2026-08-15T21:17:35.586+05:30 DEBUG 10736 --- [nio-8080-exec-5] org.hibernate.SQL                        : select a1_0.id,a1_0.account_number,a1_0.available_balance,a1_0.created_at,a1_0.currency,a1_0.status,a1_0.user_id,a1_0.version from accounts a1_0
2026-08-15T21:17:35.590+05:30 DEBUG 10736 --- [nio-8080-exec-5] org.hibernate.SQL                        : select ec1_0.id,ec1_0.amount,ec1_0.category,ec1_0.created_at,ec1_0.currency,ec1_0.evidence,ec1_0.owner,ec1_0.severity,ec1_0.status,ec1_0.title,ec1_0.updated_at from exception_cases ec1_0 order by ec1_0.created_at desc
2026-08-15T21:17:35.584+05:30 DEBUG 10736 --- [nio-8080-exec-8] s.w.s.m.m.a.RequestMappingHandlerMapping : Mapped to com.finclear.api.AccountController#all(Authentication)
2026-08-15T21:17:35.584+05:30 DEBUG 10736 --- [nio-8080-exec-4] s.w.s.m.m.a.RequestMappingHandlerMapping : Mapped to com.finclear.api.ControlCenterController#explain()
2026-08-15T21:17:35.584+05:30 DEBUG 10736 --- [nio-8080-exec-3] m.m.a.RequestResponseBodyMethodProcessor : Using 'application/json', given [*/*] and supported [application/json, application/*+json, application/yaml]
2026-08-15T21:17:35.586+05:30 DEBUG 10736 --- [nio-8080-exec-1] m.m.a.RequestResponseBodyMethodProcessor : Using 'application/json', given [*/*] and supported [application/json, application/*+json, application/yaml]
2026-08-15T21:17:35.590+05:30 DEBUG 10736 --- [nio-8080-exec-5] m.m.a.RequestResponseBodyMethodProcessor : Using 'application/json', given [*/*] and supported [application/json, application/*+json, application/yaml]
2026-08-15T21:17:35.590+05:30 DEBUG 10736 --- [nio-8080-exec-3] m.m.a.RequestResponseBodyMethodProcessor : Writing [[{owner=Nisha � Payments Ops, title=Gateway settlement missing for captured payments, id=d9ebf868-67 (truncated)...]
2026-08-15T21:17:35.590+05:30 DEBUG 10736 --- [nio-8080-exec-8] org.hibernate.SQL                        : select a1_0.id,a1_0.account_number,a1_0.available_balance,a1_0.created_at,a1_0.currency,a1_0.status,a1_0.user_id,a1_0.version from accounts a1_0
2026-08-15T21:17:35.591+05:30 DEBUG 10736 --- [nio-8080-exec-3] o.s.web.servlet.DispatcherServlet        : Completed 200 OK
2026-08-15T21:17:35.592+05:30 DEBUG 10736 --- [nio-8080-exec-8] m.m.a.RequestResponseBodyMethodProcessor : Using 'application/json', given [*/*] and supported [application/json, application/*+json, application/yaml]
2026-08-15T21:17:35.593+05:30 DEBUG 10736 --- [nio-8080-exec-8] m.m.a.RequestResponseBodyMethodProcessor : Writing [[{accountNumber=FC-100001, id=4e894728-ee87-4744-9b5e-e340a4d8741b, balance=1842680.0000, currency=I (truncated)...]
2026-08-15T21:17:35.591+05:30 DEBUG 10736 --- [nio-8080-exec-1] m.m.a.RequestResponseBodyMethodProcessor : Writing [[]]
2026-08-15T21:17:35.591+05:30 DEBUG 10736 --- [nio-8080-exec-5] m.m.a.RequestResponseBodyMethodProcessor : Writing [{exposure=629250.0000, openExceptions=3, availableBalance=2667600.0000, settlementHealth=ATTENTION,  (truncated)...]
2026-08-15T21:17:35.591+05:30 DEBUG 10736 --- [nio-8080-exec-4] org.hibernate.SQL                        : select ec1_0.id,ec1_0.amount,ec1_0.category,ec1_0.created_at,ec1_0.currency,ec1_0.evidence,ec1_0.owner,ec1_0.severity,ec1_0.status,ec1_0.title,ec1_0.updated_at from exception_cases ec1_0 order by ec1_0.created_at desc
2026-08-15T21:17:35.594+05:30 DEBUG 10736 --- [nio-8080-exec-8] o.s.web.servlet.DispatcherServlet        : Completed 200 OK
2026-08-15T21:17:35.596+05:30 DEBUG 10736 --- [nio-8080-exec-1] o.s.web.servlet.DispatcherServlet        : Completed 200 OK
2026-08-15T21:17:35.596+05:30 DEBUG 10736 --- [nio-8080-exec-5] o.s.web.servlet.DispatcherServlet        : Completed 200 OK
2026-08-15T21:17:35.597+05:30 DEBUG 10736 --- [nio-8080-exec-4] m.m.a.RequestResponseBodyMethodProcessor : Using 'application/json', given [*/*] and supported [application/json, application/*+json, application/yaml]
2026-08-15T21:17:35.598+05:30 DEBUG 10736 --- [nio-8080-exec-4] m.m.a.RequestResponseBodyMethodProcessor : Writing [{summary=3 exceptions account for 629250.00 INR of operational exposure., headline=Money needs atten (truncated)...]
2026-08-15T21:17:35.599+05:30 DEBUG 10736 --- [nio-8080-exec-4] o.s.web.servlet.DispatcherServlet        : Completed 200 OK
2026-08-15T21:17:40.550+05:30 DEBUG 10736 --- [io-8080-exec-10] o.s.web.servlet.DispatcherServlet        : GET "/api/v1/control/overview", parameters={}
2026-08-15T21:17:40.552+05:30 DEBUG 10736 --- [io-8080-exec-10] s.w.s.m.m.a.RequestMappingHandlerMapping : Mapped to com.finclear.api.ControlCenterController#overview()
2026-08-15T21:17:40.552+05:30 DEBUG 10736 --- [nio-8080-exec-7] o.s.web.servlet.DispatcherServlet        : GET "/api/v1/control/exceptions", parameters={}
2026-08-15T21:17:40.552+05:30 DEBUG 10736 --- [nio-8080-exec-3] o.s.web.servlet.DispatcherServlet        : GET "/api/v1/payments", parameters={}
2026-08-15T21:17:40.552+05:30 DEBUG 10736 --- [nio-8080-exec-7] s.w.s.m.m.a.RequestMappingHandlerMapping : Mapped to com.finclear.api.ControlCenterController#cases()
2026-08-15T21:17:40.552+05:30 DEBUG 10736 --- [nio-8080-exec-3] s.w.s.m.m.a.RequestMappingHandlerMapping : Mapped to com.finclear.api.PaymentController#latest()
2026-08-15T21:17:40.554+05:30 DEBUG 10736 --- [nio-8080-exec-7] org.hibernate.SQL                        : select ec1_0.id,ec1_0.amount,ec1_0.category,ec1_0.created_at,ec1_0.currency,ec1_0.evidence,ec1_0.owner,ec1_0.severity,ec1_0.status,ec1_0.title,ec1_0.updated_at from exception_cases ec1_0 order by ec1_0.created_at desc
2026-08-15T21:17:40.552+05:30 DEBUG 10736 --- [io-8080-exec-10] org.hibernate.SQL                        : select p1_0.id,p1_0.amount,p1_0.created_at,p1_0.currency,p1_0.idempotency_key,p1_0.merchant,p1_0.payer_account_id,p1_0.status,p1_0.updated_at from payments p1_0 order by p1_0.created_at desc fetch first ? rows only
2026-08-15T21:17:40.555+05:30 DEBUG 10736 --- [nio-8080-exec-3] org.hibernate.SQL                        : select p1_0.id,p1_0.amount,p1_0.created_at,p1_0.currency,p1_0.idempotency_key,p1_0.merchant,p1_0.payer_account_id,p1_0.status,p1_0.updated_at from payments p1_0 order by p1_0.created_at desc fetch first ? rows only
2026-08-15T21:17:40.556+05:30 DEBUG 10736 --- [io-8080-exec-10] org.hibernate.SQL                        : select a1_0.id,a1_0.account_number,a1_0.available_balance,a1_0.created_at,a1_0.currency,a1_0.status,a1_0.user_id,a1_0.version from accounts a1_0
2026-08-15T21:17:40.555+05:30 DEBUG 10736 --- [nio-8080-exec-7] m.m.a.RequestResponseBodyMethodProcessor : Using 'application/json', given [*/*] and supported [application/json, application/*+json, application/yaml]
2026-08-15T21:17:40.556+05:30 DEBUG 10736 --- [io-8080-exec-10] org.hibernate.SQL                        : select ec1_0.id,ec1_0.amount,ec1_0.category,ec1_0.created_at,ec1_0.currency,ec1_0.evidence,ec1_0.owner,ec1_0.severity,ec1_0.status,ec1_0.title,ec1_0.updated_at from exception_cases ec1_0 order by ec1_0.created_at desc
2026-08-15T21:17:40.558+05:30 DEBUG 10736 --- [nio-8080-exec-1] o.s.web.servlet.DispatcherServlet        : GET "/api/v1/accounts", parameters={}
2026-08-15T21:17:40.556+05:30 DEBUG 10736 --- [nio-8080-exec-3] m.m.a.RequestResponseBodyMethodProcessor : Using 'application/json', given [*/*] and supported [application/json, application/*+json, application/yaml]
2026-08-15T21:17:40.558+05:30 DEBUG 10736 --- [nio-8080-exec-1] s.w.s.m.m.a.RequestMappingHandlerMapping : Mapped to com.finclear.api.AccountController#all(Authentication)
2026-08-15T21:17:40.556+05:30 DEBUG 10736 --- [nio-8080-exec-7] m.m.a.RequestResponseBodyMethodProcessor : Writing [[{owner=Nisha � Payments Ops, title=Gateway settlement missing for captured payments, id=d9ebf868-67 (truncated)...]
2026-08-15T21:17:40.560+05:30 DEBUG 10736 --- [nio-8080-exec-1] org.hibernate.SQL                        : select a1_0.id,a1_0.account_number,a1_0.available_balance,a1_0.created_at,a1_0.currency,a1_0.status,a1_0.user_id,a1_0.version from accounts a1_0
2026-08-15T21:17:40.558+05:30 DEBUG 10736 --- [nio-8080-exec-4] o.s.web.servlet.DispatcherServlet        : GET "/api/v1/control/explain", parameters={}
2026-08-15T21:17:40.558+05:30 DEBUG 10736 --- [io-8080-exec-10] m.m.a.RequestResponseBodyMethodProcessor : Using 'application/json', given [*/*] and supported [application/json, application/*+json, application/yaml]
2026-08-15T21:17:40.558+05:30 DEBUG 10736 --- [nio-8080-exec-3] m.m.a.RequestResponseBodyMethodProcessor : Writing [[]]
2026-08-15T21:17:40.560+05:30 DEBUG 10736 --- [nio-8080-exec-7] o.s.web.servlet.DispatcherServlet        : Completed 200 OK
2026-08-15T21:17:40.561+05:30 DEBUG 10736 --- [nio-8080-exec-3] o.s.web.servlet.DispatcherServlet        : Completed 200 OK
2026-08-15T21:17:40.560+05:30 DEBUG 10736 --- [nio-8080-exec-4] s.w.s.m.m.a.RequestMappingHandlerMapping : Mapped to com.finclear.api.ControlCenterController#explain()
2026-08-15T21:17:40.560+05:30 DEBUG 10736 --- [io-8080-exec-10] m.m.a.RequestResponseBodyMethodProcessor : Writing [{exposure=629250.0000, openExceptions=3, availableBalance=2667600.0000, settlementHealth=ATTENTION,  (truncated)...]
2026-08-15T21:17:40.561+05:30 DEBUG 10736 --- [nio-8080-exec-1] m.m.a.RequestResponseBodyMethodProcessor : Using 'application/json', given [*/*] and supported [application/json, application/*+json, application/yaml]
2026-08-15T21:17:40.562+05:30 DEBUG 10736 --- [nio-8080-exec-4] org.hibernate.SQL                        : select ec1_0.id,ec1_0.amount,ec1_0.category,ec1_0.created_at,ec1_0.currency,ec1_0.evidence,ec1_0.owner,ec1_0.severity,ec1_0.status,ec1_0.title,ec1_0.updated_at from exception_cases ec1_0 order by ec1_0.created_at desc
2026-08-15T21:17:40.563+05:30 DEBUG 10736 --- [io-8080-exec-10] o.s.web.servlet.DispatcherServlet        : Completed 200 OK
2026-08-15T21:17:40.562+05:30 DEBUG 10736 --- [nio-8080-exec-1] m.m.a.RequestResponseBodyMethodProcessor : Writing [[{accountNumber=FC-100001, id=4e894728-ee87-4744-9b5e-e340a4d8741b, balance=1842680.0000, currency=I (truncated)...]
2026-08-15T21:17:40.564+05:30 DEBUG 10736 --- [nio-8080-exec-4] m.m.a.RequestResponseBodyMethodProcessor : Using 'application/json', given [*/*] and supported [application/json, application/*+json, application/yaml]
2026-08-15T21:17:40.564+05:30 DEBUG 10736 --- [nio-8080-exec-1] o.s.web.servlet.DispatcherServlet        : Completed 200 OK
2026-08-15T21:17:40.564+05:30 DEBUG 10736 --- [nio-8080-exec-4] m.m.a.RequestResponseBodyMethodProcessor : Writing [{summary=3 exceptions account for 629250.00 INR of operational exposure., headline=Money needs atten (truncated)...]
2026-08-15T21:17:40.564+05:30 DEBUG 10736 --- [nio-8080-exec-4] o.s.web.servlet.DispatcherServlet        : Completed 200 OK
2026-08-15T21:17:45.582+05:30 DEBUG 10736 --- [io-8080-exec-10] o.s.web.servlet.DispatcherServlet        : GET "/api/v1/control/overview", parameters={}
2026-08-15T21:17:45.584+05:30 DEBUG 10736 --- [nio-8080-exec-1] o.s.web.servlet.DispatcherServlet        : GET "/api/v1/payments", parameters={}
2026-08-15T21:17:45.591+05:30 DEBUG 10736 --- [nio-8080-exec-1] s.w.s.m.m.a.RequestMappingHandlerMapping : Mapped to com.finclear.api.PaymentController#latest()
2026-08-15T21:17:45.590+05:30 DEBUG 10736 --- [nio-8080-exec-6] o.s.web.servlet.DispatcherServlet        : GET "/api/v1/accounts", parameters={}
2026-08-15T21:17:45.593+05:30 DEBUG 10736 --- [nio-8080-exec-6] s.w.s.m.m.a.RequestMappingHandlerMapping : Mapped to com.finclear.api.AccountController#all(Authentication)
2026-08-15T21:17:45.590+05:30 DEBUG 10736 --- [nio-8080-exec-9] o.s.web.servlet.DispatcherServlet        : GET "/api/v1/control/exceptions", parameters={}
2026-08-15T21:17:45.591+05:30 DEBUG 10736 --- [nio-8080-exec-5] o.s.web.servlet.DispatcherServlet        : GET "/api/v1/control/explain", parameters={}
2026-08-15T21:17:45.591+05:30 DEBUG 10736 --- [io-8080-exec-10] s.w.s.m.m.a.RequestMappingHandlerMapping : Mapped to com.finclear.api.ControlCenterController#overview()
2026-08-15T21:17:45.593+05:30 DEBUG 10736 --- [nio-8080-exec-1] org.hibernate.SQL                        : select p1_0.id,p1_0.amount,p1_0.created_at,p1_0.currency,p1_0.idempotency_key,p1_0.merchant,p1_0.payer_account_id,p1_0.status,p1_0.updated_at from payments p1_0 order by p1_0.created_at desc fetch first ? rows only
2026-08-15T21:17:45.595+05:30 DEBUG 10736 --- [nio-8080-exec-6] org.hibernate.SQL                        : select a1_0.id,a1_0.account_number,a1_0.available_balance,a1_0.created_at,a1_0.currency,a1_0.status,a1_0.user_id,a1_0.version from accounts a1_0
2026-08-15T21:17:45.595+05:30 DEBUG 10736 --- [nio-8080-exec-9] s.w.s.m.m.a.RequestMappingHandlerMapping : Mapped to com.finclear.api.ControlCenterController#cases()
2026-08-15T21:17:45.595+05:30 DEBUG 10736 --- [nio-8080-exec-5] s.w.s.m.m.a.RequestMappingHandlerMapping : Mapped to com.finclear.api.ControlCenterController#explain()
2026-08-15T21:17:45.599+05:30 DEBUG 10736 --- [nio-8080-exec-6] m.m.a.RequestResponseBodyMethodProcessor : Using 'application/json', given [*/*] and supported [application/json, application/*+json, application/yaml]
2026-08-15T21:17:45.597+05:30 DEBUG 10736 --- [io-8080-exec-10] org.hibernate.SQL                        : select p1_0.id,p1_0.amount,p1_0.created_at,p1_0.currency,p1_0.idempotency_key,p1_0.merchant,p1_0.payer_account_id,p1_0.status,p1_0.updated_at from payments p1_0 order by p1_0.created_at desc fetch first ? rows only
2026-08-15T21:17:45.597+05:30 DEBUG 10736 --- [nio-8080-exec-1] m.m.a.RequestResponseBodyMethodProcessor : Using 'application/json', given [*/*] and supported [application/json, application/*+json, application/yaml]
2026-08-15T21:17:45.599+05:30 DEBUG 10736 --- [nio-8080-exec-1] m.m.a.RequestResponseBodyMethodProcessor : Writing [[]]
2026-08-15T21:17:45.599+05:30 DEBUG 10736 --- [nio-8080-exec-9] org.hibernate.SQL                        : select ec1_0.id,ec1_0.amount,ec1_0.category,ec1_0.created_at,ec1_0.currency,ec1_0.evidence,ec1_0.owner,ec1_0.severity,ec1_0.status,ec1_0.title,ec1_0.updated_at from exception_cases ec1_0 order by ec1_0.created_at desc
2026-08-15T21:17:45.599+05:30 DEBUG 10736 --- [nio-8080-exec-5] org.hibernate.SQL                        : select ec1_0.id,ec1_0.amount,ec1_0.category,ec1_0.created_at,ec1_0.currency,ec1_0.evidence,ec1_0.owner,ec1_0.severity,ec1_0.status,ec1_0.title,ec1_0.updated_at from exception_cases ec1_0 order by ec1_0.created_at desc
2026-08-15T21:17:45.602+05:30 DEBUG 10736 --- [nio-8080-exec-9] m.m.a.RequestResponseBodyMethodProcessor : Using 'application/json', given [*/*] and supported [application/json, application/*+json, application/yaml]
2026-08-15T21:17:45.602+05:30 DEBUG 10736 --- [nio-8080-exec-9] m.m.a.RequestResponseBodyMethodProcessor : Writing [[{owner=Nisha � Payments Ops, title=Gateway settlement missing for captured payments, id=d9ebf868-67 (truncated)...]
2026-08-15T21:17:45.599+05:30 DEBUG 10736 --- [nio-8080-exec-6] m.m.a.RequestResponseBodyMethodProcessor : Writing [[{accountNumber=FC-100001, id=4e894728-ee87-4744-9b5e-e340a4d8741b, balance=1842680.0000, currency=I (truncated)...]
2026-08-15T21:17:45.604+05:30 DEBUG 10736 --- [nio-8080-exec-9] o.s.web.servlet.DispatcherServlet        : Completed 200 OK
2026-08-15T21:17:45.601+05:30 DEBUG 10736 --- [io-8080-exec-10] org.hibernate.SQL                        : select a1_0.id,a1_0.account_number,a1_0.available_balance,a1_0.created_at,a1_0.currency,a1_0.status,a1_0.user_id,a1_0.version from accounts a1_0
2026-08-15T21:17:45.601+05:30 DEBUG 10736 --- [nio-8080-exec-1] o.s.web.servlet.DispatcherServlet        : Completed 200 OK
2026-08-15T21:17:45.602+05:30 DEBUG 10736 --- [nio-8080-exec-5] m.m.a.RequestResponseBodyMethodProcessor : Using 'application/json', given [*/*] and supported [application/json, application/*+json, application/yaml]
2026-08-15T21:17:45.608+05:30 DEBUG 10736 --- [nio-8080-exec-5] m.m.a.RequestResponseBodyMethodProcessor : Writing [{summary=3 exceptions account for 629250.00 INR of operational exposure., headline=Money needs atten (truncated)...]
2026-08-15T21:17:45.605+05:30 DEBUG 10736 --- [nio-8080-exec-6] o.s.web.servlet.DispatcherServlet        : Completed 200 OK
2026-08-15T21:17:45.608+05:30 DEBUG 10736 --- [io-8080-exec-10] org.hibernate.SQL                        : select ec1_0.id,ec1_0.amount,ec1_0.category,ec1_0.created_at,ec1_0.currency,ec1_0.evidence,ec1_0.owner,ec1_0.severity,ec1_0.status,ec1_0.title,ec1_0.updated_at from exception_cases ec1_0 order by ec1_0.created_at desc
2026-08-15T21:17:45.609+05:30 DEBUG 10736 --- [nio-8080-exec-5] o.s.web.servlet.DispatcherServlet        : Completed 200 OK
2026-08-15T21:17:45.609+05:30 DEBUG 10736 --- [io-8080-exec-10] m.m.a.RequestResponseBodyMethodProcessor : Using 'application/json', given [*/*] and supported [application/json, application/*+json, application/yaml]
2026-08-15T21:17:45.611+05:30 DEBUG 10736 --- [io-8080-exec-10] m.m.a.RequestResponseBodyMethodProcessor : Writing [{exposure=629250.0000, openExceptions=3, availableBalance=2667600.0000, settlementHealth=ATTENTION,  (truncated)...]
2026-08-15T21:17:45.611+05:30 DEBUG 10736 --- [io-8080-exec-10] o.s.web.servlet.DispatcherServlet        : Completed 200 OK
2026-08-15T21:18:30.564+05:30 DEBUG 10736 --- [nio-8080-exec-9] o.s.web.servlet.DispatcherServlet        : GET "/api/v1/control/overview", parameters={}
2026-08-15T21:18:30.565+05:30 DEBUG 10736 --- [nio-8080-exec-4] o.s.web.servlet.DispatcherServlet        : GET "/api/v1/control/exceptions", parameters={}
2026-08-15T21:18:30.571+05:30 DEBUG 10736 --- [nio-8080-exec-4] s.w.s.m.m.a.RequestMappingHandlerMapping : Mapped to com.finclear.api.ControlCenterController#cases()
2026-08-15T21:18:30.568+05:30 DEBUG 10736 --- [nio-8080-exec-6] o.s.web.servlet.DispatcherServlet        : GET "/api/v1/payments", parameters={}
2026-08-15T21:18:30.568+05:30 DEBUG 10736 --- [nio-8080-exec-5] o.s.web.servlet.DispatcherServlet        : GET "/api/v1/control/explain", parameters={}
2026-08-15T21:18:30.568+05:30 DEBUG 10736 --- [io-8080-exec-10] o.s.web.servlet.DispatcherServlet        : GET "/api/v1/accounts", parameters={}
2026-08-15T21:18:30.571+05:30 DEBUG 10736 --- [nio-8080-exec-9] s.w.s.m.m.a.RequestMappingHandlerMapping : Mapped to com.finclear.api.ControlCenterController#overview()
2026-08-15T21:18:30.573+05:30 DEBUG 10736 --- [nio-8080-exec-4] org.hibernate.SQL                        : select ec1_0.id,ec1_0.amount,ec1_0.category,ec1_0.created_at,ec1_0.currency,ec1_0.evidence,ec1_0.owner,ec1_0.severity,ec1_0.status,ec1_0.title,ec1_0.updated_at from exception_cases ec1_0 order by ec1_0.created_at desc
2026-08-15T21:18:30.573+05:30 DEBUG 10736 --- [nio-8080-exec-5] s.w.s.m.m.a.RequestMappingHandlerMapping : Mapped to com.finclear.api.ControlCenterController#explain()
2026-08-15T21:18:30.573+05:30 DEBUG 10736 --- [nio-8080-exec-6] s.w.s.m.m.a.RequestMappingHandlerMapping : Mapped to com.finclear.api.PaymentController#latest()
2026-08-15T21:18:30.573+05:30 DEBUG 10736 --- [io-8080-exec-10] s.w.s.m.m.a.RequestMappingHandlerMapping : Mapped to com.finclear.api.AccountController#all(Authentication)
2026-08-15T21:18:30.574+05:30 DEBUG 10736 --- [nio-8080-exec-9] org.hibernate.SQL                        : select p1_0.id,p1_0.amount,p1_0.created_at,p1_0.currency,p1_0.idempotency_key,p1_0.merchant,p1_0.payer_account_id,p1_0.status,p1_0.updated_at from payments p1_0 order by p1_0.created_at desc fetch first ? rows only
2026-08-15T21:18:30.575+05:30 DEBUG 10736 --- [nio-8080-exec-4] m.m.a.RequestResponseBodyMethodProcessor : Using 'application/json', given [*/*] and supported [application/json, application/*+json, application/yaml]
2026-08-15T21:18:30.575+05:30 DEBUG 10736 --- [nio-8080-exec-5] org.hibernate.SQL                        : select ec1_0.id,ec1_0.amount,ec1_0.category,ec1_0.created_at,ec1_0.currency,ec1_0.evidence,ec1_0.owner,ec1_0.severity,ec1_0.status,ec1_0.title,ec1_0.updated_at from exception_cases ec1_0 order by ec1_0.created_at desc
2026-08-15T21:18:30.576+05:30 DEBUG 10736 --- [nio-8080-exec-6] org.hibernate.SQL                        : select p1_0.id,p1_0.amount,p1_0.created_at,p1_0.currency,p1_0.idempotency_key,p1_0.merchant,p1_0.payer_account_id,p1_0.status,p1_0.updated_at from payments p1_0 order by p1_0.created_at desc fetch first ? rows only
2026-08-15T21:18:30.576+05:30 DEBUG 10736 --- [io-8080-exec-10] org.hibernate.SQL                        : select a1_0.id,a1_0.account_number,a1_0.available_balance,a1_0.created_at,a1_0.currency,a1_0.status,a1_0.user_id,a1_0.version from accounts a1_0
2026-08-15T21:18:30.576+05:30 DEBUG 10736 --- [nio-8080-exec-4] m.m.a.RequestResponseBodyMethodProcessor : Writing [[{owner=Nisha � Payments Ops, title=Gateway settlement missing for captured payments, id=d9ebf868-67 (truncated)...]
2026-08-15T21:18:30.576+05:30 DEBUG 10736 --- [nio-8080-exec-9] org.hibernate.SQL                        : select a1_0.id,a1_0.account_number,a1_0.available_balance,a1_0.created_at,a1_0.currency,a1_0.status,a1_0.user_id,a1_0.version from accounts a1_0
2026-08-15T21:18:30.577+05:30 DEBUG 10736 --- [nio-8080-exec-5] m.m.a.RequestResponseBodyMethodProcessor : Using 'application/json', given [*/*] and supported [application/json, application/*+json, application/yaml]
2026-08-15T21:18:30.577+05:30 DEBUG 10736 --- [nio-8080-exec-6] m.m.a.RequestResponseBodyMethodProcessor : Using 'application/json', given [*/*] and supported [application/json, application/*+json, application/yaml]
2026-08-15T21:18:30.577+05:30 DEBUG 10736 --- [io-8080-exec-10] m.m.a.RequestResponseBodyMethodProcessor : Using 'application/json', given [*/*] and supported [application/json, application/*+json, application/yaml]
2026-08-15T21:18:30.578+05:30 DEBUG 10736 --- [nio-8080-exec-4] o.s.web.servlet.DispatcherServlet        : Completed 200 OK
2026-08-15T21:18:30.578+05:30 DEBUG 10736 --- [nio-8080-exec-5] m.m.a.RequestResponseBodyMethodProcessor : Writing [{summary=3 exceptions account for 629250.00 INR of operational exposure., headline=Money needs atten (truncated)...]
2026-08-15T21:18:30.578+05:30 DEBUG 10736 --- [nio-8080-exec-9] org.hibernate.SQL                        : select ec1_0.id,ec1_0.amount,ec1_0.category,ec1_0.created_at,ec1_0.currency,ec1_0.evidence,ec1_0.owner,ec1_0.severity,ec1_0.status,ec1_0.title,ec1_0.updated_at from exception_cases ec1_0 order by ec1_0.created_at desc
2026-08-15T21:18:30.578+05:30 DEBUG 10736 --- [nio-8080-exec-6] m.m.a.RequestResponseBodyMethodProcessor : Writing [[]]
2026-08-15T21:18:30.578+05:30 DEBUG 10736 --- [io-8080-exec-10] m.m.a.RequestResponseBodyMethodProcessor : Writing [[{accountNumber=FC-100001, id=4e894728-ee87-4744-9b5e-e340a4d8741b, balance=1842680.0000, currency=I (truncated)...]
2026-08-15T21:18:30.580+05:30 DEBUG 10736 --- [nio-8080-exec-9] m.m.a.RequestResponseBodyMethodProcessor : Using 'application/json', given [*/*] and supported [application/json, application/*+json, application/yaml]
2026-08-15T21:18:30.579+05:30 DEBUG 10736 --- [nio-8080-exec-5] o.s.web.servlet.DispatcherServlet        : Completed 200 OK
2026-08-15T21:18:30.580+05:30 DEBUG 10736 --- [nio-8080-exec-6] o.s.web.servlet.DispatcherServlet        : Completed 200 OK
2026-08-15T21:18:30.580+05:30 DEBUG 10736 --- [io-8080-exec-10] o.s.web.servlet.DispatcherServlet        : Completed 200 OK
2026-08-15T21:18:30.580+05:30 DEBUG 10736 --- [nio-8080-exec-9] m.m.a.RequestResponseBodyMethodProcessor : Writing [{exposure=629250.0000, openExceptions=3, availableBalance=2667600.0000, settlementHealth=ATTENTION,  (truncated)...]
2026-08-15T21:18:30.582+05:30 DEBUG 10736 --- [nio-8080-exec-9] o.s.web.servlet.DispatcherServlet        : Completed 200 OK
2026-08-15T21:19:22.354+05:30 DEBUG 10736 --- [nio-8080-exec-2] o.s.web.servlet.DispatcherServlet        : GET "/api/v1/control/overview", parameters={}
2026-08-15T21:19:22.354+05:30 DEBUG 10736 --- [nio-8080-exec-2] s.w.s.m.m.a.RequestMappingHandlerMapping : Mapped to com.finclear.api.ControlCenterController#overview()
2026-08-15T21:19:22.361+05:30 DEBUG 10736 --- [nio-8080-exec-2] org.hibernate.SQL                        : select p1_0.id,p1_0.amount,p1_0.created_at,p1_0.currency,p1_0.idempotency_key,p1_0.merchant,p1_0.payer_account_id,p1_0.status,p1_0.updated_at from payments p1_0 order by p1_0.created_at desc fetch first ? rows only
2026-08-15T21:19:22.363+05:30 DEBUG 10736 --- [nio-8080-exec-3] o.s.web.servlet.DispatcherServlet        : GET "/api/v1/control/exceptions", parameters={}
2026-08-15T21:19:22.363+05:30 DEBUG 10736 --- [nio-8080-exec-1] o.s.web.servlet.DispatcherServlet        : GET "/api/v1/control/explain", parameters={}
2026-08-15T21:19:22.363+05:30 DEBUG 10736 --- [nio-8080-exec-1] s.w.s.m.m.a.RequestMappingHandlerMapping : Mapped to com.finclear.api.ControlCenterController#explain()
2026-08-15T21:19:22.363+05:30 DEBUG 10736 --- [nio-8080-exec-7] o.s.web.servlet.DispatcherServlet        : GET "/api/v1/payments", parameters={}
2026-08-15T21:19:22.363+05:30 DEBUG 10736 --- [nio-8080-exec-8] o.s.web.servlet.DispatcherServlet        : GET "/api/v1/accounts", parameters={}
2026-08-15T21:19:22.363+05:30 DEBUG 10736 --- [nio-8080-exec-3] s.w.s.m.m.a.RequestMappingHandlerMapping : Mapped to com.finclear.api.ControlCenterController#cases()
2026-08-15T21:19:22.363+05:30 DEBUG 10736 --- [nio-8080-exec-2] org.hibernate.SQL                        : select a1_0.id,a1_0.account_number,a1_0.available_balance,a1_0.created_at,a1_0.currency,a1_0.status,a1_0.user_id,a1_0.version from accounts a1_0
2026-08-15T21:19:22.366+05:30 DEBUG 10736 --- [nio-8080-exec-7] s.w.s.m.m.a.RequestMappingHandlerMapping : Mapped to com.finclear.api.PaymentController#latest()
2026-08-15T21:19:22.368+05:30 DEBUG 10736 --- [nio-8080-exec-3] org.hibernate.SQL                        : select ec1_0.id,ec1_0.amount,ec1_0.category,ec1_0.created_at,ec1_0.currency,ec1_0.evidence,ec1_0.owner,ec1_0.severity,ec1_0.status,ec1_0.title,ec1_0.updated_at from exception_cases ec1_0 order by ec1_0.created_at desc
2026-08-15T21:19:22.366+05:30 DEBUG 10736 --- [nio-8080-exec-8] s.w.s.m.m.a.RequestMappingHandlerMapping : Mapped to com.finclear.api.AccountController#all(Authentication)
2026-08-15T21:19:22.367+05:30 DEBUG 10736 --- [nio-8080-exec-1] org.hibernate.SQL                        : select ec1_0.id,ec1_0.amount,ec1_0.category,ec1_0.created_at,ec1_0.currency,ec1_0.evidence,ec1_0.owner,ec1_0.severity,ec1_0.status,ec1_0.title,ec1_0.updated_at from exception_cases ec1_0 order by ec1_0.created_at desc
2026-08-15T21:19:22.368+05:30 DEBUG 10736 --- [nio-8080-exec-2] org.hibernate.SQL                        : select ec1_0.id,ec1_0.amount,ec1_0.category,ec1_0.created_at,ec1_0.currency,ec1_0.evidence,ec1_0.owner,ec1_0.severity,ec1_0.status,ec1_0.title,ec1_0.updated_at from exception_cases ec1_0 order by ec1_0.created_at desc
2026-08-15T21:19:22.368+05:30 DEBUG 10736 --- [nio-8080-exec-7] org.hibernate.SQL                        : select p1_0.id,p1_0.amount,p1_0.created_at,p1_0.currency,p1_0.idempotency_key,p1_0.merchant,p1_0.payer_account_id,p1_0.status,p1_0.updated_at from payments p1_0 order by p1_0.created_at desc fetch first ? rows only
2026-08-15T21:19:22.372+05:30 DEBUG 10736 --- [nio-8080-exec-2] m.m.a.RequestResponseBodyMethodProcessor : Using 'application/json', given [*/*] and supported [application/json, application/*+json, application/yaml]
2026-08-15T21:19:22.370+05:30 DEBUG 10736 --- [nio-8080-exec-3] m.m.a.RequestResponseBodyMethodProcessor : Using 'application/json', given [*/*] and supported [application/json, application/*+json, application/yaml]
2026-08-15T21:19:22.371+05:30 DEBUG 10736 --- [nio-8080-exec-8] org.hibernate.SQL                        : select a1_0.id,a1_0.account_number,a1_0.available_balance,a1_0.created_at,a1_0.currency,a1_0.status,a1_0.user_id,a1_0.version from accounts a1_0
2026-08-15T21:19:22.371+05:30 DEBUG 10736 --- [nio-8080-exec-1] m.m.a.RequestResponseBodyMethodProcessor : Using 'application/json', given [*/*] and supported [application/json, application/*+json, application/yaml]
2026-08-15T21:19:22.372+05:30 DEBUG 10736 --- [nio-8080-exec-2] m.m.a.RequestResponseBodyMethodProcessor : Writing [{exposure=629250.0000, openExceptions=3, availableBalance=2667600.0000, settlementHealth=ATTENTION,  (truncated)...]
2026-08-15T21:19:22.373+05:30 DEBUG 10736 --- [nio-8080-exec-7] m.m.a.RequestResponseBodyMethodProcessor : Using 'application/json', given [*/*] and supported [application/json, application/*+json, application/yaml]
2026-08-15T21:19:22.374+05:30 DEBUG 10736 --- [nio-8080-exec-8] m.m.a.RequestResponseBodyMethodProcessor : Using 'application/json', given [*/*] and supported [application/json, application/*+json, application/yaml]
2026-08-15T21:19:22.374+05:30 DEBUG 10736 --- [nio-8080-exec-3] m.m.a.RequestResponseBodyMethodProcessor : Writing [[{owner=Nisha � Payments Ops, title=Gateway settlement missing for captured payments, id=d9ebf868-67 (truncated)...]
2026-08-15T21:19:22.374+05:30 DEBUG 10736 --- [nio-8080-exec-1] m.m.a.RequestResponseBodyMethodProcessor : Writing [{summary=3 exceptions account for 629250.00 INR of operational exposure., headline=Money needs atten (truncated)...]
2026-08-15T21:19:22.374+05:30 DEBUG 10736 --- [nio-8080-exec-7] m.m.a.RequestResponseBodyMethodProcessor : Writing [[]]
2026-08-15T21:19:22.374+05:30 DEBUG 10736 --- [nio-8080-exec-2] o.s.web.servlet.DispatcherServlet        : Completed 200 OK
2026-08-15T21:19:22.374+05:30 DEBUG 10736 --- [nio-8080-exec-8] m.m.a.RequestResponseBodyMethodProcessor : Writing [[{accountNumber=FC-100001, id=4e894728-ee87-4744-9b5e-e340a4d8741b, balance=1842680.0000, currency=I (truncated)...]
2026-08-15T21:19:22.379+05:30 DEBUG 10736 --- [nio-8080-exec-3] o.s.web.servlet.DispatcherServlet        : Completed 200 OK
2026-08-15T21:19:22.379+05:30 DEBUG 10736 --- [nio-8080-exec-7] o.s.web.servlet.DispatcherServlet        : Completed 200 OK
2026-08-15T21:19:22.379+05:30 DEBUG 10736 --- [nio-8080-exec-1] o.s.web.servlet.DispatcherServlet        : Completed 200 OK
2026-08-15T21:19:22.379+05:30 DEBUG 10736 --- [nio-8080-exec-8] o.s.web.servlet.DispatcherServlet        : Completed 200 OK
2026-08-15T21:19:24.918+05:30 DEBUG 10736 --- [nio-8080-exec-4] o.s.web.servlet.DispatcherServlet        : GET "/api/v1/control/overview", parameters={}
2026-08-15T21:19:24.918+05:30 DEBUG 10736 --- [nio-8080-exec-4] s.w.s.m.m.a.RequestMappingHandlerMapping : Mapped to com.finclear.api.ControlCenterController#overview()
2026-08-15T21:19:24.921+05:30 DEBUG 10736 --- [io-8080-exec-10] o.s.web.servlet.DispatcherServlet        : GET "/api/v1/accounts", parameters={}
2026-08-15T21:19:24.921+05:30 DEBUG 10736 --- [nio-8080-exec-6] o.s.web.servlet.DispatcherServlet        : GET "/api/v1/payments", parameters={}
2026-08-15T21:19:24.921+05:30 DEBUG 10736 --- [nio-8080-exec-5] o.s.web.servlet.DispatcherServlet        : GET "/api/v1/control/exceptions", parameters={}
2026-08-15T21:19:24.921+05:30 DEBUG 10736 --- [nio-8080-exec-9] o.s.web.servlet.DispatcherServlet        : GET "/api/v1/control/explain", parameters={}
2026-08-15T21:19:24.923+05:30 DEBUG 10736 --- [nio-8080-exec-4] org.hibernate.SQL                        : select p1_0.id,p1_0.amount,p1_0.created_at,p1_0.currency,p1_0.idempotency_key,p1_0.merchant,p1_0.payer_account_id,p1_0.status,p1_0.updated_at from payments p1_0 order by p1_0.created_at desc fetch first ? rows only
2026-08-15T21:19:24.923+05:30 DEBUG 10736 --- [io-8080-exec-10] s.w.s.m.m.a.RequestMappingHandlerMapping : Mapped to com.finclear.api.AccountController#all(Authentication)
2026-08-15T21:19:24.923+05:30 DEBUG 10736 --- [nio-8080-exec-6] s.w.s.m.m.a.RequestMappingHandlerMapping : Mapped to com.finclear.api.PaymentController#latest()
2026-08-15T21:19:24.923+05:30 DEBUG 10736 --- [nio-8080-exec-5] s.w.s.m.m.a.RequestMappingHandlerMapping : Mapped to com.finclear.api.ControlCenterController#cases()
2026-08-15T21:19:24.923+05:30 DEBUG 10736 --- [nio-8080-exec-9] s.w.s.m.m.a.RequestMappingHandlerMapping : Mapped to com.finclear.api.ControlCenterController#explain()
2026-08-15T21:19:24.928+05:30 DEBUG 10736 --- [io-8080-exec-10] org.hibernate.SQL                        : select a1_0.id,a1_0.account_number,a1_0.available_balance,a1_0.created_at,a1_0.currency,a1_0.status,a1_0.user_id,a1_0.version from accounts a1_0
2026-08-15T21:19:24.928+05:30 DEBUG 10736 --- [nio-8080-exec-4] org.hibernate.SQL                        : select a1_0.id,a1_0.account_number,a1_0.available_balance,a1_0.created_at,a1_0.currency,a1_0.status,a1_0.user_id,a1_0.version from accounts a1_0
2026-08-15T21:19:24.928+05:30 DEBUG 10736 --- [nio-8080-exec-6] org.hibernate.SQL                        : select p1_0.id,p1_0.amount,p1_0.created_at,p1_0.currency,p1_0.idempotency_key,p1_0.merchant,p1_0.payer_account_id,p1_0.status,p1_0.updated_at from payments p1_0 order by p1_0.created_at desc fetch first ? rows only
2026-08-15T21:19:24.928+05:30 DEBUG 10736 --- [nio-8080-exec-5] org.hibernate.SQL                        : select ec1_0.id,ec1_0.amount,ec1_0.category,ec1_0.created_at,ec1_0.currency,ec1_0.evidence,ec1_0.owner,ec1_0.severity,ec1_0.status,ec1_0.title,ec1_0.updated_at from exception_cases ec1_0 order by ec1_0.created_at desc
2026-08-15T21:19:24.928+05:30 DEBUG 10736 --- [nio-8080-exec-9] org.hibernate.SQL                        : select ec1_0.id,ec1_0.amount,ec1_0.category,ec1_0.created_at,ec1_0.currency,ec1_0.evidence,ec1_0.owner,ec1_0.severity,ec1_0.status,ec1_0.title,ec1_0.updated_at from exception_cases ec1_0 order by ec1_0.created_at desc
2026-08-15T21:19:24.930+05:30 DEBUG 10736 --- [nio-8080-exec-5] m.m.a.RequestResponseBodyMethodProcessor : Using 'application/json', given [*/*] and supported [application/json, application/*+json, application/yaml]
2026-08-15T21:19:24.930+05:30 DEBUG 10736 --- [io-8080-exec-10] m.m.a.RequestResponseBodyMethodProcessor : Using 'application/json', given [*/*] and supported [application/json, application/*+json, application/yaml]
2026-08-15T21:19:24.930+05:30 DEBUG 10736 --- [nio-8080-exec-6] m.m.a.RequestResponseBodyMethodProcessor : Using 'application/json', given [*/*] and supported [application/json, application/*+json, application/yaml]
2026-08-15T21:19:24.930+05:30 DEBUG 10736 --- [nio-8080-exec-5] m.m.a.RequestResponseBodyMethodProcessor : Writing [[{owner=Nisha � Payments Ops, title=Gateway settlement missing for captured payments, id=d9ebf868-67 (truncated)...]
2026-08-15T21:19:24.930+05:30 DEBUG 10736 --- [nio-8080-exec-4] org.hibernate.SQL                        : select ec1_0.id,ec1_0.amount,ec1_0.category,ec1_0.created_at,ec1_0.currency,ec1_0.evidence,ec1_0.owner,ec1_0.severity,ec1_0.status,ec1_0.title,ec1_0.updated_at from exception_cases ec1_0 order by ec1_0.created_at desc
2026-08-15T21:19:24.930+05:30 DEBUG 10736 --- [nio-8080-exec-9] m.m.a.RequestResponseBodyMethodProcessor : Using 'application/json', given [*/*] and supported [application/json, application/*+json, application/yaml]
2026-08-15T21:19:24.930+05:30 DEBUG 10736 --- [io-8080-exec-10] m.m.a.RequestResponseBodyMethodProcessor : Writing [[{accountNumber=FC-100001, id=4e894728-ee87-4744-9b5e-e340a4d8741b, balance=1842680.0000, currency=I (truncated)...]
2026-08-15T21:19:24.930+05:30 DEBUG 10736 --- [nio-8080-exec-6] m.m.a.RequestResponseBodyMethodProcessor : Writing [[]]
2026-08-15T21:19:24.937+05:30 DEBUG 10736 --- [nio-8080-exec-9] m.m.a.RequestResponseBodyMethodProcessor : Writing [{summary=3 exceptions account for 629250.00 INR of operational exposure., headline=Money needs atten (truncated)...]
2026-08-15T21:19:24.937+05:30 DEBUG 10736 --- [nio-8080-exec-5] o.s.web.servlet.DispatcherServlet        : Completed 200 OK
2026-08-15T21:19:24.937+05:30 DEBUG 10736 --- [nio-8080-exec-4] m.m.a.RequestResponseBodyMethodProcessor : Using 'application/json', given [*/*] and supported [application/json, application/*+json, application/yaml]
2026-08-15T21:19:24.937+05:30 DEBUG 10736 --- [io-8080-exec-10] o.s.web.servlet.DispatcherServlet        : Completed 200 OK
2026-08-15T21:19:24.937+05:30 DEBUG 10736 --- [nio-8080-exec-6] o.s.web.servlet.DispatcherServlet        : Completed 200 OK
2026-08-15T21:19:24.937+05:30 DEBUG 10736 --- [nio-8080-exec-9] o.s.web.servlet.DispatcherServlet        : Completed 200 OK
2026-08-15T21:19:24.937+05:30 DEBUG 10736 --- [nio-8080-exec-4] m.m.a.RequestResponseBodyMethodProcessor : Writing [{exposure=629250.0000, openExceptions=3, availableBalance=2667600.0000, settlementHealth=ATTENTION,  (truncated)...]
2026-08-15T21:19:24.945+05:30 DEBUG 10736 --- [nio-8080-exec-4] o.s.web.servlet.DispatcherServlet        : Completed 200 OK
2026-08-15T21:19:30.563+05:30 DEBUG 10736 --- [nio-8080-exec-2] o.s.web.servlet.DispatcherServlet        : GET "/api/v1/control/overview", parameters={}
2026-08-15T21:19:30.571+05:30 DEBUG 10736 --- [nio-8080-exec-2] s.w.s.m.m.a.RequestMappingHandlerMapping : Mapped to com.finclear.api.ControlCenterController#overview()
2026-08-15T21:19:30.571+05:30 DEBUG 10736 --- [nio-8080-exec-7] o.s.web.servlet.DispatcherServlet        : GET "/api/v1/control/exceptions", parameters={}
2026-08-15T21:19:30.573+05:30 DEBUG 10736 --- [nio-8080-exec-5] o.s.web.servlet.DispatcherServlet        : GET "/api/v1/payments", parameters={}
2026-08-15T21:19:30.573+05:30 DEBUG 10736 --- [nio-8080-exec-7] s.w.s.m.m.a.RequestMappingHandlerMapping : Mapped to com.finclear.api.ControlCenterController#cases()
2026-08-15T21:19:30.573+05:30 DEBUG 10736 --- [nio-8080-exec-5] s.w.s.m.m.a.RequestMappingHandlerMapping : Mapped to com.finclear.api.PaymentController#latest()
2026-08-15T21:19:30.573+05:30 DEBUG 10736 --- [nio-8080-exec-2] org.hibernate.SQL                        : select p1_0.id,p1_0.amount,p1_0.created_at,p1_0.currency,p1_0.idempotency_key,p1_0.merchant,p1_0.payer_account_id,p1_0.status,p1_0.updated_at from payments p1_0 order by p1_0.created_at desc fetch first ? rows only
2026-08-15T21:19:30.573+05:30 DEBUG 10736 --- [nio-8080-exec-7] org.hibernate.SQL                        : select ec1_0.id,ec1_0.amount,ec1_0.category,ec1_0.created_at,ec1_0.currency,ec1_0.evidence,ec1_0.owner,ec1_0.severity,ec1_0.status,ec1_0.title,ec1_0.updated_at from exception_cases ec1_0 order by ec1_0.created_at desc
2026-08-15T21:19:30.573+05:30 DEBUG 10736 --- [nio-8080-exec-5] org.hibernate.SQL                        : select p1_0.id,p1_0.amount,p1_0.created_at,p1_0.currency,p1_0.idempotency_key,p1_0.merchant,p1_0.payer_account_id,p1_0.status,p1_0.updated_at from payments p1_0 order by p1_0.created_at desc fetch first ? rows only
2026-08-15T21:19:30.577+05:30 DEBUG 10736 --- [nio-8080-exec-9] o.s.web.servlet.DispatcherServlet        : GET "/api/v1/accounts", parameters={}
2026-08-15T21:19:30.577+05:30 DEBUG 10736 --- [nio-8080-exec-2] org.hibernate.SQL                        : select a1_0.id,a1_0.account_number,a1_0.available_balance,a1_0.created_at,a1_0.currency,a1_0.status,a1_0.user_id,a1_0.version from accounts a1_0
2026-08-15T21:19:30.577+05:30 DEBUG 10736 --- [nio-8080-exec-7] m.m.a.RequestResponseBodyMethodProcessor : Using 'application/json', given [*/*] and supported [application/json, application/*+json, application/yaml]
2026-08-15T21:19:30.577+05:30 DEBUG 10736 --- [nio-8080-exec-9] s.w.s.m.m.a.RequestMappingHandlerMapping : Mapped to com.finclear.api.AccountController#all(Authentication)
2026-08-15T21:19:30.577+05:30 DEBUG 10736 --- [nio-8080-exec-4] o.s.web.servlet.DispatcherServlet        : GET "/api/v1/control/explain", parameters={}
2026-08-15T21:19:30.577+05:30 DEBUG 10736 --- [nio-8080-exec-5] m.m.a.RequestResponseBodyMethodProcessor : Using 'application/json', given [*/*] and supported [application/json, application/*+json, application/yaml]
2026-08-15T21:19:30.577+05:30 DEBUG 10736 --- [nio-8080-exec-7] m.m.a.RequestResponseBodyMethodProcessor : Writing [[{owner=Nisha � Payments Ops, title=Gateway settlement missing for captured payments, id=d9ebf868-67 (truncated)...]
2026-08-15T21:19:30.577+05:30 DEBUG 10736 --- [nio-8080-exec-9] org.hibernate.SQL                        : select a1_0.id,a1_0.account_number,a1_0.available_balance,a1_0.created_at,a1_0.currency,a1_0.status,a1_0.user_id,a1_0.version from accounts a1_0
2026-08-15T21:19:30.577+05:30 DEBUG 10736 --- [nio-8080-exec-4] s.w.s.m.m.a.RequestMappingHandlerMapping : Mapped to com.finclear.api.ControlCenterController#explain()
2026-08-15T21:19:30.577+05:30 DEBUG 10736 --- [nio-8080-exec-7] o.s.web.servlet.DispatcherServlet        : Completed 200 OK
2026-08-15T21:19:30.577+05:30 DEBUG 10736 --- [nio-8080-exec-2] org.hibernate.SQL                        : select ec1_0.id,ec1_0.amount,ec1_0.category,ec1_0.created_at,ec1_0.currency,ec1_0.evidence,ec1_0.owner,ec1_0.severity,ec1_0.status,ec1_0.title,ec1_0.updated_at from exception_cases ec1_0 order by ec1_0.created_at desc
2026-08-15T21:19:30.577+05:30 DEBUG 10736 --- [nio-8080-exec-4] org.hibernate.SQL                        : select ec1_0.id,ec1_0.amount,ec1_0.category,ec1_0.created_at,ec1_0.currency,ec1_0.evidence,ec1_0.owner,ec1_0.severity,ec1_0.status,ec1_0.title,ec1_0.updated_at from exception_cases ec1_0 order by ec1_0.created_at desc
2026-08-15T21:19:30.577+05:30 DEBUG 10736 --- [nio-8080-exec-5] m.m.a.RequestResponseBodyMethodProcessor : Writing [[]]
2026-08-15T21:19:30.577+05:30 DEBUG 10736 --- [nio-8080-exec-9] m.m.a.RequestResponseBodyMethodProcessor : Using 'application/json', given [*/*] and supported [application/json, application/*+json, application/yaml]
2026-08-15T21:19:30.584+05:30 DEBUG 10736 --- [nio-8080-exec-2] m.m.a.RequestResponseBodyMethodProcessor : Using 'application/json', given [*/*] and supported [application/json, application/*+json, application/yaml]
2026-08-15T21:19:30.584+05:30 DEBUG 10736 --- [nio-8080-exec-4] m.m.a.RequestResponseBodyMethodProcessor : Using 'application/json', given [*/*] and supported [application/json, application/*+json, application/yaml]
2026-08-15T21:19:30.584+05:30 DEBUG 10736 --- [nio-8080-exec-5] o.s.web.servlet.DispatcherServlet        : Completed 200 OK
2026-08-15T21:19:30.584+05:30 DEBUG 10736 --- [nio-8080-exec-9] m.m.a.RequestResponseBodyMethodProcessor : Writing [[{accountNumber=FC-100001, id=4e894728-ee87-4744-9b5e-e340a4d8741b, balance=1842680.0000, currency=I (truncated)...]
2026-08-15T21:19:30.585+05:30 DEBUG 10736 --- [nio-8080-exec-2] m.m.a.RequestResponseBodyMethodProcessor : Writing [{exposure=629250.0000, openExceptions=3, availableBalance=2667600.0000, settlementHealth=ATTENTION,  (truncated)...]
2026-08-15T21:19:30.585+05:30 DEBUG 10736 --- [nio-8080-exec-4] m.m.a.RequestResponseBodyMethodProcessor : Writing [{summary=3 exceptions account for 629250.00 INR of operational exposure., headline=Money needs atten (truncated)...]
2026-08-15T21:19:30.588+05:30 DEBUG 10736 --- [nio-8080-exec-9] o.s.web.servlet.DispatcherServlet        : Completed 200 OK
2026-08-15T21:19:30.588+05:30 DEBUG 10736 --- [nio-8080-exec-2] o.s.web.servlet.DispatcherServlet        : Completed 200 OK
2026-08-15T21:19:30.588+05:30 DEBUG 10736 --- [nio-8080-exec-4] o.s.web.servlet.DispatcherServlet        : Completed 200 OK
2026-08-15T21:19:35.560+05:30 DEBUG 10736 --- [nio-8080-exec-7] o.s.web.servlet.DispatcherServlet        : GET "/api/v1/control/overview", parameters={}
2026-08-15T21:19:35.560+05:30 DEBUG 10736 --- [nio-8080-exec-5] o.s.web.servlet.DispatcherServlet        : GET "/api/v1/control/exceptions", parameters={}
2026-08-15T21:19:35.564+05:30 DEBUG 10736 --- [nio-8080-exec-9] o.s.web.servlet.DispatcherServlet        : GET "/api/v1/payments", parameters={}
2026-08-15T21:19:35.564+05:30 DEBUG 10736 --- [nio-8080-exec-4] o.s.web.servlet.DispatcherServlet        : GET "/api/v1/control/explain", parameters={}
2026-08-15T21:19:35.564+05:30 DEBUG 10736 --- [nio-8080-exec-2] o.s.web.servlet.DispatcherServlet        : GET "/api/v1/accounts", parameters={}
2026-08-15T21:19:35.567+05:30 DEBUG 10736 --- [nio-8080-exec-7] s.w.s.m.m.a.RequestMappingHandlerMapping : Mapped to com.finclear.api.ControlCenterController#overview()
2026-08-15T21:19:35.567+05:30 DEBUG 10736 --- [nio-8080-exec-5] s.w.s.m.m.a.RequestMappingHandlerMapping : Mapped to com.finclear.api.ControlCenterController#cases()
2026-08-15T21:19:35.567+05:30 DEBUG 10736 --- [nio-8080-exec-9] s.w.s.m.m.a.RequestMappingHandlerMapping : Mapped to com.finclear.api.PaymentController#latest()
2026-08-15T21:19:35.567+05:30 DEBUG 10736 --- [nio-8080-exec-4] s.w.s.m.m.a.RequestMappingHandlerMapping : Mapped to com.finclear.api.ControlCenterController#explain()
2026-08-15T21:19:35.567+05:30 DEBUG 10736 --- [nio-8080-exec-2] s.w.s.m.m.a.RequestMappingHandlerMapping : Mapped to com.finclear.api.AccountController#all(Authentication)
2026-08-15T21:19:35.570+05:30 DEBUG 10736 --- [nio-8080-exec-4] org.hibernate.SQL                        : select ec1_0.id,ec1_0.amount,ec1_0.category,ec1_0.created_at,ec1_0.currency,ec1_0.evidence,ec1_0.owner,ec1_0.severity,ec1_0.status,ec1_0.title,ec1_0.updated_at from exception_cases ec1_0 order by ec1_0.created_at desc
2026-08-15T21:19:35.570+05:30 DEBUG 10736 --- [nio-8080-exec-5] org.hibernate.SQL                        : select ec1_0.id,ec1_0.amount,ec1_0.category,ec1_0.created_at,ec1_0.currency,ec1_0.evidence,ec1_0.owner,ec1_0.severity,ec1_0.status,ec1_0.title,ec1_0.updated_at from exception_cases ec1_0 order by ec1_0.created_at desc
2026-08-15T21:19:35.572+05:30 DEBUG 10736 --- [nio-8080-exec-7] org.hibernate.SQL                        : select p1_0.id,p1_0.amount,p1_0.created_at,p1_0.currency,p1_0.idempotency_key,p1_0.merchant,p1_0.payer_account_id,p1_0.status,p1_0.updated_at from payments p1_0 order by p1_0.created_at desc fetch first ? rows only
2026-08-15T21:19:35.570+05:30 DEBUG 10736 --- [nio-8080-exec-2] org.hibernate.SQL                        : select a1_0.id,a1_0.account_number,a1_0.available_balance,a1_0.created_at,a1_0.currency,a1_0.status,a1_0.user_id,a1_0.version from accounts a1_0
2026-08-15T21:19:35.572+05:30 DEBUG 10736 --- [nio-8080-exec-9] org.hibernate.SQL                        : select p1_0.id,p1_0.amount,p1_0.created_at,p1_0.currency,p1_0.idempotency_key,p1_0.merchant,p1_0.payer_account_id,p1_0.status,p1_0.updated_at from payments p1_0 order by p1_0.created_at desc fetch first ? rows only
2026-08-15T21:19:35.572+05:30 DEBUG 10736 --- [nio-8080-exec-5] m.m.a.RequestResponseBodyMethodProcessor : Using 'application/json', given [*/*] and supported [application/json, application/*+json, application/yaml]
2026-08-15T21:19:35.572+05:30 DEBUG 10736 --- [nio-8080-exec-4] m.m.a.RequestResponseBodyMethodProcessor : Using 'application/json', given [*/*] and supported [application/json, application/*+json, application/yaml]
2026-08-15T21:19:35.574+05:30 DEBUG 10736 --- [nio-8080-exec-2] m.m.a.RequestResponseBodyMethodProcessor : Using 'application/json', given [*/*] and supported [application/json, application/*+json, application/yaml]
2026-08-15T21:19:35.574+05:30 DEBUG 10736 --- [nio-8080-exec-9] m.m.a.RequestResponseBodyMethodProcessor : Using 'application/json', given [*/*] and supported [application/json, application/*+json, application/yaml]
2026-08-15T21:19:35.574+05:30 DEBUG 10736 --- [nio-8080-exec-9] m.m.a.RequestResponseBodyMethodProcessor : Writing [[]]
2026-08-15T21:19:35.574+05:30 DEBUG 10736 --- [nio-8080-exec-5] m.m.a.RequestResponseBodyMethodProcessor : Writing [[{owner=Nisha � Payments Ops, title=Gateway settlement missing for captured payments, id=d9ebf868-67 (truncated)...]
2026-08-15T21:19:35.574+05:30 DEBUG 10736 --- [nio-8080-exec-7] org.hibernate.SQL                        : select a1_0.id,a1_0.account_number,a1_0.available_balance,a1_0.created_at,a1_0.currency,a1_0.status,a1_0.user_id,a1_0.version from accounts a1_0
2026-08-15T21:19:35.574+05:30 DEBUG 10736 --- [nio-8080-exec-4] m.m.a.RequestResponseBodyMethodProcessor : Writing [{summary=3 exceptions account for 629250.00 INR of operational exposure., headline=Money needs atten (truncated)...]
2026-08-15T21:19:35.574+05:30 DEBUG 10736 --- [nio-8080-exec-2] m.m.a.RequestResponseBodyMethodProcessor : Writing [[{accountNumber=FC-100001, id=4e894728-ee87-4744-9b5e-e340a4d8741b, balance=1842680.0000, currency=I (truncated)...]
2026-08-15T21:19:35.576+05:30 DEBUG 10736 --- [nio-8080-exec-9] o.s.web.servlet.DispatcherServlet        : Completed 200 OK
2026-08-15T21:19:35.576+05:30 DEBUG 10736 --- [nio-8080-exec-5] o.s.web.servlet.DispatcherServlet        : Completed 200 OK
2026-08-15T21:19:35.576+05:30 DEBUG 10736 --- [nio-8080-exec-4] o.s.web.servlet.DispatcherServlet        : Completed 200 OK
2026-08-15T21:19:35.576+05:30 DEBUG 10736 --- [nio-8080-exec-2] o.s.web.servlet.DispatcherServlet        : Completed 200 OK
2026-08-15T21:19:35.576+05:30 DEBUG 10736 --- [nio-8080-exec-7] org.hibernate.SQL                        : select ec1_0.id,ec1_0.amount,ec1_0.category,ec1_0.created_at,ec1_0.currency,ec1_0.evidence,ec1_0.owner,ec1_0.severity,ec1_0.status,ec1_0.title,ec1_0.updated_at from exception_cases ec1_0 order by ec1_0.created_at desc
2026-08-15T21:19:35.579+05:30 DEBUG 10736 --- [nio-8080-exec-7] m.m.a.RequestResponseBodyMethodProcessor : Using 'application/json', given [*/*] and supported [application/json, application/*+json, application/yaml]
2026-08-15T21:19:35.579+05:30 DEBUG 10736 --- [nio-8080-exec-7] m.m.a.RequestResponseBodyMethodProcessor : Writing [{exposure=629250.0000, openExceptions=3, availableBalance=2667600.0000, settlementHealth=ATTENTION,  (truncated)...]
2026-08-15T21:19:35.579+05:30 DEBUG 10736 --- [nio-8080-exec-7] o.s.web.servlet.DispatcherServlet        : Completed 200 OK
2026-08-15T21:19:40.563+05:30 DEBUG 10736 --- [nio-8080-exec-1] o.s.web.servlet.DispatcherServlet        : GET "/api/v1/control/exceptions", parameters={}
2026-08-15T21:19:40.563+05:30 DEBUG 10736 --- [nio-8080-exec-3] o.s.web.servlet.DispatcherServlet        : GET "/api/v1/payments", parameters={}
2026-08-15T21:19:40.563+05:30 DEBUG 10736 --- [nio-8080-exec-8] o.s.web.servlet.DispatcherServlet        : GET "/api/v1/control/overview", parameters={}
2026-08-15T21:19:40.565+05:30 DEBUG 10736 --- [io-8080-exec-10] o.s.web.servlet.DispatcherServlet        : GET "/api/v1/accounts", parameters={}
2026-08-15T21:19:40.566+05:30 DEBUG 10736 --- [nio-8080-exec-6] o.s.web.servlet.DispatcherServlet        : GET "/api/v1/control/explain", parameters={}
2026-08-15T21:19:40.571+05:30 DEBUG 10736 --- [nio-8080-exec-1] s.w.s.m.m.a.RequestMappingHandlerMapping : Mapped to com.finclear.api.ControlCenterController#cases()
2026-08-15T21:19:40.571+05:30 DEBUG 10736 --- [nio-8080-exec-3] s.w.s.m.m.a.RequestMappingHandlerMapping : Mapped to com.finclear.api.PaymentController#latest()
2026-08-15T21:19:40.571+05:30 DEBUG 10736 --- [nio-8080-exec-8] s.w.s.m.m.a.RequestMappingHandlerMapping : Mapped to com.finclear.api.ControlCenterController#overview()
2026-08-15T21:19:40.571+05:30 DEBUG 10736 --- [io-8080-exec-10] s.w.s.m.m.a.RequestMappingHandlerMapping : Mapped to com.finclear.api.AccountController#all(Authentication)
2026-08-15T21:19:40.571+05:30 DEBUG 10736 --- [nio-8080-exec-6] s.w.s.m.m.a.RequestMappingHandlerMapping : Mapped to com.finclear.api.ControlCenterController#explain()
2026-08-15T21:19:40.571+05:30 DEBUG 10736 --- [nio-8080-exec-8] org.hibernate.SQL                        : select p1_0.id,p1_0.amount,p1_0.created_at,p1_0.currency,p1_0.idempotency_key,p1_0.merchant,p1_0.payer_account_id,p1_0.status,p1_0.updated_at from payments p1_0 order by p1_0.created_at desc fetch first ? rows only
2026-08-15T21:19:40.571+05:30 DEBUG 10736 --- [nio-8080-exec-1] org.hibernate.SQL                        : select ec1_0.id,ec1_0.amount,ec1_0.category,ec1_0.created_at,ec1_0.currency,ec1_0.evidence,ec1_0.owner,ec1_0.severity,ec1_0.status,ec1_0.title,ec1_0.updated_at from exception_cases ec1_0 order by ec1_0.created_at desc
2026-08-15T21:19:40.571+05:30 DEBUG 10736 --- [nio-8080-exec-3] org.hibernate.SQL                        : select p1_0.id,p1_0.amount,p1_0.created_at,p1_0.currency,p1_0.idempotency_key,p1_0.merchant,p1_0.payer_account_id,p1_0.status,p1_0.updated_at from payments p1_0 order by p1_0.created_at desc fetch first ? rows only
2026-08-15T21:19:40.571+05:30 DEBUG 10736 --- [io-8080-exec-10] org.hibernate.SQL                        : select a1_0.id,a1_0.account_number,a1_0.available_balance,a1_0.created_at,a1_0.currency,a1_0.status,a1_0.user_id,a1_0.version from accounts a1_0
2026-08-15T21:19:40.571+05:30 DEBUG 10736 --- [nio-8080-exec-6] org.hibernate.SQL                        : select ec1_0.id,ec1_0.amount,ec1_0.category,ec1_0.created_at,ec1_0.currency,ec1_0.evidence,ec1_0.owner,ec1_0.severity,ec1_0.status,ec1_0.title,ec1_0.updated_at from exception_cases ec1_0 order by ec1_0.created_at desc
2026-08-15T21:19:40.579+05:30 DEBUG 10736 --- [io-8080-exec-10] m.m.a.RequestResponseBodyMethodProcessor : Using 'application/json', given [*/*] and supported [application/json, application/*+json, application/yaml]
2026-08-15T21:19:40.577+05:30 DEBUG 10736 --- [nio-8080-exec-1] m.m.a.RequestResponseBodyMethodProcessor : Using 'application/json', given [*/*] and supported [application/json, application/*+json, application/yaml]
2026-08-15T21:19:40.577+05:30 DEBUG 10736 --- [nio-8080-exec-3] m.m.a.RequestResponseBodyMethodProcessor : Using 'application/json', given [*/*] and supported [application/json, application/*+json, application/yaml]
2026-08-15T21:19:40.577+05:30 DEBUG 10736 --- [nio-8080-exec-8] org.hibernate.SQL                        : select a1_0.id,a1_0.account_number,a1_0.available_balance,a1_0.created_at,a1_0.currency,a1_0.status,a1_0.user_id,a1_0.version from accounts a1_0
2026-08-15T21:19:40.579+05:30 DEBUG 10736 --- [io-8080-exec-10] m.m.a.RequestResponseBodyMethodProcessor : Writing [[{accountNumber=FC-100001, id=4e894728-ee87-4744-9b5e-e340a4d8741b, balance=1842680.0000, currency=I (truncated)...]
2026-08-15T21:19:40.579+05:30 DEBUG 10736 --- [nio-8080-exec-6] m.m.a.RequestResponseBodyMethodProcessor : Using 'application/json', given [*/*] and supported [application/json, application/*+json, application/yaml]
2026-08-15T21:19:40.579+05:30 DEBUG 10736 --- [nio-8080-exec-1] m.m.a.RequestResponseBodyMethodProcessor : Writing [[{owner=Nisha � Payments Ops, title=Gateway settlement missing for captured payments, id=d9ebf868-67 (truncated)...]
2026-08-15T21:19:40.585+05:30 DEBUG 10736 --- [nio-8080-exec-1] o.s.web.servlet.DispatcherServlet        : Completed 200 OK
2026-08-15T21:19:40.579+05:30 DEBUG 10736 --- [nio-8080-exec-3] m.m.a.RequestResponseBodyMethodProcessor : Writing [[]]
2026-08-15T21:19:40.579+05:30 DEBUG 10736 --- [io-8080-exec-10] o.s.web.servlet.DispatcherServlet        : Completed 200 OK
2026-08-15T21:19:40.583+05:30 DEBUG 10736 --- [nio-8080-exec-6] m.m.a.RequestResponseBodyMethodProcessor : Writing [{summary=3 exceptions account for 629250.00 INR of operational exposure., headline=Money needs atten (truncated)...]
2026-08-15T21:19:40.583+05:30 DEBUG 10736 --- [nio-8080-exec-8] org.hibernate.SQL                        : select ec1_0.id,ec1_0.amount,ec1_0.category,ec1_0.created_at,ec1_0.currency,ec1_0.evidence,ec1_0.owner,ec1_0.severity,ec1_0.status,ec1_0.title,ec1_0.updated_at from exception_cases ec1_0 order by ec1_0.created_at desc
2026-08-15T21:19:40.587+05:30 DEBUG 10736 --- [nio-8080-exec-3] o.s.web.servlet.DispatcherServlet        : Completed 200 OK
2026-08-15T21:19:40.588+05:30 DEBUG 10736 --- [nio-8080-exec-6] o.s.web.servlet.DispatcherServlet        : Completed 200 OK
2026-08-15T21:19:40.589+05:30 DEBUG 10736 --- [nio-8080-exec-8] m.m.a.RequestResponseBodyMethodProcessor : Using 'application/json', given [*/*] and supported [application/json, application/*+json, application/yaml]
2026-08-15T21:19:40.591+05:30 DEBUG 10736 --- [nio-8080-exec-8] m.m.a.RequestResponseBodyMethodProcessor : Writing [{exposure=629250.0000, openExceptions=3, availableBalance=2667600.0000, settlementHealth=ATTENTION,  (truncated)...]
2026-08-15T21:19:40.592+05:30 DEBUG 10736 --- [nio-8080-exec-8] o.s.web.servlet.DispatcherServlet        : Completed 200 OK
2026-08-15T21:19:45.556+05:30 DEBUG 10736 --- [nio-8080-exec-9] o.s.web.servlet.DispatcherServlet        : GET "/api/v1/control/overview", parameters={}
2026-08-15T21:19:45.560+05:30 DEBUG 10736 --- [nio-8080-exec-5] o.s.web.servlet.DispatcherServlet        : GET "/api/v1/control/exceptions", parameters={}
2026-08-15T21:19:45.563+05:30 DEBUG 10736 --- [nio-8080-exec-5] s.w.s.m.m.a.RequestMappingHandlerMapping : Mapped to com.finclear.api.ControlCenterController#cases()
2026-08-15T21:19:45.560+05:30 DEBUG 10736 --- [nio-8080-exec-4] o.s.web.servlet.DispatcherServlet        : GET "/api/v1/payments", parameters={}
2026-08-15T21:19:45.560+05:30 DEBUG 10736 --- [nio-8080-exec-7] o.s.web.servlet.DispatcherServlet        : GET "/api/v1/control/explain", parameters={}
2026-08-15T21:19:45.560+05:30 DEBUG 10736 --- [nio-8080-exec-2] o.s.web.servlet.DispatcherServlet        : GET "/api/v1/accounts", parameters={}
2026-08-15T21:19:45.563+05:30 DEBUG 10736 --- [nio-8080-exec-9] s.w.s.m.m.a.RequestMappingHandlerMapping : Mapped to com.finclear.api.ControlCenterController#overview()
2026-08-15T21:19:45.563+05:30 DEBUG 10736 --- [nio-8080-exec-4] s.w.s.m.m.a.RequestMappingHandlerMapping : Mapped to com.finclear.api.PaymentController#latest()
2026-08-15T21:19:45.563+05:30 DEBUG 10736 --- [nio-8080-exec-7] s.w.s.m.m.a.RequestMappingHandlerMapping : Mapped to com.finclear.api.ControlCenterController#explain()
2026-08-15T21:19:45.563+05:30 DEBUG 10736 --- [nio-8080-exec-2] s.w.s.m.m.a.RequestMappingHandlerMapping : Mapped to com.finclear.api.AccountController#all(Authentication)
2026-08-15T21:19:45.563+05:30 DEBUG 10736 --- [nio-8080-exec-5] org.hibernate.SQL                        : select ec1_0.id,ec1_0.amount,ec1_0.category,ec1_0.created_at,ec1_0.currency,ec1_0.evidence,ec1_0.owner,ec1_0.severity,ec1_0.status,ec1_0.title,ec1_0.updated_at from exception_cases ec1_0 order by ec1_0.created_at desc
2026-08-15T21:19:45.566+05:30 DEBUG 10736 --- [nio-8080-exec-9] org.hibernate.SQL                        : select p1_0.id,p1_0.amount,p1_0.created_at,p1_0.currency,p1_0.idempotency_key,p1_0.merchant,p1_0.payer_account_id,p1_0.status,p1_0.updated_at from payments p1_0 order by p1_0.created_at desc fetch first ? rows only
2026-08-15T21:19:45.566+05:30 DEBUG 10736 --- [nio-8080-exec-4] org.hibernate.SQL                        : select p1_0.id,p1_0.amount,p1_0.created_at,p1_0.currency,p1_0.idempotency_key,p1_0.merchant,p1_0.payer_account_id,p1_0.status,p1_0.updated_at from payments p1_0 order by p1_0.created_at desc fetch first ? rows only
2026-08-15T21:19:45.566+05:30 DEBUG 10736 --- [nio-8080-exec-7] org.hibernate.SQL                        : select ec1_0.id,ec1_0.amount,ec1_0.category,ec1_0.created_at,ec1_0.currency,ec1_0.evidence,ec1_0.owner,ec1_0.severity,ec1_0.status,ec1_0.title,ec1_0.updated_at from exception_cases ec1_0 order by ec1_0.created_at desc
2026-08-15T21:19:45.566+05:30 DEBUG 10736 --- [nio-8080-exec-2] org.hibernate.SQL                        : select a1_0.id,a1_0.account_number,a1_0.available_balance,a1_0.created_at,a1_0.currency,a1_0.status,a1_0.user_id,a1_0.version from accounts a1_0
2026-08-15T21:19:45.566+05:30 DEBUG 10736 --- [nio-8080-exec-5] m.m.a.RequestResponseBodyMethodProcessor : Using 'application/json', given [*/*] and supported [application/json, application/*+json, application/yaml]
2026-08-15T21:19:45.566+05:30 DEBUG 10736 --- [nio-8080-exec-9] org.hibernate.SQL                        : select a1_0.id,a1_0.account_number,a1_0.available_balance,a1_0.created_at,a1_0.currency,a1_0.status,a1_0.user_id,a1_0.version from accounts a1_0
2026-08-15T21:19:45.566+05:30 DEBUG 10736 --- [nio-8080-exec-4] m.m.a.RequestResponseBodyMethodProcessor : Using 'application/json', given [*/*] and supported [application/json, application/*+json, application/yaml]
2026-08-15T21:19:45.566+05:30 DEBUG 10736 --- [nio-8080-exec-7] m.m.a.RequestResponseBodyMethodProcessor : Using 'application/json', given [*/*] and supported [application/json, application/*+json, application/yaml]
2026-08-15T21:19:45.566+05:30 DEBUG 10736 --- [nio-8080-exec-5] m.m.a.RequestResponseBodyMethodProcessor : Writing [[{owner=Nisha � Payments Ops, title=Gateway settlement missing for captured payments, id=d9ebf868-67 (truncated)...]
2026-08-15T21:19:45.566+05:30 DEBUG 10736 --- [nio-8080-exec-2] m.m.a.RequestResponseBodyMethodProcessor : Using 'application/json', given [*/*] and supported [application/json, application/*+json, application/yaml]
2026-08-15T21:19:45.566+05:30 DEBUG 10736 --- [nio-8080-exec-4] m.m.a.RequestResponseBodyMethodProcessor : Writing [[]]
2026-08-15T21:19:45.566+05:30 DEBUG 10736 --- [nio-8080-exec-7] m.m.a.RequestResponseBodyMethodProcessor : Writing [{summary=3 exceptions account for 629250.00 INR of operational exposure., headline=Money needs atten (truncated)...]
2026-08-15T21:19:45.569+05:30 DEBUG 10736 --- [nio-8080-exec-9] org.hibernate.SQL                        : select ec1_0.id,ec1_0.amount,ec1_0.category,ec1_0.created_at,ec1_0.currency,ec1_0.evidence,ec1_0.owner,ec1_0.severity,ec1_0.status,ec1_0.title,ec1_0.updated_at from exception_cases ec1_0 order by ec1_0.created_at desc
2026-08-15T21:19:45.569+05:30 DEBUG 10736 --- [nio-8080-exec-2] m.m.a.RequestResponseBodyMethodProcessor : Writing [[{accountNumber=FC-100001, id=4e894728-ee87-4744-9b5e-e340a4d8741b, balance=1842680.0000, currency=I (truncated)...]
2026-08-15T21:19:45.569+05:30 DEBUG 10736 --- [nio-8080-exec-5] o.s.web.servlet.DispatcherServlet        : Completed 200 OK
2026-08-15T21:19:45.569+05:30 DEBUG 10736 --- [nio-8080-exec-4] o.s.web.servlet.DispatcherServlet        : Completed 200 OK
2026-08-15T21:19:45.569+05:30 DEBUG 10736 --- [nio-8080-exec-7] o.s.web.servlet.DispatcherServlet        : Completed 200 OK
2026-08-15T21:19:45.571+05:30 DEBUG 10736 --- [nio-8080-exec-2] o.s.web.servlet.DispatcherServlet        : Completed 200 OK
2026-08-15T21:19:45.571+05:30 DEBUG 10736 --- [nio-8080-exec-9] m.m.a.RequestResponseBodyMethodProcessor : Using 'application/json', given [*/*] and supported [application/json, application/*+json, application/yaml]
2026-08-15T21:19:45.571+05:30 DEBUG 10736 --- [nio-8080-exec-9] m.m.a.RequestResponseBodyMethodProcessor : Writing [{exposure=629250.0000, openExceptions=3, availableBalance=2667600.0000, settlementHealth=ATTENTION,  (truncated)...]
2026-08-15T21:19:45.571+05:30 DEBUG 10736 --- [nio-8080-exec-9] o.s.web.servlet.DispatcherServlet        : Completed 200 OK
2026-08-15T21:19:50.552+05:30 DEBUG 10736 --- [nio-8080-exec-1] o.s.web.servlet.DispatcherServlet        : GET "/api/v1/control/overview", parameters={}
2026-08-15T21:19:50.552+05:30 DEBUG 10736 --- [io-8080-exec-10] o.s.web.servlet.DispatcherServlet        : GET "/api/v1/control/exceptions", parameters={}
2026-08-15T21:19:50.555+05:30 DEBUG 10736 --- [nio-8080-exec-3] o.s.web.servlet.DispatcherServlet        : GET "/api/v1/payments", parameters={}
2026-08-15T21:19:50.556+05:30 DEBUG 10736 --- [nio-8080-exec-8] o.s.web.servlet.DispatcherServlet        : GET "/api/v1/control/explain", parameters={}
2026-08-15T21:19:50.556+05:30 DEBUG 10736 --- [nio-8080-exec-6] o.s.web.servlet.DispatcherServlet        : GET "/api/v1/accounts", parameters={}
2026-08-15T21:19:50.560+05:30 DEBUG 10736 --- [nio-8080-exec-1] s.w.s.m.m.a.RequestMappingHandlerMapping : Mapped to com.finclear.api.ControlCenterController#overview()
2026-08-15T21:19:50.560+05:30 DEBUG 10736 --- [io-8080-exec-10] s.w.s.m.m.a.RequestMappingHandlerMapping : Mapped to com.finclear.api.ControlCenterController#cases()
2026-08-15T21:19:50.561+05:30 DEBUG 10736 --- [nio-8080-exec-3] s.w.s.m.m.a.RequestMappingHandlerMapping : Mapped to com.finclear.api.PaymentController#latest()
2026-08-15T21:19:50.561+05:30 DEBUG 10736 --- [nio-8080-exec-8] s.w.s.m.m.a.RequestMappingHandlerMapping : Mapped to com.finclear.api.ControlCenterController#explain()
2026-08-15T21:19:50.563+05:30 DEBUG 10736 --- [nio-8080-exec-6] s.w.s.m.m.a.RequestMappingHandlerMapping : Mapped to com.finclear.api.AccountController#all(Authentication)
2026-08-15T21:19:50.568+05:30 DEBUG 10736 --- [nio-8080-exec-3] org.hibernate.SQL                        : select p1_0.id,p1_0.amount,p1_0.created_at,p1_0.currency,p1_0.idempotency_key,p1_0.merchant,p1_0.payer_account_id,p1_0.status,p1_0.updated_at from payments p1_0 order by p1_0.created_at desc fetch first ? rows only
2026-08-15T21:19:50.569+05:30 DEBUG 10736 --- [nio-8080-exec-8] org.hibernate.SQL                        : select ec1_0.id,ec1_0.amount,ec1_0.category,ec1_0.created_at,ec1_0.currency,ec1_0.evidence,ec1_0.owner,ec1_0.severity,ec1_0.status,ec1_0.title,ec1_0.updated_at from exception_cases ec1_0 order by ec1_0.created_at desc
2026-08-15T21:19:50.568+05:30 DEBUG 10736 --- [nio-8080-exec-1] org.hibernate.SQL                        : select p1_0.id,p1_0.amount,p1_0.created_at,p1_0.currency,p1_0.idempotency_key,p1_0.merchant,p1_0.payer_account_id,p1_0.status,p1_0.updated_at from payments p1_0 order by p1_0.created_at desc fetch first ? rows only
2026-08-15T21:19:50.571+05:30 DEBUG 10736 --- [nio-8080-exec-3] m.m.a.RequestResponseBodyMethodProcessor : Using 'application/json', given [*/*] and supported [application/json, application/*+json, application/yaml]
2026-08-15T21:19:50.568+05:30 DEBUG 10736 --- [io-8080-exec-10] org.hibernate.SQL                        : select ec1_0.id,ec1_0.amount,ec1_0.category,ec1_0.created_at,ec1_0.currency,ec1_0.evidence,ec1_0.owner,ec1_0.severity,ec1_0.status,ec1_0.title,ec1_0.updated_at from exception_cases ec1_0 order by ec1_0.created_at desc
2026-08-15T21:19:50.569+05:30 DEBUG 10736 --- [nio-8080-exec-6] org.hibernate.SQL                        : select a1_0.id,a1_0.account_number,a1_0.available_balance,a1_0.created_at,a1_0.currency,a1_0.status,a1_0.user_id,a1_0.version from accounts a1_0
2026-08-15T21:19:50.571+05:30 DEBUG 10736 --- [nio-8080-exec-8] m.m.a.RequestResponseBodyMethodProcessor : Using 'application/json', given [*/*] and supported [application/json, application/*+json, application/yaml]
2026-08-15T21:19:50.572+05:30 DEBUG 10736 --- [nio-8080-exec-3] m.m.a.RequestResponseBodyMethodProcessor : Writing [[]]
2026-08-15T21:19:50.573+05:30 DEBUG 10736 --- [nio-8080-exec-1] org.hibernate.SQL                        : select a1_0.id,a1_0.account_number,a1_0.available_balance,a1_0.created_at,a1_0.currency,a1_0.status,a1_0.user_id,a1_0.version from accounts a1_0
2026-08-15T21:19:50.573+05:30 DEBUG 10736 --- [io-8080-exec-10] m.m.a.RequestResponseBodyMethodProcessor : Using 'application/json', given [*/*] and supported [application/json, application/*+json, application/yaml]
2026-08-15T21:19:50.574+05:30 DEBUG 10736 --- [nio-8080-exec-8] m.m.a.RequestResponseBodyMethodProcessor : Writing [{summary=3 exceptions account for 629250.00 INR of operational exposure., headline=Money needs atten (truncated)...]
2026-08-15T21:19:50.575+05:30 DEBUG 10736 --- [io-8080-exec-10] m.m.a.RequestResponseBodyMethodProcessor : Writing [[{owner=Nisha � Payments Ops, title=Gateway settlement missing for captured payments, id=d9ebf868-67 (truncated)...]
2026-08-15T21:19:50.574+05:30 DEBUG 10736 --- [nio-8080-exec-3] o.s.web.servlet.DispatcherServlet        : Completed 200 OK
2026-08-15T21:19:50.574+05:30 DEBUG 10736 --- [nio-8080-exec-6] m.m.a.RequestResponseBodyMethodProcessor : Using 'application/json', given [*/*] and supported [application/json, application/*+json, application/yaml]
2026-08-15T21:19:50.576+05:30 DEBUG 10736 --- [nio-8080-exec-6] m.m.a.RequestResponseBodyMethodProcessor : Writing [[{accountNumber=FC-100001, id=4e894728-ee87-4744-9b5e-e340a4d8741b, balance=1842680.0000, currency=I (truncated)...]
2026-08-15T21:19:50.576+05:30 DEBUG 10736 --- [nio-8080-exec-8] o.s.web.servlet.DispatcherServlet        : Completed 200 OK
2026-08-15T21:19:50.576+05:30 DEBUG 10736 --- [io-8080-exec-10] o.s.web.servlet.DispatcherServlet        : Completed 200 OK
2026-08-15T21:19:50.576+05:30 DEBUG 10736 --- [nio-8080-exec-1] org.hibernate.SQL                        : select ec1_0.id,ec1_0.amount,ec1_0.category,ec1_0.created_at,ec1_0.currency,ec1_0.evidence,ec1_0.owner,ec1_0.severity,ec1_0.status,ec1_0.title,ec1_0.updated_at from exception_cases ec1_0 order by ec1_0.created_at desc
2026-08-15T21:19:50.578+05:30 DEBUG 10736 --- [nio-8080-exec-6] o.s.web.servlet.DispatcherServlet        : Completed 200 OK
2026-08-15T21:19:50.579+05:30 DEBUG 10736 --- [nio-8080-exec-1] m.m.a.RequestResponseBodyMethodProcessor : Using 'application/json', given [*/*] and supported [application/json, application/*+json, application/yaml]
2026-08-15T21:19:50.581+05:30 DEBUG 10736 --- [nio-8080-exec-1] m.m.a.RequestResponseBodyMethodProcessor : Writing [{exposure=629250.0000, openExceptions=3, availableBalance=2667600.0000, settlementHealth=ATTENTION,  (truncated)...]
2026-08-15T21:19:50.581+05:30 DEBUG 10736 --- [nio-8080-exec-1] o.s.web.servlet.DispatcherServlet        : Completed 200 OK
2026-08-15T21:19:55.562+05:30 DEBUG 10736 --- [nio-8080-exec-4] o.s.web.servlet.DispatcherServlet        : GET "/api/v1/control/exceptions", parameters={}
2026-08-15T21:19:55.562+05:30 DEBUG 10736 --- [nio-8080-exec-5] o.s.web.servlet.DispatcherServlet        : GET "/api/v1/control/overview", parameters={}
2026-08-15T21:19:55.563+05:30 DEBUG 10736 --- [nio-8080-exec-2] o.s.web.servlet.DispatcherServlet        : GET "/api/v1/accounts", parameters={}
2026-08-15T21:19:55.563+05:30 DEBUG 10736 --- [nio-8080-exec-9] o.s.web.servlet.DispatcherServlet        : GET "/api/v1/control/explain", parameters={}
2026-08-15T21:19:55.563+05:30 DEBUG 10736 --- [nio-8080-exec-7] o.s.web.servlet.DispatcherServlet        : GET "/api/v1/payments", parameters={}
2026-08-15T21:19:55.571+05:30 DEBUG 10736 --- [nio-8080-exec-4] s.w.s.m.m.a.RequestMappingHandlerMapping : Mapped to com.finclear.api.ControlCenterController#cases()
2026-08-15T21:19:55.571+05:30 DEBUG 10736 --- [nio-8080-exec-5] s.w.s.m.m.a.RequestMappingHandlerMapping : Mapped to com.finclear.api.ControlCenterController#overview()
2026-08-15T21:19:55.572+05:30 DEBUG 10736 --- [nio-8080-exec-2] s.w.s.m.m.a.RequestMappingHandlerMapping : Mapped to com.finclear.api.AccountController#all(Authentication)
2026-08-15T21:19:55.572+05:30 DEBUG 10736 --- [nio-8080-exec-9] s.w.s.m.m.a.RequestMappingHandlerMapping : Mapped to com.finclear.api.ControlCenterController#explain()
2026-08-15T21:19:55.575+05:30 DEBUG 10736 --- [nio-8080-exec-4] org.hibernate.SQL                        : select ec1_0.id,ec1_0.amount,ec1_0.category,ec1_0.created_at,ec1_0.currency,ec1_0.evidence,ec1_0.owner,ec1_0.severity,ec1_0.status,ec1_0.title,ec1_0.updated_at from exception_cases ec1_0 order by ec1_0.created_at desc
2026-08-15T21:19:55.573+05:30 DEBUG 10736 --- [nio-8080-exec-7] s.w.s.m.m.a.RequestMappingHandlerMapping : Mapped to com.finclear.api.PaymentController#latest()
2026-08-15T21:19:55.575+05:30 DEBUG 10736 --- [nio-8080-exec-5] org.hibernate.SQL                        : select p1_0.id,p1_0.amount,p1_0.created_at,p1_0.currency,p1_0.idempotency_key,p1_0.merchant,p1_0.payer_account_id,p1_0.status,p1_0.updated_at from payments p1_0 order by p1_0.created_at desc fetch first ? rows only
2026-08-15T21:19:55.575+05:30 DEBUG 10736 --- [nio-8080-exec-9] org.hibernate.SQL                        : select ec1_0.id,ec1_0.amount,ec1_0.category,ec1_0.created_at,ec1_0.currency,ec1_0.evidence,ec1_0.owner,ec1_0.severity,ec1_0.status,ec1_0.title,ec1_0.updated_at from exception_cases ec1_0 order by ec1_0.created_at desc
2026-08-15T21:19:55.577+05:30 DEBUG 10736 --- [nio-8080-exec-7] org.hibernate.SQL                        : select p1_0.id,p1_0.amount,p1_0.created_at,p1_0.currency,p1_0.idempotency_key,p1_0.merchant,p1_0.payer_account_id,p1_0.status,p1_0.updated_at from payments p1_0 order by p1_0.created_at desc fetch first ? rows only
2026-08-15T21:19:55.575+05:30 DEBUG 10736 --- [nio-8080-exec-2] org.hibernate.SQL                        : select a1_0.id,a1_0.account_number,a1_0.available_balance,a1_0.created_at,a1_0.currency,a1_0.status,a1_0.user_id,a1_0.version from accounts a1_0
2026-08-15T21:19:55.576+05:30 DEBUG 10736 --- [nio-8080-exec-4] m.m.a.RequestResponseBodyMethodProcessor : Using 'application/json', given [*/*] and supported [application/json, application/*+json, application/yaml]
2026-08-15T21:19:55.577+05:30 DEBUG 10736 --- [nio-8080-exec-9] m.m.a.RequestResponseBodyMethodProcessor : Using 'application/json', given [*/*] and supported [application/json, application/*+json, application/yaml]
2026-08-15T21:19:55.578+05:30 DEBUG 10736 --- [nio-8080-exec-5] org.hibernate.SQL                        : select a1_0.id,a1_0.account_number,a1_0.available_balance,a1_0.created_at,a1_0.currency,a1_0.status,a1_0.user_id,a1_0.version from accounts a1_0
2026-08-15T21:19:55.578+05:30 DEBUG 10736 --- [nio-8080-exec-7] m.m.a.RequestResponseBodyMethodProcessor : Using 'application/json', given [*/*] and supported [application/json, application/*+json, application/yaml]
2026-08-15T21:19:55.579+05:30 DEBUG 10736 --- [nio-8080-exec-4] m.m.a.RequestResponseBodyMethodProcessor : Writing [[{owner=Nisha � Payments Ops, title=Gateway settlement missing for captured payments, id=d9ebf868-67 (truncated)...]
2026-08-15T21:19:55.579+05:30 DEBUG 10736 --- [nio-8080-exec-2] m.m.a.RequestResponseBodyMethodProcessor : Using 'application/json', given [*/*] and supported [application/json, application/*+json, application/yaml]
2026-08-15T21:19:55.579+05:30 DEBUG 10736 --- [nio-8080-exec-9] m.m.a.RequestResponseBodyMethodProcessor : Writing [{summary=3 exceptions account for 629250.00 INR of operational exposure., headline=Money needs atten (truncated)...]
2026-08-15T21:19:55.580+05:30 DEBUG 10736 --- [nio-8080-exec-7] m.m.a.RequestResponseBodyMethodProcessor : Writing [[]]
2026-08-15T21:19:55.580+05:30 DEBUG 10736 --- [nio-8080-exec-5] org.hibernate.SQL                        : select ec1_0.id,ec1_0.amount,ec1_0.category,ec1_0.created_at,ec1_0.currency,ec1_0.evidence,ec1_0.owner,ec1_0.severity,ec1_0.status,ec1_0.title,ec1_0.updated_at from exception_cases ec1_0 order by ec1_0.created_at desc
2026-08-15T21:19:55.581+05:30 DEBUG 10736 --- [nio-8080-exec-2] m.m.a.RequestResponseBodyMethodProcessor : Writing [[{accountNumber=FC-100001, id=4e894728-ee87-4744-9b5e-e340a4d8741b, balance=1842680.0000, currency=I (truncated)...]
2026-08-15T21:19:55.581+05:30 DEBUG 10736 --- [nio-8080-exec-4] o.s.web.servlet.DispatcherServlet        : Completed 200 OK
2026-08-15T21:19:55.581+05:30 DEBUG 10736 --- [nio-8080-exec-9] o.s.web.servlet.DispatcherServlet        : Completed 200 OK
2026-08-15T21:19:55.582+05:30 DEBUG 10736 --- [nio-8080-exec-7] o.s.web.servlet.DispatcherServlet        : Completed 200 OK
2026-08-15T21:19:55.583+05:30 DEBUG 10736 --- [nio-8080-exec-5] m.m.a.RequestResponseBodyMethodProcessor : Using 'application/json', given [*/*] and supported [application/json, application/*+json, application/yaml]
2026-08-15T21:19:55.583+05:30 DEBUG 10736 --- [nio-8080-exec-2] o.s.web.servlet.DispatcherServlet        : Completed 200 OK
2026-08-15T21:19:55.584+05:30 DEBUG 10736 --- [nio-8080-exec-5] m.m.a.RequestResponseBodyMethodProcessor : Writing [{exposure=629250.0000, openExceptions=3, availableBalance=2667600.0000, settlementHealth=ATTENTION,  (truncated)...]
2026-08-15T21:19:55.585+05:30 DEBUG 10736 --- [nio-8080-exec-5] o.s.web.servlet.DispatcherServlet        : Completed 200 OK
2026-08-15T21:20:00.551+05:30 DEBUG 10736 --- [nio-8080-exec-3] o.s.web.servlet.DispatcherServlet        : GET "/api/v1/control/overview", parameters={}
2026-08-15T21:20:00.552+05:30 DEBUG 10736 --- [nio-8080-exec-8] o.s.web.servlet.DispatcherServlet        : GET "/api/v1/control/exceptions", parameters={}
2026-08-15T21:20:00.557+05:30 DEBUG 10736 --- [io-8080-exec-10] o.s.web.servlet.DispatcherServlet        : GET "/api/v1/payments", parameters={}
2026-08-15T21:20:00.557+05:30 DEBUG 10736 --- [nio-8080-exec-6] o.s.web.servlet.DispatcherServlet        : GET "/api/v1/accounts", parameters={}
2026-08-15T21:20:00.557+05:30 DEBUG 10736 --- [nio-8080-exec-1] o.s.web.servlet.DispatcherServlet        : GET "/api/v1/control/explain", parameters={}
2026-08-15T21:20:00.559+05:30 DEBUG 10736 --- [nio-8080-exec-3] s.w.s.m.m.a.RequestMappingHandlerMapping : Mapped to com.finclear.api.ControlCenterController#overview()
2026-08-15T21:20:00.560+05:30 DEBUG 10736 --- [nio-8080-exec-8] s.w.s.m.m.a.RequestMappingHandlerMapping : Mapped to com.finclear.api.ControlCenterController#cases()
2026-08-15T21:20:00.560+05:30 DEBUG 10736 --- [io-8080-exec-10] s.w.s.m.m.a.RequestMappingHandlerMapping : Mapped to com.finclear.api.PaymentController#latest()
2026-08-15T21:20:00.562+05:30 DEBUG 10736 --- [nio-8080-exec-3] org.hibernate.SQL                        : select p1_0.id,p1_0.amount,p1_0.created_at,p1_0.currency,p1_0.idempotency_key,p1_0.merchant,p1_0.payer_account_id,p1_0.status,p1_0.updated_at from payments p1_0 order by p1_0.created_at desc fetch first ? rows only
2026-08-15T21:20:00.560+05:30 DEBUG 10736 --- [nio-8080-exec-6] s.w.s.m.m.a.RequestMappingHandlerMapping : Mapped to com.finclear.api.AccountController#all(Authentication)
2026-08-15T21:20:00.563+05:30 DEBUG 10736 --- [io-8080-exec-10] org.hibernate.SQL                        : select p1_0.id,p1_0.amount,p1_0.created_at,p1_0.currency,p1_0.idempotency_key,p1_0.merchant,p1_0.payer_account_id,p1_0.status,p1_0.updated_at from payments p1_0 order by p1_0.created_at desc fetch first ? rows only
2026-08-15T21:20:00.561+05:30 DEBUG 10736 --- [nio-8080-exec-1] s.w.s.m.m.a.RequestMappingHandlerMapping : Mapped to com.finclear.api.ControlCenterController#explain()
2026-08-15T21:20:00.562+05:30 DEBUG 10736 --- [nio-8080-exec-8] org.hibernate.SQL                        : select ec1_0.id,ec1_0.amount,ec1_0.category,ec1_0.created_at,ec1_0.currency,ec1_0.evidence,ec1_0.owner,ec1_0.severity,ec1_0.status,ec1_0.title,ec1_0.updated_at from exception_cases ec1_0 order by ec1_0.created_at desc
2026-08-15T21:20:00.564+05:30 DEBUG 10736 --- [nio-8080-exec-1] org.hibernate.SQL                        : select ec1_0.id,ec1_0.amount,ec1_0.category,ec1_0.created_at,ec1_0.currency,ec1_0.evidence,ec1_0.owner,ec1_0.severity,ec1_0.status,ec1_0.title,ec1_0.updated_at from exception_cases ec1_0 order by ec1_0.created_at desc
2026-08-15T21:20:00.563+05:30 DEBUG 10736 --- [nio-8080-exec-3] org.hibernate.SQL                        : select a1_0.id,a1_0.account_number,a1_0.available_balance,a1_0.created_at,a1_0.currency,a1_0.status,a1_0.user_id,a1_0.version from accounts a1_0
2026-08-15T21:20:00.563+05:30 DEBUG 10736 --- [nio-8080-exec-6] org.hibernate.SQL                        : select a1_0.id,a1_0.account_number,a1_0.available_balance,a1_0.created_at,a1_0.currency,a1_0.status,a1_0.user_id,a1_0.version from accounts a1_0
2026-08-15T21:20:00.564+05:30 DEBUG 10736 --- [io-8080-exec-10] m.m.a.RequestResponseBodyMethodProcessor : Using 'application/json', given [*/*] and supported [application/json, application/*+json, application/yaml]
2026-08-15T21:20:00.566+05:30 DEBUG 10736 --- [io-8080-exec-10] m.m.a.RequestResponseBodyMethodProcessor : Writing [[]]
2026-08-15T21:20:00.566+05:30 DEBUG 10736 --- [nio-8080-exec-3] org.hibernate.SQL                        : select ec1_0.id,ec1_0.amount,ec1_0.category,ec1_0.created_at,ec1_0.currency,ec1_0.evidence,ec1_0.owner,ec1_0.severity,ec1_0.status,ec1_0.title,ec1_0.updated_at from exception_cases ec1_0 order by ec1_0.created_at desc
2026-08-15T21:20:00.567+05:30 DEBUG 10736 --- [io-8080-exec-10] o.s.web.servlet.DispatcherServlet        : Completed 200 OK
2026-08-15T21:20:00.565+05:30 DEBUG 10736 --- [nio-8080-exec-8] m.m.a.RequestResponseBodyMethodProcessor : Using 'application/json', given [*/*] and supported [application/json, application/*+json, application/yaml]
2026-08-15T21:20:00.565+05:30 DEBUG 10736 --- [nio-8080-exec-1] m.m.a.RequestResponseBodyMethodProcessor : Using 'application/json', given [*/*] and supported [application/json, application/*+json, application/yaml]
2026-08-15T21:20:00.566+05:30 DEBUG 10736 --- [nio-8080-exec-6] m.m.a.RequestResponseBodyMethodProcessor : Using 'application/json', given [*/*] and supported [application/json, application/*+json, application/yaml]
2026-08-15T21:20:00.568+05:30 DEBUG 10736 --- [nio-8080-exec-3] m.m.a.RequestResponseBodyMethodProcessor : Using 'application/json', given [*/*] and supported [application/json, application/*+json, application/yaml]
2026-08-15T21:20:00.568+05:30 DEBUG 10736 --- [nio-8080-exec-8] m.m.a.RequestResponseBodyMethodProcessor : Writing [[{owner=Nisha � Payments Ops, title=Gateway settlement missing for captured payments, id=d9ebf868-67 (truncated)...]
2026-08-15T21:20:00.568+05:30 DEBUG 10736 --- [nio-8080-exec-1] m.m.a.RequestResponseBodyMethodProcessor : Writing [{summary=3 exceptions account for 629250.00 INR of operational exposure., headline=Money needs atten (truncated)...]
2026-08-15T21:20:00.570+05:30 DEBUG 10736 --- [nio-8080-exec-8] o.s.web.servlet.DispatcherServlet        : Completed 200 OK
2026-08-15T21:20:00.569+05:30 DEBUG 10736 --- [nio-8080-exec-6] m.m.a.RequestResponseBodyMethodProcessor : Writing [[{accountNumber=FC-100001, id=4e894728-ee87-4744-9b5e-e340a4d8741b, balance=1842680.0000, currency=I (truncated)...]
2026-08-15T21:20:00.569+05:30 DEBUG 10736 --- [nio-8080-exec-3] m.m.a.RequestResponseBodyMethodProcessor : Writing [{exposure=629250.0000, openExceptions=3, availableBalance=2667600.0000, settlementHealth=ATTENTION,  (truncated)...]
2026-08-15T21:20:00.570+05:30 DEBUG 10736 --- [nio-8080-exec-1] o.s.web.servlet.DispatcherServlet        : Completed 200 OK
2026-08-15T21:20:00.572+05:30 DEBUG 10736 --- [nio-8080-exec-6] o.s.web.servlet.DispatcherServlet        : Completed 200 OK
2026-08-15T21:20:00.573+05:30 DEBUG 10736 --- [nio-8080-exec-3] o.s.web.servlet.DispatcherServlet        : Completed 200 OK
2026-08-15T21:20:05.567+05:30 DEBUG 10736 --- [nio-8080-exec-4] o.s.web.servlet.DispatcherServlet        : GET "/api/v1/control/overview", parameters={}
2026-08-15T21:20:05.568+05:30 DEBUG 10736 --- [nio-8080-exec-9] o.s.web.servlet.DispatcherServlet        : GET "/api/v1/control/exceptions", parameters={}
2026-08-15T21:20:05.568+05:30 DEBUG 10736 --- [nio-8080-exec-7] o.s.web.servlet.DispatcherServlet        : GET "/api/v1/payments", parameters={}
2026-08-15T21:20:05.569+05:30 DEBUG 10736 --- [nio-8080-exec-2] o.s.web.servlet.DispatcherServlet        : GET "/api/v1/accounts", parameters={}
2026-08-15T21:20:05.569+05:30 DEBUG 10736 --- [nio-8080-exec-5] o.s.web.servlet.DispatcherServlet        : GET "/api/v1/control/explain", parameters={}
2026-08-15T21:20:05.575+05:30 DEBUG 10736 --- [nio-8080-exec-4] s.w.s.m.m.a.RequestMappingHandlerMapping : Mapped to com.finclear.api.ControlCenterController#overview()
2026-08-15T21:20:05.576+05:30 DEBUG 10736 --- [nio-8080-exec-9] s.w.s.m.m.a.RequestMappingHandlerMapping : Mapped to com.finclear.api.ControlCenterController#cases()
2026-08-15T21:20:05.576+05:30 DEBUG 10736 --- [nio-8080-exec-7] s.w.s.m.m.a.RequestMappingHandlerMapping : Mapped to com.finclear.api.PaymentController#latest()
2026-08-15T21:20:05.576+05:30 DEBUG 10736 --- [nio-8080-exec-2] s.w.s.m.m.a.RequestMappingHandlerMapping : Mapped to com.finclear.api.AccountController#all(Authentication)
2026-08-15T21:20:05.577+05:30 DEBUG 10736 --- [nio-8080-exec-5] s.w.s.m.m.a.RequestMappingHandlerMapping : Mapped to com.finclear.api.ControlCenterController#explain()
2026-08-15T21:20:05.580+05:30 DEBUG 10736 --- [nio-8080-exec-7] org.hibernate.SQL                        : select p1_0.id,p1_0.amount,p1_0.created_at,p1_0.currency,p1_0.idempotency_key,p1_0.merchant,p1_0.payer_account_id,p1_0.status,p1_0.updated_at from payments p1_0 order by p1_0.created_at desc fetch first ? rows only
2026-08-15T21:20:05.578+05:30 DEBUG 10736 --- [nio-8080-exec-4] org.hibernate.SQL                        : select p1_0.id,p1_0.amount,p1_0.created_at,p1_0.currency,p1_0.idempotency_key,p1_0.merchant,p1_0.payer_account_id,p1_0.status,p1_0.updated_at from payments p1_0 order by p1_0.created_at desc fetch first ? rows only
2026-08-15T21:20:05.579+05:30 DEBUG 10736 --- [nio-8080-exec-9] org.hibernate.SQL                        : select ec1_0.id,ec1_0.amount,ec1_0.category,ec1_0.created_at,ec1_0.currency,ec1_0.evidence,ec1_0.owner,ec1_0.severity,ec1_0.status,ec1_0.title,ec1_0.updated_at from exception_cases ec1_0 order by ec1_0.created_at desc
2026-08-15T21:20:05.581+05:30 DEBUG 10736 --- [nio-8080-exec-7] m.m.a.RequestResponseBodyMethodProcessor : Using 'application/json', given [*/*] and supported [application/json, application/*+json, application/yaml]
2026-08-15T21:20:05.582+05:30 DEBUG 10736 --- [nio-8080-exec-7] m.m.a.RequestResponseBodyMethodProcessor : Writing [[]]
2026-08-15T21:20:05.580+05:30 DEBUG 10736 --- [nio-8080-exec-2] org.hibernate.SQL                        : select a1_0.id,a1_0.account_number,a1_0.available_balance,a1_0.created_at,a1_0.currency,a1_0.status,a1_0.user_id,a1_0.version from accounts a1_0
2026-08-15T21:20:05.583+05:30 DEBUG 10736 --- [nio-8080-exec-7] o.s.web.servlet.DispatcherServlet        : Completed 200 OK
2026-08-15T21:20:05.580+05:30 DEBUG 10736 --- [nio-8080-exec-5] org.hibernate.SQL                        : select ec1_0.id,ec1_0.amount,ec1_0.category,ec1_0.created_at,ec1_0.currency,ec1_0.evidence,ec1_0.owner,ec1_0.severity,ec1_0.status,ec1_0.title,ec1_0.updated_at from exception_cases ec1_0 order by ec1_0.created_at desc
2026-08-15T21:20:05.582+05:30 DEBUG 10736 --- [nio-8080-exec-4] org.hibernate.SQL                        : select a1_0.id,a1_0.account_number,a1_0.available_balance,a1_0.created_at,a1_0.currency,a1_0.status,a1_0.user_id,a1_0.version from accounts a1_0
2026-08-15T21:20:05.582+05:30 DEBUG 10736 --- [nio-8080-exec-9] m.m.a.RequestResponseBodyMethodProcessor : Using 'application/json', given [*/*] and supported [application/json, application/*+json, application/yaml]
2026-08-15T21:20:05.583+05:30 DEBUG 10736 --- [nio-8080-exec-2] m.m.a.RequestResponseBodyMethodProcessor : Using 'application/json', given [*/*] and supported [application/json, application/*+json, application/yaml]
2026-08-15T21:20:05.584+05:30 DEBUG 10736 --- [nio-8080-exec-5] m.m.a.RequestResponseBodyMethodProcessor : Using 'application/json', given [*/*] and supported [application/json, application/*+json, application/yaml]
2026-08-15T21:20:05.585+05:30 DEBUG 10736 --- [nio-8080-exec-9] m.m.a.RequestResponseBodyMethodProcessor : Writing [[{owner=Nisha � Payments Ops, title=Gateway settlement missing for captured payments, id=d9ebf868-67 (truncated)...]
2026-08-15T21:20:05.585+05:30 DEBUG 10736 --- [nio-8080-exec-2] m.m.a.RequestResponseBodyMethodProcessor : Writing [[{accountNumber=FC-100001, id=4e894728-ee87-4744-9b5e-e340a4d8741b, balance=1842680.0000, currency=I (truncated)...]
2026-08-15T21:20:05.586+05:30 DEBUG 10736 --- [nio-8080-exec-9] o.s.web.servlet.DispatcherServlet        : Completed 200 OK
2026-08-15T21:20:05.587+05:30 DEBUG 10736 --- [nio-8080-exec-2] o.s.web.servlet.DispatcherServlet        : Completed 200 OK
2026-08-15T21:20:05.585+05:30 DEBUG 10736 --- [nio-8080-exec-4] org.hibernate.SQL                        : select ec1_0.id,ec1_0.amount,ec1_0.category,ec1_0.created_at,ec1_0.currency,ec1_0.evidence,ec1_0.owner,ec1_0.severity,ec1_0.status,ec1_0.title,ec1_0.updated_at from exception_cases ec1_0 order by ec1_0.created_at desc
2026-08-15T21:20:05.586+05:30 DEBUG 10736 --- [nio-8080-exec-5] m.m.a.RequestResponseBodyMethodProcessor : Writing [{summary=3 exceptions account for 629250.00 INR of operational exposure., headline=Money needs atten (truncated)...]
2026-08-15T21:20:05.589+05:30 DEBUG 10736 --- [nio-8080-exec-4] m.m.a.RequestResponseBodyMethodProcessor : Using 'application/json', given [*/*] and supported [application/json, application/*+json, application/yaml]
2026-08-15T21:20:05.590+05:30 DEBUG 10736 --- [nio-8080-exec-4] m.m.a.RequestResponseBodyMethodProcessor : Writing [{exposure=629250.0000, openExceptions=3, availableBalance=2667600.0000, settlementHealth=ATTENTION,  (truncated)...]
2026-08-15T21:20:05.590+05:30 DEBUG 10736 --- [nio-8080-exec-5] o.s.web.servlet.DispatcherServlet        : Completed 200 OK
2026-08-15T21:20:05.591+05:30 DEBUG 10736 --- [nio-8080-exec-4] o.s.web.servlet.DispatcherServlet        : Completed 200 OK
2026-08-15T21:20:10.555+05:30 DEBUG 10736 --- [io-8080-exec-10] o.s.web.servlet.DispatcherServlet        : GET "/api/v1/control/overview", parameters={}
2026-08-15T21:20:10.555+05:30 DEBUG 10736 --- [nio-8080-exec-1] o.s.web.servlet.DispatcherServlet        : GET "/api/v1/payments", parameters={}
2026-08-15T21:20:10.555+05:30 DEBUG 10736 --- [nio-8080-exec-8] o.s.web.servlet.DispatcherServlet        : GET "/api/v1/control/exceptions", parameters={}
2026-08-15T21:20:10.555+05:30 DEBUG 10736 --- [nio-8080-exec-6] o.s.web.servlet.DispatcherServlet        : GET "/api/v1/accounts", parameters={}
2026-08-15T21:20:10.555+05:30 DEBUG 10736 --- [nio-8080-exec-3] o.s.web.servlet.DispatcherServlet        : GET "/api/v1/control/explain", parameters={}
2026-08-15T21:20:10.555+05:30 DEBUG 10736 --- [io-8080-exec-10] s.w.s.m.m.a.RequestMappingHandlerMapping : Mapped to com.finclear.api.ControlCenterController#overview()
2026-08-15T21:20:10.555+05:30 DEBUG 10736 --- [nio-8080-exec-1] s.w.s.m.m.a.RequestMappingHandlerMapping : Mapped to com.finclear.api.PaymentController#latest()
2026-08-15T21:20:10.555+05:30 DEBUG 10736 --- [nio-8080-exec-8] s.w.s.m.m.a.RequestMappingHandlerMapping : Mapped to com.finclear.api.ControlCenterController#cases()
2026-08-15T21:20:10.555+05:30 DEBUG 10736 --- [nio-8080-exec-6] s.w.s.m.m.a.RequestMappingHandlerMapping : Mapped to com.finclear.api.AccountController#all(Authentication)
2026-08-15T21:20:10.561+05:30 DEBUG 10736 --- [nio-8080-exec-1] org.hibernate.SQL                        : select p1_0.id,p1_0.amount,p1_0.created_at,p1_0.currency,p1_0.idempotency_key,p1_0.merchant,p1_0.payer_account_id,p1_0.status,p1_0.updated_at from payments p1_0 order by p1_0.created_at desc fetch first ? rows only
2026-08-15T21:20:10.555+05:30 DEBUG 10736 --- [nio-8080-exec-3] s.w.s.m.m.a.RequestMappingHandlerMapping : Mapped to com.finclear.api.ControlCenterController#explain()
2026-08-15T21:20:10.561+05:30 DEBUG 10736 --- [io-8080-exec-10] org.hibernate.SQL                        : select p1_0.id,p1_0.amount,p1_0.created_at,p1_0.currency,p1_0.idempotency_key,p1_0.merchant,p1_0.payer_account_id,p1_0.status,p1_0.updated_at from payments p1_0 order by p1_0.created_at desc fetch first ? rows only
2026-08-15T21:20:10.561+05:30 DEBUG 10736 --- [nio-8080-exec-8] org.hibernate.SQL                        : select ec1_0.id,ec1_0.amount,ec1_0.category,ec1_0.created_at,ec1_0.currency,ec1_0.evidence,ec1_0.owner,ec1_0.severity,ec1_0.status,ec1_0.title,ec1_0.updated_at from exception_cases ec1_0 order by ec1_0.created_at desc
2026-08-15T21:20:10.561+05:30 DEBUG 10736 --- [nio-8080-exec-6] org.hibernate.SQL                        : select a1_0.id,a1_0.account_number,a1_0.available_balance,a1_0.created_at,a1_0.currency,a1_0.status,a1_0.user_id,a1_0.version from accounts a1_0
2026-08-15T21:20:10.563+05:30 DEBUG 10736 --- [nio-8080-exec-1] m.m.a.RequestResponseBodyMethodProcessor : Using 'application/json', given [*/*] and supported [application/json, application/*+json, application/yaml]
2026-08-15T21:20:10.563+05:30 DEBUG 10736 --- [nio-8080-exec-3] org.hibernate.SQL                        : select ec1_0.id,ec1_0.amount,ec1_0.category,ec1_0.created_at,ec1_0.currency,ec1_0.evidence,ec1_0.owner,ec1_0.severity,ec1_0.status,ec1_0.title,ec1_0.updated_at from exception_cases ec1_0 order by ec1_0.created_at desc
2026-08-15T21:20:10.563+05:30 DEBUG 10736 --- [io-8080-exec-10] org.hibernate.SQL                        : select a1_0.id,a1_0.account_number,a1_0.available_balance,a1_0.created_at,a1_0.currency,a1_0.status,a1_0.user_id,a1_0.version from accounts a1_0
2026-08-15T21:20:10.565+05:30 DEBUG 10736 --- [nio-8080-exec-3] m.m.a.RequestResponseBodyMethodProcessor : Using 'application/json', given [*/*] and supported [application/json, application/*+json, application/yaml]
2026-08-15T21:20:10.565+05:30 DEBUG 10736 --- [nio-8080-exec-3] m.m.a.RequestResponseBodyMethodProcessor : Writing [{summary=3 exceptions account for 629250.00 INR of operational exposure., headline=Money needs atten (truncated)...]
2026-08-15T21:20:10.565+05:30 DEBUG 10736 --- [nio-8080-exec-8] m.m.a.RequestResponseBodyMethodProcessor : Using 'application/json', given [*/*] and supported [application/json, application/*+json, application/yaml]
2026-08-15T21:20:10.565+05:30 DEBUG 10736 --- [nio-8080-exec-1] m.m.a.RequestResponseBodyMethodProcessor : Writing [[]]
2026-08-15T21:20:10.565+05:30 DEBUG 10736 --- [nio-8080-exec-6] m.m.a.RequestResponseBodyMethodProcessor : Using 'application/json', given [*/*] and supported [application/json, application/*+json, application/yaml]
2026-08-15T21:20:10.565+05:30 DEBUG 10736 --- [io-8080-exec-10] org.hibernate.SQL                        : select ec1_0.id,ec1_0.amount,ec1_0.category,ec1_0.created_at,ec1_0.currency,ec1_0.evidence,ec1_0.owner,ec1_0.severity,ec1_0.status,ec1_0.title,ec1_0.updated_at from exception_cases ec1_0 order by ec1_0.created_at desc
2026-08-15T21:20:10.565+05:30 DEBUG 10736 --- [nio-8080-exec-3] o.s.web.servlet.DispatcherServlet        : Completed 200 OK
2026-08-15T21:20:10.565+05:30 DEBUG 10736 --- [nio-8080-exec-8] m.m.a.RequestResponseBodyMethodProcessor : Writing [[{owner=Nisha � Payments Ops, title=Gateway settlement missing for captured payments, id=d9ebf868-67 (truncated)...]
2026-08-15T21:20:10.569+05:30 DEBUG 10736 --- [nio-8080-exec-1] o.s.web.servlet.DispatcherServlet        : Completed 200 OK
2026-08-15T21:20:10.570+05:30 DEBUG 10736 --- [nio-8080-exec-6] m.m.a.RequestResponseBodyMethodProcessor : Writing [[{accountNumber=FC-100001, id=4e894728-ee87-4744-9b5e-e340a4d8741b, balance=1842680.0000, currency=I (truncated)...]
2026-08-15T21:20:10.572+05:30 DEBUG 10736 --- [io-8080-exec-10] m.m.a.RequestResponseBodyMethodProcessor : Using 'application/json', given [*/*] and supported [application/json, application/*+json, application/yaml]
2026-08-15T21:20:10.572+05:30 DEBUG 10736 --- [nio-8080-exec-8] o.s.web.servlet.DispatcherServlet        : Completed 200 OK
2026-08-15T21:20:10.572+05:30 DEBUG 10736 --- [nio-8080-exec-6] o.s.web.servlet.DispatcherServlet        : Completed 200 OK
2026-08-15T21:20:10.572+05:30 DEBUG 10736 --- [io-8080-exec-10] m.m.a.RequestResponseBodyMethodProcessor : Writing [{exposure=629250.0000, openExceptions=3, availableBalance=2667600.0000, settlementHealth=ATTENTION,  (truncated)...]
2026-08-15T21:20:10.572+05:30 DEBUG 10736 --- [io-8080-exec-10] o.s.web.servlet.DispatcherServlet        : Completed 200 OK
2026-08-15T21:20:15.564+05:30 DEBUG 10736 --- [nio-8080-exec-7] o.s.web.servlet.DispatcherServlet        : GET "/api/v1/control/overview", parameters={}
2026-08-15T21:20:15.567+05:30 DEBUG 10736 --- [nio-8080-exec-9] o.s.web.servlet.DispatcherServlet        : GET "/api/v1/control/exceptions", parameters={}
2026-08-15T21:20:15.567+05:30 DEBUG 10736 --- [nio-8080-exec-2] o.s.web.servlet.DispatcherServlet        : GET "/api/v1/payments", parameters={}
2026-08-15T21:20:15.570+05:30 DEBUG 10736 --- [nio-8080-exec-5] o.s.web.servlet.DispatcherServlet        : GET "/api/v1/control/explain", parameters={}
2026-08-15T21:20:15.570+05:30 DEBUG 10736 --- [nio-8080-exec-4] o.s.web.servlet.DispatcherServlet        : GET "/api/v1/accounts", parameters={}
2026-08-15T21:20:15.572+05:30 DEBUG 10736 --- [nio-8080-exec-7] s.w.s.m.m.a.RequestMappingHandlerMapping : Mapped to com.finclear.api.ControlCenterController#overview()
2026-08-15T21:20:15.572+05:30 DEBUG 10736 --- [nio-8080-exec-9] s.w.s.m.m.a.RequestMappingHandlerMapping : Mapped to com.finclear.api.ControlCenterController#cases()
2026-08-15T21:20:15.572+05:30 DEBUG 10736 --- [nio-8080-exec-2] s.w.s.m.m.a.RequestMappingHandlerMapping : Mapped to com.finclear.api.PaymentController#latest()
2026-08-15T21:20:15.572+05:30 DEBUG 10736 --- [nio-8080-exec-5] s.w.s.m.m.a.RequestMappingHandlerMapping : Mapped to com.finclear.api.ControlCenterController#explain()
2026-08-15T21:20:15.576+05:30 DEBUG 10736 --- [nio-8080-exec-9] org.hibernate.SQL                        : select ec1_0.id,ec1_0.amount,ec1_0.category,ec1_0.created_at,ec1_0.currency,ec1_0.evidence,ec1_0.owner,ec1_0.severity,ec1_0.status,ec1_0.title,ec1_0.updated_at from exception_cases ec1_0 order by ec1_0.created_at desc
2026-08-15T21:20:15.572+05:30 DEBUG 10736 --- [nio-8080-exec-4] s.w.s.m.m.a.RequestMappingHandlerMapping : Mapped to com.finclear.api.AccountController#all(Authentication)
2026-08-15T21:20:15.576+05:30 DEBUG 10736 --- [nio-8080-exec-7] org.hibernate.SQL                        : select p1_0.id,p1_0.amount,p1_0.created_at,p1_0.currency,p1_0.idempotency_key,p1_0.merchant,p1_0.payer_account_id,p1_0.status,p1_0.updated_at from payments p1_0 order by p1_0.created_at desc fetch first ? rows only
2026-08-15T21:20:15.576+05:30 DEBUG 10736 --- [nio-8080-exec-2] org.hibernate.SQL                        : select p1_0.id,p1_0.amount,p1_0.created_at,p1_0.currency,p1_0.idempotency_key,p1_0.merchant,p1_0.payer_account_id,p1_0.status,p1_0.updated_at from payments p1_0 order by p1_0.created_at desc fetch first ? rows only
2026-08-15T21:20:15.582+05:30 DEBUG 10736 --- [nio-8080-exec-2] m.m.a.RequestResponseBodyMethodProcessor : Using 'application/json', given [*/*] and supported [application/json, application/*+json, application/yaml]
2026-08-15T21:20:15.582+05:30 DEBUG 10736 --- [nio-8080-exec-2] m.m.a.RequestResponseBodyMethodProcessor : Writing [[]]
2026-08-15T21:20:15.576+05:30 DEBUG 10736 --- [nio-8080-exec-5] org.hibernate.SQL                        : select ec1_0.id,ec1_0.amount,ec1_0.category,ec1_0.created_at,ec1_0.currency,ec1_0.evidence,ec1_0.owner,ec1_0.severity,ec1_0.status,ec1_0.title,ec1_0.updated_at from exception_cases ec1_0 order by ec1_0.created_at desc
2026-08-15T21:20:15.582+05:30 DEBUG 10736 --- [nio-8080-exec-2] o.s.web.servlet.DispatcherServlet        : Completed 200 OK
2026-08-15T21:20:15.586+05:30 DEBUG 10736 --- [nio-8080-exec-5] m.m.a.RequestResponseBodyMethodProcessor : Using 'application/json', given [*/*] and supported [application/json, application/*+json, application/yaml]
2026-08-15T21:20:15.578+05:30 DEBUG 10736 --- [nio-8080-exec-9] m.m.a.RequestResponseBodyMethodProcessor : Using 'application/json', given [*/*] and supported [application/json, application/*+json, application/yaml]
2026-08-15T21:20:15.580+05:30 DEBUG 10736 --- [nio-8080-exec-4] org.hibernate.SQL                        : select a1_0.id,a1_0.account_number,a1_0.available_balance,a1_0.created_at,a1_0.currency,a1_0.status,a1_0.user_id,a1_0.version from accounts a1_0
2026-08-15T21:20:15.582+05:30 DEBUG 10736 --- [nio-8080-exec-7] org.hibernate.SQL                        : select a1_0.id,a1_0.account_number,a1_0.available_balance,a1_0.created_at,a1_0.currency,a1_0.status,a1_0.user_id,a1_0.version from accounts a1_0
2026-08-15T21:20:15.587+05:30 DEBUG 10736 --- [nio-8080-exec-5] m.m.a.RequestResponseBodyMethodProcessor : Writing [{summary=3 exceptions account for 629250.00 INR of operational exposure., headline=Money needs atten (truncated)...]
2026-08-15T21:20:15.587+05:30 DEBUG 10736 --- [nio-8080-exec-9] m.m.a.RequestResponseBodyMethodProcessor : Writing [[{owner=Nisha � Payments Ops, title=Gateway settlement missing for captured payments, id=d9ebf868-67 (truncated)...]
2026-08-15T21:20:15.590+05:30 DEBUG 10736 --- [nio-8080-exec-4] m.m.a.RequestResponseBodyMethodProcessor : Using 'application/json', given [*/*] and supported [application/json, application/*+json, application/yaml]
2026-08-15T21:20:15.590+05:30 DEBUG 10736 --- [nio-8080-exec-5] o.s.web.servlet.DispatcherServlet        : Completed 200 OK
2026-08-15T21:20:15.590+05:30 DEBUG 10736 --- [nio-8080-exec-7] org.hibernate.SQL                        : select ec1_0.id,ec1_0.amount,ec1_0.category,ec1_0.created_at,ec1_0.currency,ec1_0.evidence,ec1_0.owner,ec1_0.severity,ec1_0.status,ec1_0.title,ec1_0.updated_at from exception_cases ec1_0 order by ec1_0.created_at desc
2026-08-15T21:20:15.590+05:30 DEBUG 10736 --- [nio-8080-exec-9] o.s.web.servlet.DispatcherServlet        : Completed 200 OK
2026-08-15T21:20:15.590+05:30 DEBUG 10736 --- [nio-8080-exec-4] m.m.a.RequestResponseBodyMethodProcessor : Writing [[{accountNumber=FC-100001, id=4e894728-ee87-4744-9b5e-e340a4d8741b, balance=1842680.0000, currency=I (truncated)...]
2026-08-15T21:20:15.594+05:30 DEBUG 10736 --- [nio-8080-exec-7] m.m.a.RequestResponseBodyMethodProcessor : Using 'application/json', given [*/*] and supported [application/json, application/*+json, application/yaml]
2026-08-15T21:20:15.594+05:30 DEBUG 10736 --- [nio-8080-exec-4] o.s.web.servlet.DispatcherServlet        : Completed 200 OK
2026-08-15T21:20:15.595+05:30 DEBUG 10736 --- [nio-8080-exec-7] m.m.a.RequestResponseBodyMethodProcessor : Writing [{exposure=629250.0000, openExceptions=3, availableBalance=2667600.0000, settlementHealth=ATTENTION,  (truncated)...]
2026-08-15T21:20:15.597+05:30 DEBUG 10736 --- [nio-8080-exec-7] o.s.web.servlet.DispatcherServlet        : Completed 200 OK
2026-08-15T21:20:20.556+05:30 DEBUG 10736 --- [nio-8080-exec-1] o.s.web.servlet.DispatcherServlet        : GET "/api/v1/control/exceptions", parameters={}
2026-08-15T21:20:20.556+05:30 DEBUG 10736 --- [nio-8080-exec-3] o.s.web.servlet.DispatcherServlet        : GET "/api/v1/control/overview", parameters={}
2026-08-15T21:20:20.556+05:30 DEBUG 10736 --- [nio-8080-exec-1] s.w.s.m.m.a.RequestMappingHandlerMapping : Mapped to com.finclear.api.ControlCenterController#cases()
2026-08-15T21:20:20.557+05:30 DEBUG 10736 --- [nio-8080-exec-3] s.w.s.m.m.a.RequestMappingHandlerMapping : Mapped to com.finclear.api.ControlCenterController#overview()
2026-08-15T21:20:20.558+05:30 DEBUG 10736 --- [nio-8080-exec-1] org.hibernate.SQL                        : select ec1_0.id,ec1_0.amount,ec1_0.category,ec1_0.created_at,ec1_0.currency,ec1_0.evidence,ec1_0.owner,ec1_0.severity,ec1_0.status,ec1_0.title,ec1_0.updated_at from exception_cases ec1_0 order by ec1_0.created_at desc
2026-08-15T21:20:20.559+05:30 DEBUG 10736 --- [nio-8080-exec-3] org.hibernate.SQL                        : select p1_0.id,p1_0.amount,p1_0.created_at,p1_0.currency,p1_0.idempotency_key,p1_0.merchant,p1_0.payer_account_id,p1_0.status,p1_0.updated_at from payments p1_0 order by p1_0.created_at desc fetch first ? rows only
2026-08-15T21:20:20.559+05:30 DEBUG 10736 --- [nio-8080-exec-8] o.s.web.servlet.DispatcherServlet        : GET "/api/v1/payments", parameters={}
2026-08-15T21:20:20.560+05:30 DEBUG 10736 --- [nio-8080-exec-1] m.m.a.RequestResponseBodyMethodProcessor : Using 'application/json', given [*/*] and supported [application/json, application/*+json, application/yaml]
2026-08-15T21:20:20.561+05:30 DEBUG 10736 --- [nio-8080-exec-1] m.m.a.RequestResponseBodyMethodProcessor : Writing [[{owner=Nisha � Payments Ops, title=Gateway settlement missing for captured payments, id=d9ebf868-67 (truncated)...]
2026-08-15T21:20:20.561+05:30 DEBUG 10736 --- [nio-8080-exec-8] s.w.s.m.m.a.RequestMappingHandlerMapping : Mapped to com.finclear.api.PaymentController#latest()
2026-08-15T21:20:20.562+05:30 DEBUG 10736 --- [nio-8080-exec-6] o.s.web.servlet.DispatcherServlet        : GET "/api/v1/accounts", parameters={}
2026-08-15T21:20:20.563+05:30 DEBUG 10736 --- [nio-8080-exec-8] org.hibernate.SQL                        : select p1_0.id,p1_0.amount,p1_0.created_at,p1_0.currency,p1_0.idempotency_key,p1_0.merchant,p1_0.payer_account_id,p1_0.status,p1_0.updated_at from payments p1_0 order by p1_0.created_at desc fetch first ? rows only
2026-08-15T21:20:20.562+05:30 DEBUG 10736 --- [nio-8080-exec-3] org.hibernate.SQL                        : select a1_0.id,a1_0.account_number,a1_0.available_balance,a1_0.created_at,a1_0.currency,a1_0.status,a1_0.user_id,a1_0.version from accounts a1_0
2026-08-15T21:20:20.563+05:30 DEBUG 10736 --- [io-8080-exec-10] o.s.web.servlet.DispatcherServlet        : GET "/api/v1/control/explain", parameters={}
2026-08-15T21:20:20.563+05:30 DEBUG 10736 --- [nio-8080-exec-1] o.s.web.servlet.DispatcherServlet        : Completed 200 OK
2026-08-15T21:20:20.565+05:30 DEBUG 10736 --- [nio-8080-exec-8] m.m.a.RequestResponseBodyMethodProcessor : Using 'application/json', given [*/*] and supported [application/json, application/*+json, application/yaml]
2026-08-15T21:20:20.563+05:30 DEBUG 10736 --- [nio-8080-exec-6] s.w.s.m.m.a.RequestMappingHandlerMapping : Mapped to com.finclear.api.AccountController#all(Authentication)
2026-08-15T21:20:20.565+05:30 DEBUG 10736 --- [io-8080-exec-10] s.w.s.m.m.a.RequestMappingHandlerMapping : Mapped to com.finclear.api.ControlCenterController#explain()
2026-08-15T21:20:20.566+05:30 DEBUG 10736 --- [nio-8080-exec-3] org.hibernate.SQL                        : select ec1_0.id,ec1_0.amount,ec1_0.category,ec1_0.created_at,ec1_0.currency,ec1_0.evidence,ec1_0.owner,ec1_0.severity,ec1_0.status,ec1_0.title,ec1_0.updated_at from exception_cases ec1_0 order by ec1_0.created_at desc
2026-08-15T21:20:20.566+05:30 DEBUG 10736 --- [nio-8080-exec-8] m.m.a.RequestResponseBodyMethodProcessor : Writing [[]]
2026-08-15T21:20:20.567+05:30 DEBUG 10736 --- [io-8080-exec-10] org.hibernate.SQL                        : select ec1_0.id,ec1_0.amount,ec1_0.category,ec1_0.created_at,ec1_0.currency,ec1_0.evidence,ec1_0.owner,ec1_0.severity,ec1_0.status,ec1_0.title,ec1_0.updated_at from exception_cases ec1_0 order by ec1_0.created_at desc
2026-08-15T21:20:20.569+05:30 DEBUG 10736 --- [nio-8080-exec-8] o.s.web.servlet.DispatcherServlet        : Completed 200 OK
2026-08-15T21:20:20.569+05:30 DEBUG 10736 --- [io-8080-exec-10] m.m.a.RequestResponseBodyMethodProcessor : Using 'application/json', given [*/*] and supported [application/json, application/*+json, application/yaml]
2026-08-15T21:20:20.571+05:30 DEBUG 10736 --- [io-8080-exec-10] m.m.a.RequestResponseBodyMethodProcessor : Writing [{summary=3 exceptions account for 629250.00 INR of operational exposure., headline=Money needs atten (truncated)...]
2026-08-15T21:20:20.567+05:30 DEBUG 10736 --- [nio-8080-exec-6] org.hibernate.SQL                        : select a1_0.id,a1_0.account_number,a1_0.available_balance,a1_0.created_at,a1_0.currency,a1_0.status,a1_0.user_id,a1_0.version from accounts a1_0
2026-08-15T21:20:20.569+05:30 DEBUG 10736 --- [nio-8080-exec-3] m.m.a.RequestResponseBodyMethodProcessor : Using 'application/json', given [*/*] and supported [application/json, application/*+json, application/yaml]
2026-08-15T21:20:20.572+05:30 DEBUG 10736 --- [io-8080-exec-10] o.s.web.servlet.DispatcherServlet        : Completed 200 OK
2026-08-15T21:20:20.573+05:30 DEBUG 10736 --- [nio-8080-exec-6] m.m.a.RequestResponseBodyMethodProcessor : Using 'application/json', given [*/*] and supported [application/json, application/*+json, application/yaml]
2026-08-15T21:20:20.573+05:30 DEBUG 10736 --- [nio-8080-exec-3] m.m.a.RequestResponseBodyMethodProcessor : Writing [{exposure=629250.0000, openExceptions=3, availableBalance=2667600.0000, settlementHealth=ATTENTION,  (truncated)...]
2026-08-15T21:20:20.573+05:30 DEBUG 10736 --- [nio-8080-exec-6] m.m.a.RequestResponseBodyMethodProcessor : Writing [[{accountNumber=FC-100001, id=4e894728-ee87-4744-9b5e-e340a4d8741b, balance=1842680.0000, currency=I (truncated)...]
2026-08-15T21:20:20.574+05:30 DEBUG 10736 --- [nio-8080-exec-3] o.s.web.servlet.DispatcherServlet        : Completed 200 OK
2026-08-15T21:20:20.576+05:30 DEBUG 10736 --- [nio-8080-exec-6] o.s.web.servlet.DispatcherServlet        : Completed 200 OK
2026-08-15T21:20:25.556+05:30 DEBUG 10736 --- [nio-8080-exec-2] o.s.web.servlet.DispatcherServlet        : GET "/api/v1/control/overview", parameters={}
2026-08-15T21:20:25.559+05:30 DEBUG 10736 --- [nio-8080-exec-4] o.s.web.servlet.DispatcherServlet        : GET "/api/v1/accounts", parameters={}
2026-08-15T21:20:25.560+05:30 DEBUG 10736 --- [nio-8080-exec-9] o.s.web.servlet.DispatcherServlet        : GET "/api/v1/payments", parameters={}
2026-08-15T21:20:25.560+05:30 DEBUG 10736 --- [nio-8080-exec-5] o.s.web.servlet.DispatcherServlet        : GET "/api/v1/control/exceptions", parameters={}
2026-08-15T21:20:25.560+05:30 DEBUG 10736 --- [nio-8080-exec-7] o.s.web.servlet.DispatcherServlet        : GET "/api/v1/control/explain", parameters={}
2026-08-15T21:20:25.564+05:30 DEBUG 10736 --- [nio-8080-exec-2] s.w.s.m.m.a.RequestMappingHandlerMapping : Mapped to com.finclear.api.ControlCenterController#overview()
2026-08-15T21:20:25.564+05:30 DEBUG 10736 --- [nio-8080-exec-4] s.w.s.m.m.a.RequestMappingHandlerMapping : Mapped to com.finclear.api.AccountController#all(Authentication)
2026-08-15T21:20:25.564+05:30 DEBUG 10736 --- [nio-8080-exec-9] s.w.s.m.m.a.RequestMappingHandlerMapping : Mapped to com.finclear.api.PaymentController#latest()
2026-08-15T21:20:25.564+05:30 DEBUG 10736 --- [nio-8080-exec-5] s.w.s.m.m.a.RequestMappingHandlerMapping : Mapped to com.finclear.api.ControlCenterController#cases()
2026-08-15T21:20:25.568+05:30 DEBUG 10736 --- [nio-8080-exec-7] s.w.s.m.m.a.RequestMappingHandlerMapping : Mapped to com.finclear.api.ControlCenterController#explain()
2026-08-15T21:20:25.571+05:30 DEBUG 10736 --- [nio-8080-exec-5] org.hibernate.SQL                        : select ec1_0.id,ec1_0.amount,ec1_0.category,ec1_0.created_at,ec1_0.currency,ec1_0.evidence,ec1_0.owner,ec1_0.severity,ec1_0.status,ec1_0.title,ec1_0.updated_at from exception_cases ec1_0 order by ec1_0.created_at desc
2026-08-15T21:20:25.570+05:30 DEBUG 10736 --- [nio-8080-exec-2] org.hibernate.SQL                        : select p1_0.id,p1_0.amount,p1_0.created_at,p1_0.currency,p1_0.idempotency_key,p1_0.merchant,p1_0.payer_account_id,p1_0.status,p1_0.updated_at from payments p1_0 order by p1_0.created_at desc fetch first ? rows only
2026-08-15T21:20:25.570+05:30 DEBUG 10736 --- [nio-8080-exec-4] org.hibernate.SQL                        : select a1_0.id,a1_0.account_number,a1_0.available_balance,a1_0.created_at,a1_0.currency,a1_0.status,a1_0.user_id,a1_0.version from accounts a1_0
2026-08-15T21:20:25.571+05:30 DEBUG 10736 --- [nio-8080-exec-5] m.m.a.RequestResponseBodyMethodProcessor : Using 'application/json', given [*/*] and supported [application/json, application/*+json, application/yaml]
2026-08-15T21:20:25.571+05:30 DEBUG 10736 --- [nio-8080-exec-7] org.hibernate.SQL                        : select ec1_0.id,ec1_0.amount,ec1_0.category,ec1_0.created_at,ec1_0.currency,ec1_0.evidence,ec1_0.owner,ec1_0.severity,ec1_0.status,ec1_0.title,ec1_0.updated_at from exception_cases ec1_0 order by ec1_0.created_at desc
2026-08-15T21:20:25.571+05:30 DEBUG 10736 --- [nio-8080-exec-9] org.hibernate.SQL                        : select p1_0.id,p1_0.amount,p1_0.created_at,p1_0.currency,p1_0.idempotency_key,p1_0.merchant,p1_0.payer_account_id,p1_0.status,p1_0.updated_at from payments p1_0 order by p1_0.created_at desc fetch first ? rows only
2026-08-15T21:20:25.571+05:30 DEBUG 10736 --- [nio-8080-exec-2] org.hibernate.SQL                        : select a1_0.id,a1_0.account_number,a1_0.available_balance,a1_0.created_at,a1_0.currency,a1_0.status,a1_0.user_id,a1_0.version from accounts a1_0
2026-08-15T21:20:25.574+05:30 DEBUG 10736 --- [nio-8080-exec-4] m.m.a.RequestResponseBodyMethodProcessor : Using 'application/json', given [*/*] and supported [application/json, application/*+json, application/yaml]
2026-08-15T21:20:25.574+05:30 DEBUG 10736 --- [nio-8080-exec-5] m.m.a.RequestResponseBodyMethodProcessor : Writing [[{owner=Nisha � Payments Ops, title=Gateway settlement missing for captured payments, id=d9ebf868-67 (truncated)...]
2026-08-15T21:20:25.575+05:30 DEBUG 10736 --- [nio-8080-exec-7] m.m.a.RequestResponseBodyMethodProcessor : Using 'application/json', given [*/*] and supported [application/json, application/*+json, application/yaml]
2026-08-15T21:20:25.575+05:30 DEBUG 10736 --- [nio-8080-exec-9] m.m.a.RequestResponseBodyMethodProcessor : Using 'application/json', given [*/*] and supported [application/json, application/*+json, application/yaml]
2026-08-15T21:20:25.576+05:30 DEBUG 10736 --- [nio-8080-exec-4] m.m.a.RequestResponseBodyMethodProcessor : Writing [[{accountNumber=FC-100001, id=4e894728-ee87-4744-9b5e-e340a4d8741b, balance=1842680.0000, currency=I (truncated)...]
2026-08-15T21:20:25.576+05:30 DEBUG 10736 --- [nio-8080-exec-2] org.hibernate.SQL                        : select ec1_0.id,ec1_0.amount,ec1_0.category,ec1_0.created_at,ec1_0.currency,ec1_0.evidence,ec1_0.owner,ec1_0.severity,ec1_0.status,ec1_0.title,ec1_0.updated_at from exception_cases ec1_0 order by ec1_0.created_at desc
2026-08-15T21:20:25.576+05:30 DEBUG 10736 --- [nio-8080-exec-4] o.s.web.servlet.DispatcherServlet        : Completed 200 OK
2026-08-15T21:20:25.576+05:30 DEBUG 10736 --- [nio-8080-exec-2] m.m.a.RequestResponseBodyMethodProcessor : Using 'application/json', given [*/*] and supported [application/json, application/*+json, application/yaml]
2026-08-15T21:20:25.576+05:30 DEBUG 10736 --- [nio-8080-exec-5] o.s.web.servlet.DispatcherServlet        : Completed 200 OK
2026-08-15T21:20:25.576+05:30 DEBUG 10736 --- [nio-8080-exec-7] m.m.a.RequestResponseBodyMethodProcessor : Writing [{summary=3 exceptions account for 629250.00 INR of operational exposure., headline=Money needs atten (truncated)...]
2026-08-15T21:20:25.576+05:30 DEBUG 10736 --- [nio-8080-exec-9] m.m.a.RequestResponseBodyMethodProcessor : Writing [[]]
2026-08-15T21:20:25.576+05:30 DEBUG 10736 --- [nio-8080-exec-2] m.m.a.RequestResponseBodyMethodProcessor : Writing [{exposure=629250.0000, openExceptions=3, availableBalance=2667600.0000, settlementHealth=ATTENTION,  (truncated)...]
2026-08-15T21:20:25.582+05:30 DEBUG 10736 --- [nio-8080-exec-7] o.s.web.servlet.DispatcherServlet        : Completed 200 OK
2026-08-15T21:20:25.583+05:30 DEBUG 10736 --- [nio-8080-exec-9] o.s.web.servlet.DispatcherServlet        : Completed 200 OK
2026-08-15T21:20:25.583+05:30 DEBUG 10736 --- [nio-8080-exec-2] o.s.web.servlet.DispatcherServlet        : Completed 200 OK
2026-08-15T21:20:30.602+05:30 DEBUG 10736 --- [nio-8080-exec-1] o.s.web.servlet.DispatcherServlet        : GET "/api/v1/control/overview", parameters={}
2026-08-15T21:20:30.606+05:30 DEBUG 10736 --- [nio-8080-exec-8] o.s.web.servlet.DispatcherServlet        : GET "/api/v1/control/exceptions", parameters={}
2026-08-15T21:20:30.606+05:30 DEBUG 10736 --- [io-8080-exec-10] o.s.web.servlet.DispatcherServlet        : GET "/api/v1/payments", parameters={}
2026-08-15T21:20:30.607+05:30 DEBUG 10736 --- [nio-8080-exec-6] o.s.web.servlet.DispatcherServlet        : GET "/api/v1/control/explain", parameters={}
2026-08-15T21:20:30.607+05:30 DEBUG 10736 --- [nio-8080-exec-3] o.s.web.servlet.DispatcherServlet        : GET "/api/v1/accounts", parameters={}
2026-08-15T21:20:30.611+05:30 DEBUG 10736 --- [nio-8080-exec-1] s.w.s.m.m.a.RequestMappingHandlerMapping : Mapped to com.finclear.api.ControlCenterController#overview()
2026-08-15T21:20:30.612+05:30 DEBUG 10736 --- [nio-8080-exec-8] s.w.s.m.m.a.RequestMappingHandlerMapping : Mapped to com.finclear.api.ControlCenterController#cases()
2026-08-15T21:20:30.612+05:30 DEBUG 10736 --- [io-8080-exec-10] s.w.s.m.m.a.RequestMappingHandlerMapping : Mapped to com.finclear.api.PaymentController#latest()
2026-08-15T21:20:30.613+05:30 DEBUG 10736 --- [nio-8080-exec-6] s.w.s.m.m.a.RequestMappingHandlerMapping : Mapped to com.finclear.api.ControlCenterController#explain()
2026-08-15T21:20:30.615+05:30 DEBUG 10736 --- [nio-8080-exec-1] org.hibernate.SQL                        : select p1_0.id,p1_0.amount,p1_0.created_at,p1_0.currency,p1_0.idempotency_key,p1_0.merchant,p1_0.payer_account_id,p1_0.status,p1_0.updated_at from payments p1_0 order by p1_0.created_at desc fetch first ? rows only
2026-08-15T21:20:30.616+05:30 DEBUG 10736 --- [io-8080-exec-10] org.hibernate.SQL                        : select p1_0.id,p1_0.amount,p1_0.created_at,p1_0.currency,p1_0.idempotency_key,p1_0.merchant,p1_0.payer_account_id,p1_0.status,p1_0.updated_at from payments p1_0 order by p1_0.created_at desc fetch first ? rows only
2026-08-15T21:20:30.613+05:30 DEBUG 10736 --- [nio-8080-exec-3] s.w.s.m.m.a.RequestMappingHandlerMapping : Mapped to com.finclear.api.AccountController#all(Authentication)
2026-08-15T21:20:30.617+05:30 DEBUG 10736 --- [io-8080-exec-10] m.m.a.RequestResponseBodyMethodProcessor : Using 'application/json', given [*/*] and supported [application/json, application/*+json, application/yaml]
2026-08-15T21:20:30.616+05:30 DEBUG 10736 --- [nio-8080-exec-8] org.hibernate.SQL                        : select ec1_0.id,ec1_0.amount,ec1_0.category,ec1_0.created_at,ec1_0.currency,ec1_0.evidence,ec1_0.owner,ec1_0.severity,ec1_0.status,ec1_0.title,ec1_0.updated_at from exception_cases ec1_0 order by ec1_0.created_at desc
2026-08-15T21:20:30.616+05:30 DEBUG 10736 --- [nio-8080-exec-6] org.hibernate.SQL                        : select ec1_0.id,ec1_0.amount,ec1_0.category,ec1_0.created_at,ec1_0.currency,ec1_0.evidence,ec1_0.owner,ec1_0.severity,ec1_0.status,ec1_0.title,ec1_0.updated_at from exception_cases ec1_0 order by ec1_0.created_at desc
2026-08-15T21:20:30.617+05:30 DEBUG 10736 --- [nio-8080-exec-1] org.hibernate.SQL                        : select a1_0.id,a1_0.account_number,a1_0.available_balance,a1_0.created_at,a1_0.currency,a1_0.status,a1_0.user_id,a1_0.version from accounts a1_0
2026-08-15T21:20:30.618+05:30 DEBUG 10736 --- [nio-8080-exec-3] org.hibernate.SQL                        : select a1_0.id,a1_0.account_number,a1_0.available_balance,a1_0.created_at,a1_0.currency,a1_0.status,a1_0.user_id,a1_0.version from accounts a1_0
2026-08-15T21:20:30.618+05:30 DEBUG 10736 --- [io-8080-exec-10] m.m.a.RequestResponseBodyMethodProcessor : Writing [[]]
2026-08-15T21:20:30.618+05:30 DEBUG 10736 --- [nio-8080-exec-8] m.m.a.RequestResponseBodyMethodProcessor : Using 'application/json', given [*/*] and supported [application/json, application/*+json, application/yaml]
2026-08-15T21:20:30.620+05:30 DEBUG 10736 --- [nio-8080-exec-6] m.m.a.RequestResponseBodyMethodProcessor : Using 'application/json', given [*/*] and supported [application/json, application/*+json, application/yaml]
2026-08-15T21:20:30.621+05:30 DEBUG 10736 --- [nio-8080-exec-3] m.m.a.RequestResponseBodyMethodProcessor : Using 'application/json', given [*/*] and supported [application/json, application/*+json, application/yaml]
2026-08-15T21:20:30.621+05:30 DEBUG 10736 --- [io-8080-exec-10] o.s.web.servlet.DispatcherServlet        : Completed 200 OK
2026-08-15T21:20:30.621+05:30 DEBUG 10736 --- [nio-8080-exec-1] org.hibernate.SQL                        : select ec1_0.id,ec1_0.amount,ec1_0.category,ec1_0.created_at,ec1_0.currency,ec1_0.evidence,ec1_0.owner,ec1_0.severity,ec1_0.status,ec1_0.title,ec1_0.updated_at from exception_cases ec1_0 order by ec1_0.created_at desc
2026-08-15T21:20:30.622+05:30 DEBUG 10736 --- [nio-8080-exec-8] m.m.a.RequestResponseBodyMethodProcessor : Writing [[{owner=Nisha � Payments Ops, title=Gateway settlement missing for captured payments, id=d9ebf868-67 (truncated)...]
2026-08-15T21:20:30.622+05:30 DEBUG 10736 --- [nio-8080-exec-1] m.m.a.RequestResponseBodyMethodProcessor : Using 'application/json', given [*/*] and supported [application/json, application/*+json, application/yaml]
2026-08-15T21:20:30.626+05:30 DEBUG 10736 --- [nio-8080-exec-1] m.m.a.RequestResponseBodyMethodProcessor : Writing [{exposure=629250.0000, openExceptions=3, availableBalance=2667600.0000, settlementHealth=ATTENTION,  (truncated)...]
2026-08-15T21:20:30.626+05:30 DEBUG 10736 --- [nio-8080-exec-1] o.s.web.servlet.DispatcherServlet        : Completed 200 OK
2026-08-15T21:20:30.622+05:30 DEBUG 10736 --- [nio-8080-exec-6] m.m.a.RequestResponseBodyMethodProcessor : Writing [{summary=3 exceptions account for 629250.00 INR of operational exposure., headline=Money needs atten (truncated)...]
2026-08-15T21:20:30.622+05:30 DEBUG 10736 --- [nio-8080-exec-3] m.m.a.RequestResponseBodyMethodProcessor : Writing [[{accountNumber=FC-100001, id=4e894728-ee87-4744-9b5e-e340a4d8741b, balance=1842680.0000, currency=I (truncated)...]
2026-08-15T21:20:30.629+05:30 DEBUG 10736 --- [nio-8080-exec-6] o.s.web.servlet.DispatcherServlet        : Completed 200 OK
2026-08-15T21:20:30.622+05:30 DEBUG 10736 --- [nio-8080-exec-8] o.s.web.servlet.DispatcherServlet        : Completed 200 OK
2026-08-15T21:20:30.629+05:30 DEBUG 10736 --- [nio-8080-exec-3] o.s.web.servlet.DispatcherServlet        : Completed 200 OK
2026-08-15T21:20:35.557+05:30 DEBUG 10736 --- [nio-8080-exec-2] o.s.web.servlet.DispatcherServlet        : GET "/api/v1/control/exceptions", parameters={}
2026-08-15T21:20:35.557+05:30 DEBUG 10736 --- [nio-8080-exec-4] o.s.web.servlet.DispatcherServlet        : GET "/api/v1/control/overview", parameters={}
2026-08-15T21:20:35.565+05:30 DEBUG 10736 --- [nio-8080-exec-2] s.w.s.m.m.a.RequestMappingHandlerMapping : Mapped to com.finclear.api.ControlCenterController#cases()
2026-08-15T21:20:35.557+05:30 DEBUG 10736 --- [nio-8080-exec-5] o.s.web.servlet.DispatcherServlet        : GET "/api/v1/payments", parameters={}
2026-08-15T21:20:35.561+05:30 DEBUG 10736 --- [nio-8080-exec-9] o.s.web.servlet.DispatcherServlet        : GET "/api/v1/accounts", parameters={}
2026-08-15T21:20:35.561+05:30 DEBUG 10736 --- [nio-8080-exec-7] o.s.web.servlet.DispatcherServlet        : GET "/api/v1/control/explain", parameters={}
2026-08-15T21:20:35.565+05:30 DEBUG 10736 --- [nio-8080-exec-4] s.w.s.m.m.a.RequestMappingHandlerMapping : Mapped to com.finclear.api.ControlCenterController#overview()
2026-08-15T21:20:35.567+05:30 DEBUG 10736 --- [nio-8080-exec-5] s.w.s.m.m.a.RequestMappingHandlerMapping : Mapped to com.finclear.api.PaymentController#latest()
2026-08-15T21:20:35.567+05:30 DEBUG 10736 --- [nio-8080-exec-2] org.hibernate.SQL                        : select ec1_0.id,ec1_0.amount,ec1_0.category,ec1_0.created_at,ec1_0.currency,ec1_0.evidence,ec1_0.owner,ec1_0.severity,ec1_0.status,ec1_0.title,ec1_0.updated_at from exception_cases ec1_0 order by ec1_0.created_at desc
2026-08-15T21:20:35.568+05:30 DEBUG 10736 --- [nio-8080-exec-9] s.w.s.m.m.a.RequestMappingHandlerMapping : Mapped to com.finclear.api.AccountController#all(Authentication)
2026-08-15T21:20:35.568+05:30 DEBUG 10736 --- [nio-8080-exec-7] s.w.s.m.m.a.RequestMappingHandlerMapping : Mapped to com.finclear.api.ControlCenterController#explain()
2026-08-15T21:20:35.568+05:30 DEBUG 10736 --- [nio-8080-exec-4] org.hibernate.SQL                        : select p1_0.id,p1_0.amount,p1_0.created_at,p1_0.currency,p1_0.idempotency_key,p1_0.merchant,p1_0.payer_account_id,p1_0.status,p1_0.updated_at from payments p1_0 order by p1_0.created_at desc fetch first ? rows only
2026-08-15T21:20:35.568+05:30 DEBUG 10736 --- [nio-8080-exec-9] org.hibernate.SQL                        : select a1_0.id,a1_0.account_number,a1_0.available_balance,a1_0.created_at,a1_0.currency,a1_0.status,a1_0.user_id,a1_0.version from accounts a1_0
2026-08-15T21:20:35.568+05:30 DEBUG 10736 --- [nio-8080-exec-5] org.hibernate.SQL                        : select p1_0.id,p1_0.amount,p1_0.created_at,p1_0.currency,p1_0.idempotency_key,p1_0.merchant,p1_0.payer_account_id,p1_0.status,p1_0.updated_at from payments p1_0 order by p1_0.created_at desc fetch first ? rows only
2026-08-15T21:20:35.568+05:30 DEBUG 10736 --- [nio-8080-exec-4] org.hibernate.SQL                        : select a1_0.id,a1_0.account_number,a1_0.available_balance,a1_0.created_at,a1_0.currency,a1_0.status,a1_0.user_id,a1_0.version from accounts a1_0
2026-08-15T21:20:35.568+05:30 DEBUG 10736 --- [nio-8080-exec-2] m.m.a.RequestResponseBodyMethodProcessor : Using 'application/json', given [*/*] and supported [application/json, application/*+json, application/yaml]
2026-08-15T21:20:35.568+05:30 DEBUG 10736 --- [nio-8080-exec-7] org.hibernate.SQL                        : select ec1_0.id,ec1_0.amount,ec1_0.category,ec1_0.created_at,ec1_0.currency,ec1_0.evidence,ec1_0.owner,ec1_0.severity,ec1_0.status,ec1_0.title,ec1_0.updated_at from exception_cases ec1_0 order by ec1_0.created_at desc
2026-08-15T21:20:35.568+05:30 DEBUG 10736 --- [nio-8080-exec-9] m.m.a.RequestResponseBodyMethodProcessor : Using 'application/json', given [*/*] and supported [application/json, application/*+json, application/yaml]
2026-08-15T21:20:35.568+05:30 DEBUG 10736 --- [nio-8080-exec-4] org.hibernate.SQL                        : select ec1_0.id,ec1_0.amount,ec1_0.category,ec1_0.created_at,ec1_0.currency,ec1_0.evidence,ec1_0.owner,ec1_0.severity,ec1_0.status,ec1_0.title,ec1_0.updated_at from exception_cases ec1_0 order by ec1_0.created_at desc
2026-08-15T21:20:35.568+05:30 DEBUG 10736 --- [nio-8080-exec-5] m.m.a.RequestResponseBodyMethodProcessor : Using 'application/json', given [*/*] and supported [application/json, application/*+json, application/yaml]
2026-08-15T21:20:35.568+05:30 DEBUG 10736 --- [nio-8080-exec-2] m.m.a.RequestResponseBodyMethodProcessor : Writing [[{owner=Nisha � Payments Ops, title=Gateway settlement missing for captured payments, id=d9ebf868-67 (truncated)...]
2026-08-15T21:20:35.568+05:30 DEBUG 10736 --- [nio-8080-exec-9] m.m.a.RequestResponseBodyMethodProcessor : Writing [[{accountNumber=FC-100001, id=4e894728-ee87-4744-9b5e-e340a4d8741b, balance=1842680.0000, currency=I (truncated)...]
2026-08-15T21:20:35.576+05:30 DEBUG 10736 --- [nio-8080-exec-7] m.m.a.RequestResponseBodyMethodProcessor : Using 'application/json', given [*/*] and supported [application/json, application/*+json, application/yaml]
2026-08-15T21:20:35.576+05:30 DEBUG 10736 --- [nio-8080-exec-7] m.m.a.RequestResponseBodyMethodProcessor : Writing [{summary=3 exceptions account for 629250.00 INR of operational exposure., headline=Money needs atten (truncated)...]
2026-08-15T21:20:35.580+05:30 DEBUG 10736 --- [nio-8080-exec-7] o.s.web.servlet.DispatcherServlet        : Completed 200 OK
2026-08-15T21:20:35.576+05:30 DEBUG 10736 --- [nio-8080-exec-5] m.m.a.RequestResponseBodyMethodProcessor : Writing [[]]
2026-08-15T21:20:35.576+05:30 DEBUG 10736 --- [nio-8080-exec-4] m.m.a.RequestResponseBodyMethodProcessor : Using 'application/json', given [*/*] and supported [application/json, application/*+json, application/yaml]
2026-08-15T21:20:35.576+05:30 DEBUG 10736 --- [nio-8080-exec-2] o.s.web.servlet.DispatcherServlet        : Completed 200 OK
2026-08-15T21:20:35.576+05:30 DEBUG 10736 --- [nio-8080-exec-9] o.s.web.servlet.DispatcherServlet        : Completed 200 OK
2026-08-15T21:20:35.582+05:30 DEBUG 10736 --- [nio-8080-exec-5] o.s.web.servlet.DispatcherServlet        : Completed 200 OK
2026-08-15T21:20:35.582+05:30 DEBUG 10736 --- [nio-8080-exec-4] m.m.a.RequestResponseBodyMethodProcessor : Writing [{exposure=629250.0000, openExceptions=3, availableBalance=2667600.0000, settlementHealth=ATTENTION,  (truncated)...]
2026-08-15T21:20:35.587+05:30 DEBUG 10736 --- [nio-8080-exec-4] o.s.web.servlet.DispatcherServlet        : Completed 200 OK
2026-08-15T21:20:40.554+05:30 DEBUG 10736 --- [io-8080-exec-10] o.s.web.servlet.DispatcherServlet        : GET "/api/v1/control/overview", parameters={}
2026-08-15T21:20:40.560+05:30 DEBUG 10736 --- [nio-8080-exec-8] o.s.web.servlet.DispatcherServlet        : GET "/api/v1/control/explain", parameters={}
2026-08-15T21:20:40.556+05:30 DEBUG 10736 --- [nio-8080-exec-1] o.s.web.servlet.DispatcherServlet        : GET "/api/v1/control/exceptions", parameters={}
2026-08-15T21:20:40.556+05:30 DEBUG 10736 --- [nio-8080-exec-6] o.s.web.servlet.DispatcherServlet        : GET "/api/v1/payments", parameters={}
2026-08-15T21:20:40.559+05:30 DEBUG 10736 --- [nio-8080-exec-3] o.s.web.servlet.DispatcherServlet        : GET "/api/v1/accounts", parameters={}
2026-08-15T21:20:40.560+05:30 DEBUG 10736 --- [io-8080-exec-10] s.w.s.m.m.a.RequestMappingHandlerMapping : Mapped to com.finclear.api.ControlCenterController#overview()
2026-08-15T21:20:40.562+05:30 DEBUG 10736 --- [nio-8080-exec-8] s.w.s.m.m.a.RequestMappingHandlerMapping : Mapped to com.finclear.api.ControlCenterController#explain()
2026-08-15T21:20:40.562+05:30 DEBUG 10736 --- [nio-8080-exec-8] org.hibernate.SQL                        : select ec1_0.id,ec1_0.amount,ec1_0.category,ec1_0.created_at,ec1_0.currency,ec1_0.evidence,ec1_0.owner,ec1_0.severity,ec1_0.status,ec1_0.title,ec1_0.updated_at from exception_cases ec1_0 order by ec1_0.created_at desc
2026-08-15T21:20:40.562+05:30 DEBUG 10736 --- [nio-8080-exec-1] s.w.s.m.m.a.RequestMappingHandlerMapping : Mapped to com.finclear.api.ControlCenterController#cases()
2026-08-15T21:20:40.568+05:30 DEBUG 10736 --- [nio-8080-exec-8] m.m.a.RequestResponseBodyMethodProcessor : Using 'application/json', given [*/*] and supported [application/json, application/*+json, application/yaml]
2026-08-15T21:20:40.562+05:30 DEBUG 10736 --- [nio-8080-exec-6] s.w.s.m.m.a.RequestMappingHandlerMapping : Mapped to com.finclear.api.PaymentController#latest()
2026-08-15T21:20:40.562+05:30 DEBUG 10736 --- [nio-8080-exec-3] s.w.s.m.m.a.RequestMappingHandlerMapping : Mapped to com.finclear.api.AccountController#all(Authentication)
2026-08-15T21:20:40.562+05:30 DEBUG 10736 --- [io-8080-exec-10] org.hibernate.SQL                        : select p1_0.id,p1_0.amount,p1_0.created_at,p1_0.currency,p1_0.idempotency_key,p1_0.merchant,p1_0.payer_account_id,p1_0.status,p1_0.updated_at from payments p1_0 order by p1_0.created_at desc fetch first ? rows only
2026-08-15T21:20:40.568+05:30 DEBUG 10736 --- [nio-8080-exec-1] org.hibernate.SQL                        : select ec1_0.id,ec1_0.amount,ec1_0.category,ec1_0.created_at,ec1_0.currency,ec1_0.evidence,ec1_0.owner,ec1_0.severity,ec1_0.status,ec1_0.title,ec1_0.updated_at from exception_cases ec1_0 order by ec1_0.created_at desc
2026-08-15T21:20:40.572+05:30 DEBUG 10736 --- [io-8080-exec-10] org.hibernate.SQL                        : select a1_0.id,a1_0.account_number,a1_0.available_balance,a1_0.created_at,a1_0.currency,a1_0.status,a1_0.user_id,a1_0.version from accounts a1_0
2026-08-15T21:20:40.568+05:30 DEBUG 10736 --- [nio-8080-exec-8] m.m.a.RequestResponseBodyMethodProcessor : Writing [{summary=3 exceptions account for 629250.00 INR of operational exposure., headline=Money needs atten (truncated)...]
2026-08-15T21:20:40.570+05:30 DEBUG 10736 --- [nio-8080-exec-6] org.hibernate.SQL                        : select p1_0.id,p1_0.amount,p1_0.created_at,p1_0.currency,p1_0.idempotency_key,p1_0.merchant,p1_0.payer_account_id,p1_0.status,p1_0.updated_at from payments p1_0 order by p1_0.created_at desc fetch first ? rows only
2026-08-15T21:20:40.572+05:30 DEBUG 10736 --- [nio-8080-exec-3] org.hibernate.SQL                        : select a1_0.id,a1_0.account_number,a1_0.available_balance,a1_0.created_at,a1_0.currency,a1_0.status,a1_0.user_id,a1_0.version from accounts a1_0
2026-08-15T21:20:40.574+05:30 DEBUG 10736 --- [nio-8080-exec-1] m.m.a.RequestResponseBodyMethodProcessor : Using 'application/json', given [*/*] and supported [application/json, application/*+json, application/yaml]
2026-08-15T21:20:40.579+05:30 DEBUG 10736 --- [nio-8080-exec-1] m.m.a.RequestResponseBodyMethodProcessor : Writing [[{owner=Nisha � Payments Ops, title=Gateway settlement missing for captured payments, id=d9ebf868-67 (truncated)...]
2026-08-15T21:20:40.576+05:30 DEBUG 10736 --- [io-8080-exec-10] org.hibernate.SQL                        : select ec1_0.id,ec1_0.amount,ec1_0.category,ec1_0.created_at,ec1_0.currency,ec1_0.evidence,ec1_0.owner,ec1_0.severity,ec1_0.status,ec1_0.title,ec1_0.updated_at from exception_cases ec1_0 order by ec1_0.created_at desc
2026-08-15T21:20:40.577+05:30 DEBUG 10736 --- [nio-8080-exec-8] o.s.web.servlet.DispatcherServlet        : Completed 200 OK
2026-08-15T21:20:40.579+05:30 DEBUG 10736 --- [nio-8080-exec-6] m.m.a.RequestResponseBodyMethodProcessor : Using 'application/json', given [*/*] and supported [application/json, application/*+json, application/yaml]
2026-08-15T21:20:40.589+05:30 DEBUG 10736 --- [io-8080-exec-10] m.m.a.RequestResponseBodyMethodProcessor : Using 'application/json', given [*/*] and supported [application/json, application/*+json, application/yaml]
2026-08-15T21:20:40.590+05:30 DEBUG 10736 --- [io-8080-exec-10] m.m.a.RequestResponseBodyMethodProcessor : Writing [{exposure=629250.0000, openExceptions=3, availableBalance=2667600.0000, settlementHealth=ATTENTION,  (truncated)...]
2026-08-15T21:20:40.581+05:30 DEBUG 10736 --- [nio-8080-exec-1] o.s.web.servlet.DispatcherServlet        : Completed 200 OK
2026-08-15T21:20:40.591+05:30 DEBUG 10736 --- [io-8080-exec-10] o.s.web.servlet.DispatcherServlet        : Completed 200 OK
2026-08-15T21:20:40.581+05:30 DEBUG 10736 --- [nio-8080-exec-3] m.m.a.RequestResponseBodyMethodProcessor : Using 'application/json', given [*/*] and supported [application/json, application/*+json, application/yaml]
2026-08-15T21:20:40.589+05:30 DEBUG 10736 --- [nio-8080-exec-6] m.m.a.RequestResponseBodyMethodProcessor : Writing [[]]
2026-08-15T21:20:40.592+05:30 DEBUG 10736 --- [nio-8080-exec-3] m.m.a.RequestResponseBodyMethodProcessor : Writing [[{accountNumber=FC-100001, id=4e894728-ee87-4744-9b5e-e340a4d8741b, balance=1842680.0000, currency=I (truncated)...]
2026-08-15T21:20:40.593+05:30 DEBUG 10736 --- [nio-8080-exec-3] o.s.web.servlet.DispatcherServlet        : Completed 200 OK
2026-08-15T21:20:40.593+05:30 DEBUG 10736 --- [nio-8080-exec-6] o.s.web.servlet.DispatcherServlet        : Completed 200 OK
2026-08-15T21:20:45.557+05:30 DEBUG 10736 --- [nio-8080-exec-7] o.s.web.servlet.DispatcherServlet        : GET "/api/v1/control/overview", parameters={}
2026-08-15T21:20:45.559+05:30 DEBUG 10736 --- [nio-8080-exec-2] o.s.web.servlet.DispatcherServlet        : GET "/api/v1/control/exceptions", parameters={}
2026-08-15T21:20:45.560+05:30 DEBUG 10736 --- [nio-8080-exec-9] o.s.web.servlet.DispatcherServlet        : GET "/api/v1/payments", parameters={}
2026-08-15T21:20:45.560+05:30 DEBUG 10736 --- [nio-8080-exec-5] o.s.web.servlet.DispatcherServlet        : GET "/api/v1/accounts", parameters={}
2026-08-15T21:20:45.560+05:30 DEBUG 10736 --- [nio-8080-exec-4] o.s.web.servlet.DispatcherServlet        : GET "/api/v1/control/explain", parameters={}
2026-08-15T21:20:45.568+05:30 DEBUG 10736 --- [nio-8080-exec-4] s.w.s.m.m.a.RequestMappingHandlerMapping : Mapped to com.finclear.api.ControlCenterController#explain()
2026-08-15T21:20:45.565+05:30 DEBUG 10736 --- [nio-8080-exec-7] s.w.s.m.m.a.RequestMappingHandlerMapping : Mapped to com.finclear.api.ControlCenterController#overview()
2026-08-15T21:20:45.568+05:30 DEBUG 10736 --- [nio-8080-exec-4] org.hibernate.SQL                        : select ec1_0.id,ec1_0.amount,ec1_0.category,ec1_0.created_at,ec1_0.currency,ec1_0.evidence,ec1_0.owner,ec1_0.severity,ec1_0.status,ec1_0.title,ec1_0.updated_at from exception_cases ec1_0 order by ec1_0.created_at desc
2026-08-15T21:20:45.570+05:30 DEBUG 10736 --- [nio-8080-exec-7] org.hibernate.SQL                        : select p1_0.id,p1_0.amount,p1_0.created_at,p1_0.currency,p1_0.idempotency_key,p1_0.merchant,p1_0.payer_account_id,p1_0.status,p1_0.updated_at from payments p1_0 order by p1_0.created_at desc fetch first ? rows only
2026-08-15T21:20:45.570+05:30 DEBUG 10736 --- [nio-8080-exec-4] m.m.a.RequestResponseBodyMethodProcessor : Using 'application/json', given [*/*] and supported [application/json, application/*+json, application/yaml]
2026-08-15T21:20:45.565+05:30 DEBUG 10736 --- [nio-8080-exec-2] s.w.s.m.m.a.RequestMappingHandlerMapping : Mapped to com.finclear.api.ControlCenterController#cases()
2026-08-15T21:20:45.572+05:30 DEBUG 10736 --- [nio-8080-exec-7] org.hibernate.SQL                        : select a1_0.id,a1_0.account_number,a1_0.available_balance,a1_0.created_at,a1_0.currency,a1_0.status,a1_0.user_id,a1_0.version from accounts a1_0
2026-08-15T21:20:45.573+05:30 DEBUG 10736 --- [nio-8080-exec-2] org.hibernate.SQL                        : select ec1_0.id,ec1_0.amount,ec1_0.category,ec1_0.created_at,ec1_0.currency,ec1_0.evidence,ec1_0.owner,ec1_0.severity,ec1_0.status,ec1_0.title,ec1_0.updated_at from exception_cases ec1_0 order by ec1_0.created_at desc
2026-08-15T21:20:45.574+05:30 DEBUG 10736 --- [nio-8080-exec-2] m.m.a.RequestResponseBodyMethodProcessor : Using 'application/json', given [*/*] and supported [application/json, application/*+json, application/yaml]
2026-08-15T21:20:45.567+05:30 DEBUG 10736 --- [nio-8080-exec-9] s.w.s.m.m.a.RequestMappingHandlerMapping : Mapped to com.finclear.api.PaymentController#latest()
2026-08-15T21:20:45.567+05:30 DEBUG 10736 --- [nio-8080-exec-5] s.w.s.m.m.a.RequestMappingHandlerMapping : Mapped to com.finclear.api.AccountController#all(Authentication)
2026-08-15T21:20:45.572+05:30 DEBUG 10736 --- [nio-8080-exec-4] m.m.a.RequestResponseBodyMethodProcessor : Writing [{summary=3 exceptions account for 629250.00 INR of operational exposure., headline=Money needs atten (truncated)...]
2026-08-15T21:20:45.575+05:30 DEBUG 10736 --- [nio-8080-exec-9] org.hibernate.SQL                        : select p1_0.id,p1_0.amount,p1_0.created_at,p1_0.currency,p1_0.idempotency_key,p1_0.merchant,p1_0.payer_account_id,p1_0.status,p1_0.updated_at from payments p1_0 order by p1_0.created_at desc fetch first ? rows only
2026-08-15T21:20:45.577+05:30 DEBUG 10736 --- [nio-8080-exec-4] o.s.web.servlet.DispatcherServlet        : Completed 200 OK
2026-08-15T21:20:45.574+05:30 DEBUG 10736 --- [nio-8080-exec-7] org.hibernate.SQL                        : select ec1_0.id,ec1_0.amount,ec1_0.category,ec1_0.created_at,ec1_0.currency,ec1_0.evidence,ec1_0.owner,ec1_0.severity,ec1_0.status,ec1_0.title,ec1_0.updated_at from exception_cases ec1_0 order by ec1_0.created_at desc
2026-08-15T21:20:45.575+05:30 DEBUG 10736 --- [nio-8080-exec-2] m.m.a.RequestResponseBodyMethodProcessor : Writing [[{owner=Nisha � Payments Ops, title=Gateway settlement missing for captured payments, id=d9ebf868-67 (truncated)...]
2026-08-15T21:20:45.577+05:30 DEBUG 10736 --- [nio-8080-exec-5] org.hibernate.SQL                        : select a1_0.id,a1_0.account_number,a1_0.available_balance,a1_0.created_at,a1_0.currency,a1_0.status,a1_0.user_id,a1_0.version from accounts a1_0
2026-08-15T21:20:45.577+05:30 DEBUG 10736 --- [nio-8080-exec-9] m.m.a.RequestResponseBodyMethodProcessor : Using 'application/json', given [*/*] and supported [application/json, application/*+json, application/yaml]
2026-08-15T21:20:45.581+05:30 DEBUG 10736 --- [nio-8080-exec-9] m.m.a.RequestResponseBodyMethodProcessor : Writing [[]]
2026-08-15T21:20:45.579+05:30 DEBUG 10736 --- [nio-8080-exec-7] m.m.a.RequestResponseBodyMethodProcessor : Using 'application/json', given [*/*] and supported [application/json, application/*+json, application/yaml]
2026-08-15T21:20:45.580+05:30 DEBUG 10736 --- [nio-8080-exec-2] o.s.web.servlet.DispatcherServlet        : Completed 200 OK
2026-08-15T21:20:45.581+05:30 DEBUG 10736 --- [nio-8080-exec-5] m.m.a.RequestResponseBodyMethodProcessor : Using 'application/json', given [*/*] and supported [application/json, application/*+json, application/yaml]
2026-08-15T21:20:45.584+05:30 DEBUG 10736 --- [nio-8080-exec-5] m.m.a.RequestResponseBodyMethodProcessor : Writing [[{accountNumber=FC-100001, id=4e894728-ee87-4744-9b5e-e340a4d8741b, balance=1842680.0000, currency=I (truncated)...]
2026-08-15T21:20:45.583+05:30 DEBUG 10736 --- [nio-8080-exec-7] m.m.a.RequestResponseBodyMethodProcessor : Writing [{exposure=629250.0000, openExceptions=3, availableBalance=2667600.0000, settlementHealth=ATTENTION,  (truncated)...]
2026-08-15T21:20:45.583+05:30 DEBUG 10736 --- [nio-8080-exec-9] o.s.web.servlet.DispatcherServlet        : Completed 200 OK
2026-08-15T21:20:45.587+05:30 DEBUG 10736 --- [nio-8080-exec-7] o.s.web.servlet.DispatcherServlet        : Completed 200 OK
2026-08-15T21:20:45.587+05:30 DEBUG 10736 --- [nio-8080-exec-5] o.s.web.servlet.DispatcherServlet        : Completed 200 OK
2026-08-15T21:20:50.563+05:30 DEBUG 10736 --- [nio-8080-exec-8] o.s.web.servlet.DispatcherServlet        : GET "/api/v1/control/overview", parameters={}
2026-08-15T21:20:50.563+05:30 DEBUG 10736 --- [nio-8080-exec-1] o.s.web.servlet.DispatcherServlet        : GET "/api/v1/control/exceptions", parameters={}
2026-08-15T21:20:50.564+05:30 DEBUG 10736 --- [nio-8080-exec-8] s.w.s.m.m.a.RequestMappingHandlerMapping : Mapped to com.finclear.api.ControlCenterController#overview()
2026-08-15T21:20:50.565+05:30 DEBUG 10736 --- [nio-8080-exec-1] s.w.s.m.m.a.RequestMappingHandlerMapping : Mapped to com.finclear.api.ControlCenterController#cases()
2026-08-15T21:20:50.566+05:30 DEBUG 10736 --- [nio-8080-exec-8] org.hibernate.SQL                        : select p1_0.id,p1_0.amount,p1_0.created_at,p1_0.currency,p1_0.idempotency_key,p1_0.merchant,p1_0.payer_account_id,p1_0.status,p1_0.updated_at from payments p1_0 order by p1_0.created_at desc fetch first ? rows only
2026-08-15T21:20:50.566+05:30 DEBUG 10736 --- [nio-8080-exec-1] org.hibernate.SQL                        : select ec1_0.id,ec1_0.amount,ec1_0.category,ec1_0.created_at,ec1_0.currency,ec1_0.evidence,ec1_0.owner,ec1_0.severity,ec1_0.status,ec1_0.title,ec1_0.updated_at from exception_cases ec1_0 order by ec1_0.created_at desc
2026-08-15T21:20:50.567+05:30 DEBUG 10736 --- [io-8080-exec-10] o.s.web.servlet.DispatcherServlet        : GET "/api/v1/payments", parameters={}
2026-08-15T21:20:50.568+05:30 DEBUG 10736 --- [nio-8080-exec-1] m.m.a.RequestResponseBodyMethodProcessor : Using 'application/json', given [*/*] and supported [application/json, application/*+json, application/yaml]
2026-08-15T21:20:50.568+05:30 DEBUG 10736 --- [nio-8080-exec-8] org.hibernate.SQL                        : select a1_0.id,a1_0.account_number,a1_0.available_balance,a1_0.created_at,a1_0.currency,a1_0.status,a1_0.user_id,a1_0.version from accounts a1_0
2026-08-15T21:20:50.568+05:30 DEBUG 10736 --- [io-8080-exec-10] s.w.s.m.m.a.RequestMappingHandlerMapping : Mapped to com.finclear.api.PaymentController#latest()
2026-08-15T21:20:50.569+05:30 DEBUG 10736 --- [nio-8080-exec-1] m.m.a.RequestResponseBodyMethodProcessor : Writing [[{owner=Nisha � Payments Ops, title=Gateway settlement missing for captured payments, id=d9ebf868-67 (truncated)...]
2026-08-15T21:20:50.569+05:30 DEBUG 10736 --- [nio-8080-exec-3] o.s.web.servlet.DispatcherServlet        : GET "/api/v1/accounts", parameters={}
2026-08-15T21:20:50.570+05:30 DEBUG 10736 --- [nio-8080-exec-1] o.s.web.servlet.DispatcherServlet        : Completed 200 OK
2026-08-15T21:20:50.569+05:30 DEBUG 10736 --- [nio-8080-exec-6] o.s.web.servlet.DispatcherServlet        : GET "/api/v1/control/explain", parameters={}
2026-08-15T21:20:50.570+05:30 DEBUG 10736 --- [nio-8080-exec-8] org.hibernate.SQL                        : select ec1_0.id,ec1_0.amount,ec1_0.category,ec1_0.created_at,ec1_0.currency,ec1_0.evidence,ec1_0.owner,ec1_0.severity,ec1_0.status,ec1_0.title,ec1_0.updated_at from exception_cases ec1_0 order by ec1_0.created_at desc
2026-08-15T21:20:50.570+05:30 DEBUG 10736 --- [io-8080-exec-10] org.hibernate.SQL                        : select p1_0.id,p1_0.amount,p1_0.created_at,p1_0.currency,p1_0.idempotency_key,p1_0.merchant,p1_0.payer_account_id,p1_0.status,p1_0.updated_at from payments p1_0 order by p1_0.created_at desc fetch first ? rows only
2026-08-15T21:20:50.570+05:30 DEBUG 10736 --- [nio-8080-exec-3] s.w.s.m.m.a.RequestMappingHandlerMapping : Mapped to com.finclear.api.AccountController#all(Authentication)
2026-08-15T21:20:50.571+05:30 DEBUG 10736 --- [nio-8080-exec-6] s.w.s.m.m.a.RequestMappingHandlerMapping : Mapped to com.finclear.api.ControlCenterController#explain()
2026-08-15T21:20:50.573+05:30 DEBUG 10736 --- [io-8080-exec-10] m.m.a.RequestResponseBodyMethodProcessor : Using 'application/json', given [*/*] and supported [application/json, application/*+json, application/yaml]
2026-08-15T21:20:50.572+05:30 DEBUG 10736 --- [nio-8080-exec-8] m.m.a.RequestResponseBodyMethodProcessor : Using 'application/json', given [*/*] and supported [application/json, application/*+json, application/yaml]
2026-08-15T21:20:50.574+05:30 DEBUG 10736 --- [nio-8080-exec-3] org.hibernate.SQL                        : select a1_0.id,a1_0.account_number,a1_0.available_balance,a1_0.created_at,a1_0.currency,a1_0.status,a1_0.user_id,a1_0.version from accounts a1_0
2026-08-15T21:20:50.574+05:30 DEBUG 10736 --- [io-8080-exec-10] m.m.a.RequestResponseBodyMethodProcessor : Writing [[]]
2026-08-15T21:20:50.574+05:30 DEBUG 10736 --- [nio-8080-exec-6] org.hibernate.SQL                        : select ec1_0.id,ec1_0.amount,ec1_0.category,ec1_0.created_at,ec1_0.currency,ec1_0.evidence,ec1_0.owner,ec1_0.severity,ec1_0.status,ec1_0.title,ec1_0.updated_at from exception_cases ec1_0 order by ec1_0.created_at desc
2026-08-15T21:20:50.575+05:30 DEBUG 10736 --- [nio-8080-exec-8] m.m.a.RequestResponseBodyMethodProcessor : Writing [{exposure=629250.0000, openExceptions=3, availableBalance=2667600.0000, settlementHealth=ATTENTION,  (truncated)...]
2026-08-15T21:20:50.576+05:30 DEBUG 10736 --- [nio-8080-exec-3] m.m.a.RequestResponseBodyMethodProcessor : Using 'application/json', given [*/*] and supported [application/json, application/*+json, application/yaml]
2026-08-15T21:20:50.577+05:30 DEBUG 10736 --- [nio-8080-exec-3] m.m.a.RequestResponseBodyMethodProcessor : Writing [[{accountNumber=FC-100001, id=4e894728-ee87-4744-9b5e-e340a4d8741b, balance=1842680.0000, currency=I (truncated)...]
2026-08-15T21:20:50.576+05:30 DEBUG 10736 --- [io-8080-exec-10] o.s.web.servlet.DispatcherServlet        : Completed 200 OK
2026-08-15T21:20:50.577+05:30 DEBUG 10736 --- [nio-8080-exec-6] m.m.a.RequestResponseBodyMethodProcessor : Using 'application/json', given [*/*] and supported [application/json, application/*+json, application/yaml]
2026-08-15T21:20:50.577+05:30 DEBUG 10736 --- [nio-8080-exec-8] o.s.web.servlet.DispatcherServlet        : Completed 200 OK
2026-08-15T21:20:50.578+05:30 DEBUG 10736 --- [nio-8080-exec-3] o.s.web.servlet.DispatcherServlet        : Completed 200 OK
2026-08-15T21:20:50.580+05:30 DEBUG 10736 --- [nio-8080-exec-6] m.m.a.RequestResponseBodyMethodProcessor : Writing [{summary=3 exceptions account for 629250.00 INR of operational exposure., headline=Money needs atten (truncated)...]
2026-08-15T21:20:50.582+05:30 DEBUG 10736 --- [nio-8080-exec-6] o.s.web.servlet.DispatcherServlet        : Completed 200 OK
2026-08-15T21:20:55.554+05:30 DEBUG 10736 --- [nio-8080-exec-4] o.s.web.servlet.DispatcherServlet        : GET "/api/v1/control/overview", parameters={}
2026-08-15T21:20:55.562+05:30 DEBUG 10736 --- [nio-8080-exec-9] o.s.web.servlet.DispatcherServlet        : GET "/api/v1/payments", parameters={}
2026-08-15T21:20:55.562+05:30 DEBUG 10736 --- [nio-8080-exec-2] o.s.web.servlet.DispatcherServlet        : GET "/api/v1/control/exceptions", parameters={}
2026-08-15T21:20:55.562+05:30 DEBUG 10736 --- [nio-8080-exec-4] s.w.s.m.m.a.RequestMappingHandlerMapping : Mapped to com.finclear.api.ControlCenterController#overview()
2026-08-15T21:20:55.563+05:30 DEBUG 10736 --- [nio-8080-exec-9] s.w.s.m.m.a.RequestMappingHandlerMapping : Mapped to com.finclear.api.PaymentController#latest()
2026-08-15T21:20:55.563+05:30 DEBUG 10736 --- [nio-8080-exec-5] o.s.web.servlet.DispatcherServlet        : GET "/api/v1/control/explain", parameters={}
2026-08-15T21:20:55.563+05:30 DEBUG 10736 --- [nio-8080-exec-7] o.s.web.servlet.DispatcherServlet        : GET "/api/v1/accounts", parameters={}
2026-08-15T21:20:55.563+05:30 DEBUG 10736 --- [nio-8080-exec-2] s.w.s.m.m.a.RequestMappingHandlerMapping : Mapped to com.finclear.api.ControlCenterController#cases()
2026-08-15T21:20:55.564+05:30 DEBUG 10736 --- [nio-8080-exec-4] org.hibernate.SQL                        : select p1_0.id,p1_0.amount,p1_0.created_at,p1_0.currency,p1_0.idempotency_key,p1_0.merchant,p1_0.payer_account_id,p1_0.status,p1_0.updated_at from payments p1_0 order by p1_0.created_at desc fetch first ? rows only
2026-08-15T21:20:55.564+05:30 DEBUG 10736 --- [nio-8080-exec-5] s.w.s.m.m.a.RequestMappingHandlerMapping : Mapped to com.finclear.api.ControlCenterController#explain()
2026-08-15T21:20:55.564+05:30 DEBUG 10736 --- [nio-8080-exec-9] org.hibernate.SQL                        : select p1_0.id,p1_0.amount,p1_0.created_at,p1_0.currency,p1_0.idempotency_key,p1_0.merchant,p1_0.payer_account_id,p1_0.status,p1_0.updated_at from payments p1_0 order by p1_0.created_at desc fetch first ? rows only
2026-08-15T21:20:55.567+05:30 DEBUG 10736 --- [nio-8080-exec-4] org.hibernate.SQL                        : select a1_0.id,a1_0.account_number,a1_0.available_balance,a1_0.created_at,a1_0.currency,a1_0.status,a1_0.user_id,a1_0.version from accounts a1_0
2026-08-15T21:20:55.565+05:30 DEBUG 10736 --- [nio-8080-exec-7] s.w.s.m.m.a.RequestMappingHandlerMapping : Mapped to com.finclear.api.AccountController#all(Authentication)
2026-08-15T21:20:55.566+05:30 DEBUG 10736 --- [nio-8080-exec-2] org.hibernate.SQL                        : select ec1_0.id,ec1_0.amount,ec1_0.category,ec1_0.created_at,ec1_0.currency,ec1_0.evidence,ec1_0.owner,ec1_0.severity,ec1_0.status,ec1_0.title,ec1_0.updated_at from exception_cases ec1_0 order by ec1_0.created_at desc
2026-08-15T21:20:55.567+05:30 DEBUG 10736 --- [nio-8080-exec-5] org.hibernate.SQL                        : select ec1_0.id,ec1_0.amount,ec1_0.category,ec1_0.created_at,ec1_0.currency,ec1_0.evidence,ec1_0.owner,ec1_0.severity,ec1_0.status,ec1_0.title,ec1_0.updated_at from exception_cases ec1_0 order by ec1_0.created_at desc
2026-08-15T21:20:55.568+05:30 DEBUG 10736 --- [nio-8080-exec-9] m.m.a.RequestResponseBodyMethodProcessor : Using 'application/json', given [*/*] and supported [application/json, application/*+json, application/yaml]
2026-08-15T21:20:55.569+05:30 DEBUG 10736 --- [nio-8080-exec-4] org.hibernate.SQL                        : select ec1_0.id,ec1_0.amount,ec1_0.category,ec1_0.created_at,ec1_0.currency,ec1_0.evidence,ec1_0.owner,ec1_0.severity,ec1_0.status,ec1_0.title,ec1_0.updated_at from exception_cases ec1_0 order by ec1_0.created_at desc
2026-08-15T21:20:55.569+05:30 DEBUG 10736 --- [nio-8080-exec-7] org.hibernate.SQL                        : select a1_0.id,a1_0.account_number,a1_0.available_balance,a1_0.created_at,a1_0.currency,a1_0.status,a1_0.user_id,a1_0.version from accounts a1_0
2026-08-15T21:20:55.569+05:30 DEBUG 10736 --- [nio-8080-exec-2] m.m.a.RequestResponseBodyMethodProcessor : Using 'application/json', given [*/*] and supported [application/json, application/*+json, application/yaml]
2026-08-15T21:20:55.570+05:30 DEBUG 10736 --- [nio-8080-exec-5] m.m.a.RequestResponseBodyMethodProcessor : Using 'application/json', given [*/*] and supported [application/json, application/*+json, application/yaml]
2026-08-15T21:20:55.570+05:30 DEBUG 10736 --- [nio-8080-exec-9] m.m.a.RequestResponseBodyMethodProcessor : Writing [[]]
2026-08-15T21:20:55.570+05:30 DEBUG 10736 --- [nio-8080-exec-4] m.m.a.RequestResponseBodyMethodProcessor : Using 'application/json', given [*/*] and supported [application/json, application/*+json, application/yaml]
2026-08-15T21:20:55.571+05:30 DEBUG 10736 --- [nio-8080-exec-2] m.m.a.RequestResponseBodyMethodProcessor : Writing [[{owner=Nisha � Payments Ops, title=Gateway settlement missing for captured payments, id=d9ebf868-67 (truncated)...]
2026-08-15T21:20:55.571+05:30 DEBUG 10736 --- [nio-8080-exec-7] m.m.a.RequestResponseBodyMethodProcessor : Using 'application/json', given [*/*] and supported [application/json, application/*+json, application/yaml]
2026-08-15T21:20:55.572+05:30 DEBUG 10736 --- [nio-8080-exec-2] o.s.web.servlet.DispatcherServlet        : Completed 200 OK
2026-08-15T21:20:55.571+05:30 DEBUG 10736 --- [nio-8080-exec-5] m.m.a.RequestResponseBodyMethodProcessor : Writing [{summary=3 exceptions account for 629250.00 INR of operational exposure., headline=Money needs atten (truncated)...]
2026-08-15T21:20:55.572+05:30 DEBUG 10736 --- [nio-8080-exec-9] o.s.web.servlet.DispatcherServlet        : Completed 200 OK
2026-08-15T21:20:55.572+05:30 DEBUG 10736 --- [nio-8080-exec-4] m.m.a.RequestResponseBodyMethodProcessor : Writing [{exposure=629250.0000, openExceptions=3, availableBalance=2667600.0000, settlementHealth=ATTENTION,  (truncated)...]
2026-08-15T21:20:55.572+05:30 DEBUG 10736 --- [nio-8080-exec-7] m.m.a.RequestResponseBodyMethodProcessor : Writing [[{accountNumber=FC-100001, id=4e894728-ee87-4744-9b5e-e340a4d8741b, balance=1842680.0000, currency=I (truncated)...]
2026-08-15T21:20:55.573+05:30 DEBUG 10736 --- [nio-8080-exec-5] o.s.web.servlet.DispatcherServlet        : Completed 200 OK
2026-08-15T21:20:55.574+05:30 DEBUG 10736 --- [nio-8080-exec-4] o.s.web.servlet.DispatcherServlet        : Completed 200 OK
2026-08-15T21:20:55.574+05:30 DEBUG 10736 --- [nio-8080-exec-7] o.s.web.servlet.DispatcherServlet        : Completed 200 OK
2026-08-15T21:21:00.558+05:30 DEBUG 10736 --- [nio-8080-exec-1] o.s.web.servlet.DispatcherServlet        : GET "/api/v1/control/overview", parameters={}
2026-08-15T21:21:00.567+05:30 DEBUG 10736 --- [nio-8080-exec-1] s.w.s.m.m.a.RequestMappingHandlerMapping : Mapped to com.finclear.api.ControlCenterController#overview()
2026-08-15T21:21:00.562+05:30 DEBUG 10736 --- [io-8080-exec-10] o.s.web.servlet.DispatcherServlet        : GET "/api/v1/control/exceptions", parameters={}
2026-08-15T21:21:00.565+05:30 DEBUG 10736 --- [nio-8080-exec-8] o.s.web.servlet.DispatcherServlet        : GET "/api/v1/payments", parameters={}
2026-08-15T21:21:00.569+05:30 DEBUG 10736 --- [nio-8080-exec-8] s.w.s.m.m.a.RequestMappingHandlerMapping : Mapped to com.finclear.api.PaymentController#latest()
2026-08-15T21:21:00.568+05:30 DEBUG 10736 --- [nio-8080-exec-3] o.s.web.servlet.DispatcherServlet        : GET "/api/v1/accounts", parameters={}
2026-08-15T21:21:00.568+05:30 DEBUG 10736 --- [nio-8080-exec-6] o.s.web.servlet.DispatcherServlet        : GET "/api/v1/control/explain", parameters={}
2026-08-15T21:21:00.568+05:30 DEBUG 10736 --- [io-8080-exec-10] s.w.s.m.m.a.RequestMappingHandlerMapping : Mapped to com.finclear.api.ControlCenterController#cases()
2026-08-15T21:21:00.569+05:30 DEBUG 10736 --- [nio-8080-exec-1] org.hibernate.SQL                        : select p1_0.id,p1_0.amount,p1_0.created_at,p1_0.currency,p1_0.idempotency_key,p1_0.merchant,p1_0.payer_account_id,p1_0.status,p1_0.updated_at from payments p1_0 order by p1_0.created_at desc fetch first ? rows only
2026-08-15T21:21:00.570+05:30 DEBUG 10736 --- [nio-8080-exec-8] org.hibernate.SQL                        : select p1_0.id,p1_0.amount,p1_0.created_at,p1_0.currency,p1_0.idempotency_key,p1_0.merchant,p1_0.payer_account_id,p1_0.status,p1_0.updated_at from payments p1_0 order by p1_0.created_at desc fetch first ? rows only
2026-08-15T21:21:00.570+05:30 DEBUG 10736 --- [nio-8080-exec-3] s.w.s.m.m.a.RequestMappingHandlerMapping : Mapped to com.finclear.api.AccountController#all(Authentication)
2026-08-15T21:21:00.571+05:30 DEBUG 10736 --- [nio-8080-exec-6] s.w.s.m.m.a.RequestMappingHandlerMapping : Mapped to com.finclear.api.ControlCenterController#explain()
2026-08-15T21:21:00.573+05:30 DEBUG 10736 --- [nio-8080-exec-8] m.m.a.RequestResponseBodyMethodProcessor : Using 'application/json', given [*/*] and supported [application/json, application/*+json, application/yaml]
2026-08-15T21:21:00.571+05:30 DEBUG 10736 --- [io-8080-exec-10] org.hibernate.SQL                        : select ec1_0.id,ec1_0.amount,ec1_0.category,ec1_0.created_at,ec1_0.currency,ec1_0.evidence,ec1_0.owner,ec1_0.severity,ec1_0.status,ec1_0.title,ec1_0.updated_at from exception_cases ec1_0 order by ec1_0.created_at desc
2026-08-15T21:21:00.573+05:30 DEBUG 10736 --- [nio-8080-exec-1] org.hibernate.SQL                        : select a1_0.id,a1_0.account_number,a1_0.available_balance,a1_0.created_at,a1_0.currency,a1_0.status,a1_0.user_id,a1_0.version from accounts a1_0
2026-08-15T21:21:00.573+05:30 DEBUG 10736 --- [nio-8080-exec-3] org.hibernate.SQL                        : select a1_0.id,a1_0.account_number,a1_0.available_balance,a1_0.created_at,a1_0.currency,a1_0.status,a1_0.user_id,a1_0.version from accounts a1_0
2026-08-15T21:21:00.573+05:30 DEBUG 10736 --- [nio-8080-exec-6] org.hibernate.SQL                        : select ec1_0.id,ec1_0.amount,ec1_0.category,ec1_0.created_at,ec1_0.currency,ec1_0.evidence,ec1_0.owner,ec1_0.severity,ec1_0.status,ec1_0.title,ec1_0.updated_at from exception_cases ec1_0 order by ec1_0.created_at desc
2026-08-15T21:21:00.573+05:30 DEBUG 10736 --- [nio-8080-exec-8] m.m.a.RequestResponseBodyMethodProcessor : Writing [[]]
2026-08-15T21:21:00.574+05:30 DEBUG 10736 --- [io-8080-exec-10] m.m.a.RequestResponseBodyMethodProcessor : Using 'application/json', given [*/*] and supported [application/json, application/*+json, application/yaml]
2026-08-15T21:21:00.575+05:30 DEBUG 10736 --- [nio-8080-exec-1] org.hibernate.SQL                        : select ec1_0.id,ec1_0.amount,ec1_0.category,ec1_0.created_at,ec1_0.currency,ec1_0.evidence,ec1_0.owner,ec1_0.severity,ec1_0.status,ec1_0.title,ec1_0.updated_at from exception_cases ec1_0 order by ec1_0.created_at desc
2026-08-15T21:21:00.575+05:30 DEBUG 10736 --- [nio-8080-exec-3] m.m.a.RequestResponseBodyMethodProcessor : Using 'application/json', given [*/*] and supported [application/json, application/*+json, application/yaml]
2026-08-15T21:21:00.575+05:30 DEBUG 10736 --- [nio-8080-exec-6] m.m.a.RequestResponseBodyMethodProcessor : Using 'application/json', given [*/*] and supported [application/json, application/*+json, application/yaml]
2026-08-15T21:21:00.575+05:30 DEBUG 10736 --- [nio-8080-exec-8] o.s.web.servlet.DispatcherServlet        : Completed 200 OK
2026-08-15T21:21:00.576+05:30 DEBUG 10736 --- [io-8080-exec-10] m.m.a.RequestResponseBodyMethodProcessor : Writing [[{owner=Nisha � Payments Ops, title=Gateway settlement missing for captured payments, id=d9ebf868-67 (truncated)...]
2026-08-15T21:21:00.576+05:30 DEBUG 10736 --- [nio-8080-exec-1] m.m.a.RequestResponseBodyMethodProcessor : Using 'application/json', given [*/*] and supported [application/json, application/*+json, application/yaml]
2026-08-15T21:21:00.578+05:30 DEBUG 10736 --- [io-8080-exec-10] o.s.web.servlet.DispatcherServlet        : Completed 200 OK
2026-08-15T21:21:00.576+05:30 DEBUG 10736 --- [nio-8080-exec-3] m.m.a.RequestResponseBodyMethodProcessor : Writing [[{accountNumber=FC-100001, id=4e894728-ee87-4744-9b5e-e340a4d8741b, balance=1842680.0000, currency=I (truncated)...]
2026-08-15T21:21:00.577+05:30 DEBUG 10736 --- [nio-8080-exec-6] m.m.a.RequestResponseBodyMethodProcessor : Writing [{summary=3 exceptions account for 629250.00 INR of operational exposure., headline=Money needs atten (truncated)...]
2026-08-15T21:21:00.579+05:30 DEBUG 10736 --- [nio-8080-exec-3] o.s.web.servlet.DispatcherServlet        : Completed 200 OK
2026-08-15T21:21:00.578+05:30 DEBUG 10736 --- [nio-8080-exec-1] m.m.a.RequestResponseBodyMethodProcessor : Writing [{exposure=629250.0000, openExceptions=3, availableBalance=2667600.0000, settlementHealth=ATTENTION,  (truncated)...]
2026-08-15T21:21:00.579+05:30 DEBUG 10736 --- [nio-8080-exec-6] o.s.web.servlet.DispatcherServlet        : Completed 200 OK
2026-08-15T21:21:00.580+05:30 DEBUG 10736 --- [nio-8080-exec-1] o.s.web.servlet.DispatcherServlet        : Completed 200 OK
2026-08-15T21:21:05.554+05:30 DEBUG 10736 --- [nio-8080-exec-2] o.s.web.servlet.DispatcherServlet        : GET "/api/v1/control/overview", parameters={}
2026-08-15T21:21:05.555+05:30 DEBUG 10736 --- [nio-8080-exec-9] o.s.web.servlet.DispatcherServlet        : GET "/api/v1/control/exceptions", parameters={}
2026-08-15T21:21:05.555+05:30 DEBUG 10736 --- [nio-8080-exec-5] o.s.web.servlet.DispatcherServlet        : GET "/api/v1/payments", parameters={}
2026-08-15T21:21:05.557+05:30 DEBUG 10736 --- [nio-8080-exec-4] o.s.web.servlet.DispatcherServlet        : GET "/api/v1/accounts", parameters={}
2026-08-15T21:21:05.557+05:30 DEBUG 10736 --- [nio-8080-exec-7] o.s.web.servlet.DispatcherServlet        : GET "/api/v1/control/explain", parameters={}
2026-08-15T21:21:05.559+05:30 DEBUG 10736 --- [nio-8080-exec-2] s.w.s.m.m.a.RequestMappingHandlerMapping : Mapped to com.finclear.api.ControlCenterController#overview()
2026-08-15T21:21:05.560+05:30 DEBUG 10736 --- [nio-8080-exec-9] s.w.s.m.m.a.RequestMappingHandlerMapping : Mapped to com.finclear.api.ControlCenterController#cases()
2026-08-15T21:21:05.560+05:30 DEBUG 10736 --- [nio-8080-exec-5] s.w.s.m.m.a.RequestMappingHandlerMapping : Mapped to com.finclear.api.PaymentController#latest()
2026-08-15T21:21:05.560+05:30 DEBUG 10736 --- [nio-8080-exec-4] s.w.s.m.m.a.RequestMappingHandlerMapping : Mapped to com.finclear.api.AccountController#all(Authentication)
2026-08-15T21:21:05.561+05:30 DEBUG 10736 --- [nio-8080-exec-7] s.w.s.m.m.a.RequestMappingHandlerMapping : Mapped to com.finclear.api.ControlCenterController#explain()
2026-08-15T21:21:05.562+05:30 DEBUG 10736 --- [nio-8080-exec-2] org.hibernate.SQL                        : select p1_0.id,p1_0.amount,p1_0.created_at,p1_0.currency,p1_0.idempotency_key,p1_0.merchant,p1_0.payer_account_id,p1_0.status,p1_0.updated_at from payments p1_0 order by p1_0.created_at desc fetch first ? rows only
2026-08-15T21:21:05.563+05:30 DEBUG 10736 --- [nio-8080-exec-9] org.hibernate.SQL                        : select ec1_0.id,ec1_0.amount,ec1_0.category,ec1_0.created_at,ec1_0.currency,ec1_0.evidence,ec1_0.owner,ec1_0.severity,ec1_0.status,ec1_0.title,ec1_0.updated_at from exception_cases ec1_0 order by ec1_0.created_at desc
2026-08-15T21:21:05.563+05:30 DEBUG 10736 --- [nio-8080-exec-5] org.hibernate.SQL                        : select p1_0.id,p1_0.amount,p1_0.created_at,p1_0.currency,p1_0.idempotency_key,p1_0.merchant,p1_0.payer_account_id,p1_0.status,p1_0.updated_at from payments p1_0 order by p1_0.created_at desc fetch first ? rows only
2026-08-15T21:21:05.564+05:30 DEBUG 10736 --- [nio-8080-exec-2] org.hibernate.SQL                        : select a1_0.id,a1_0.account_number,a1_0.available_balance,a1_0.created_at,a1_0.currency,a1_0.status,a1_0.user_id,a1_0.version from accounts a1_0
2026-08-15T21:21:05.564+05:30 DEBUG 10736 --- [nio-8080-exec-4] org.hibernate.SQL                        : select a1_0.id,a1_0.account_number,a1_0.available_balance,a1_0.created_at,a1_0.currency,a1_0.status,a1_0.user_id,a1_0.version from accounts a1_0
2026-08-15T21:21:05.564+05:30 DEBUG 10736 --- [nio-8080-exec-7] org.hibernate.SQL                        : select ec1_0.id,ec1_0.amount,ec1_0.category,ec1_0.created_at,ec1_0.currency,ec1_0.evidence,ec1_0.owner,ec1_0.severity,ec1_0.status,ec1_0.title,ec1_0.updated_at from exception_cases ec1_0 order by ec1_0.created_at desc
2026-08-15T21:21:05.564+05:30 DEBUG 10736 --- [nio-8080-exec-9] m.m.a.RequestResponseBodyMethodProcessor : Using 'application/json', given [*/*] and supported [application/json, application/*+json, application/yaml]
2026-08-15T21:21:05.567+05:30 DEBUG 10736 --- [nio-8080-exec-7] m.m.a.RequestResponseBodyMethodProcessor : Using 'application/json', given [*/*] and supported [application/json, application/*+json, application/yaml]
2026-08-15T21:21:05.566+05:30 DEBUG 10736 --- [nio-8080-exec-5] m.m.a.RequestResponseBodyMethodProcessor : Using 'application/json', given [*/*] and supported [application/json, application/*+json, application/yaml]
2026-08-15T21:21:05.567+05:30 DEBUG 10736 --- [nio-8080-exec-2] org.hibernate.SQL                        : select ec1_0.id,ec1_0.amount,ec1_0.category,ec1_0.created_at,ec1_0.currency,ec1_0.evidence,ec1_0.owner,ec1_0.severity,ec1_0.status,ec1_0.title,ec1_0.updated_at from exception_cases ec1_0 order by ec1_0.created_at desc
2026-08-15T21:21:05.567+05:30 DEBUG 10736 --- [nio-8080-exec-4] m.m.a.RequestResponseBodyMethodProcessor : Using 'application/json', given [*/*] and supported [application/json, application/*+json, application/yaml]
2026-08-15T21:21:05.567+05:30 DEBUG 10736 --- [nio-8080-exec-9] m.m.a.RequestResponseBodyMethodProcessor : Writing [[{owner=Nisha � Payments Ops, title=Gateway settlement missing for captured payments, id=d9ebf868-67 (truncated)...]
2026-08-15T21:21:05.568+05:30 DEBUG 10736 --- [nio-8080-exec-7] m.m.a.RequestResponseBodyMethodProcessor : Writing [{summary=3 exceptions account for 629250.00 INR of operational exposure., headline=Money needs atten (truncated)...]
2026-08-15T21:21:05.568+05:30 DEBUG 10736 --- [nio-8080-exec-5] m.m.a.RequestResponseBodyMethodProcessor : Writing [[]]
2026-08-15T21:21:05.569+05:30 DEBUG 10736 --- [nio-8080-exec-4] m.m.a.RequestResponseBodyMethodProcessor : Writing [[{accountNumber=FC-100001, id=4e894728-ee87-4744-9b5e-e340a4d8741b, balance=1842680.0000, currency=I (truncated)...]
2026-08-15T21:21:05.569+05:30 DEBUG 10736 --- [nio-8080-exec-2] m.m.a.RequestResponseBodyMethodProcessor : Using 'application/json', given [*/*] and supported [application/json, application/*+json, application/yaml]
2026-08-15T21:21:05.569+05:30 DEBUG 10736 --- [nio-8080-exec-9] o.s.web.servlet.DispatcherServlet        : Completed 200 OK
2026-08-15T21:21:05.570+05:30 DEBUG 10736 --- [nio-8080-exec-7] o.s.web.servlet.DispatcherServlet        : Completed 200 OK
2026-08-15T21:21:05.570+05:30 DEBUG 10736 --- [nio-8080-exec-5] o.s.web.servlet.DispatcherServlet        : Completed 200 OK
2026-08-15T21:21:05.570+05:30 DEBUG 10736 --- [nio-8080-exec-2] m.m.a.RequestResponseBodyMethodProcessor : Writing [{exposure=629250.0000, openExceptions=3, availableBalance=2667600.0000, settlementHealth=ATTENTION,  (truncated)...]
2026-08-15T21:21:05.570+05:30 DEBUG 10736 --- [nio-8080-exec-4] o.s.web.servlet.DispatcherServlet        : Completed 200 OK
2026-08-15T21:21:05.572+05:30 DEBUG 10736 --- [nio-8080-exec-2] o.s.web.servlet.DispatcherServlet        : Completed 200 OK
2026-08-15T21:21:10.550+05:30 DEBUG 10736 --- [nio-8080-exec-8] o.s.web.servlet.DispatcherServlet        : GET "/api/v1/control/overview", parameters={}
2026-08-15T21:21:10.553+05:30 DEBUG 10736 --- [nio-8080-exec-8] s.w.s.m.m.a.RequestMappingHandlerMapping : Mapped to com.finclear.api.ControlCenterController#overview()
2026-08-15T21:21:10.555+05:30 DEBUG 10736 --- [nio-8080-exec-8] org.hibernate.SQL                        : select p1_0.id,p1_0.amount,p1_0.created_at,p1_0.currency,p1_0.idempotency_key,p1_0.merchant,p1_0.payer_account_id,p1_0.status,p1_0.updated_at from payments p1_0 order by p1_0.created_at desc fetch first ? rows only
2026-08-15T21:21:10.560+05:30 DEBUG 10736 --- [nio-8080-exec-3] o.s.web.servlet.DispatcherServlet        : GET "/api/v1/payments", parameters={}
2026-08-15T21:21:10.561+05:30 DEBUG 10736 --- [nio-8080-exec-8] org.hibernate.SQL                        : select a1_0.id,a1_0.account_number,a1_0.available_balance,a1_0.created_at,a1_0.currency,a1_0.status,a1_0.user_id,a1_0.version from accounts a1_0
2026-08-15T21:21:10.561+05:30 DEBUG 10736 --- [nio-8080-exec-1] o.s.web.servlet.DispatcherServlet        : GET "/api/v1/control/explain", parameters={}
2026-08-15T21:21:10.562+05:30 DEBUG 10736 --- [nio-8080-exec-1] s.w.s.m.m.a.RequestMappingHandlerMapping : Mapped to com.finclear.api.ControlCenterController#explain()
2026-08-15T21:21:10.563+05:30 DEBUG 10736 --- [nio-8080-exec-8] org.hibernate.SQL                        : select ec1_0.id,ec1_0.amount,ec1_0.category,ec1_0.created_at,ec1_0.currency,ec1_0.evidence,ec1_0.owner,ec1_0.severity,ec1_0.status,ec1_0.title,ec1_0.updated_at from exception_cases ec1_0 order by ec1_0.created_at desc
2026-08-15T21:21:10.560+05:30 DEBUG 10736 --- [nio-8080-exec-6] o.s.web.servlet.DispatcherServlet        : GET "/api/v1/accounts", parameters={}
2026-08-15T21:21:10.560+05:30 DEBUG 10736 --- [io-8080-exec-10] o.s.web.servlet.DispatcherServlet        : GET "/api/v1/control/exceptions", parameters={}
2026-08-15T21:21:10.561+05:30 DEBUG 10736 --- [nio-8080-exec-3] s.w.s.m.m.a.RequestMappingHandlerMapping : Mapped to com.finclear.api.PaymentController#latest()
2026-08-15T21:21:10.563+05:30 DEBUG 10736 --- [nio-8080-exec-1] org.hibernate.SQL                        : select ec1_0.id,ec1_0.amount,ec1_0.category,ec1_0.created_at,ec1_0.currency,ec1_0.evidence,ec1_0.owner,ec1_0.severity,ec1_0.status,ec1_0.title,ec1_0.updated_at from exception_cases ec1_0 order by ec1_0.created_at desc
2026-08-15T21:21:10.564+05:30 DEBUG 10736 --- [nio-8080-exec-6] s.w.s.m.m.a.RequestMappingHandlerMapping : Mapped to com.finclear.api.AccountController#all(Authentication)
2026-08-15T21:21:10.564+05:30 DEBUG 10736 --- [nio-8080-exec-8] m.m.a.RequestResponseBodyMethodProcessor : Using 'application/json', given [*/*] and supported [application/json, application/*+json, application/yaml]
2026-08-15T21:21:10.565+05:30 DEBUG 10736 --- [nio-8080-exec-8] m.m.a.RequestResponseBodyMethodProcessor : Writing [{exposure=629250.0000, openExceptions=3, availableBalance=2667600.0000, settlementHealth=ATTENTION,  (truncated)...]
2026-08-15T21:21:10.564+05:30 DEBUG 10736 --- [io-8080-exec-10] s.w.s.m.m.a.RequestMappingHandlerMapping : Mapped to com.finclear.api.ControlCenterController#cases()
2026-08-15T21:21:10.566+05:30 DEBUG 10736 --- [nio-8080-exec-8] o.s.web.servlet.DispatcherServlet        : Completed 200 OK
2026-08-15T21:21:10.565+05:30 DEBUG 10736 --- [nio-8080-exec-3] org.hibernate.SQL                        : select p1_0.id,p1_0.amount,p1_0.created_at,p1_0.currency,p1_0.idempotency_key,p1_0.merchant,p1_0.payer_account_id,p1_0.status,p1_0.updated_at from payments p1_0 order by p1_0.created_at desc fetch first ? rows only
2026-08-15T21:21:10.565+05:30 DEBUG 10736 --- [nio-8080-exec-1] m.m.a.RequestResponseBodyMethodProcessor : Using 'application/json', given [*/*] and supported [application/json, application/*+json, application/yaml]
2026-08-15T21:21:10.565+05:30 DEBUG 10736 --- [nio-8080-exec-6] org.hibernate.SQL                        : select a1_0.id,a1_0.account_number,a1_0.available_balance,a1_0.created_at,a1_0.currency,a1_0.status,a1_0.user_id,a1_0.version from accounts a1_0
2026-08-15T21:21:10.566+05:30 DEBUG 10736 --- [io-8080-exec-10] org.hibernate.SQL                        : select ec1_0.id,ec1_0.amount,ec1_0.category,ec1_0.created_at,ec1_0.currency,ec1_0.evidence,ec1_0.owner,ec1_0.severity,ec1_0.status,ec1_0.title,ec1_0.updated_at from exception_cases ec1_0 order by ec1_0.created_at desc
2026-08-15T21:21:10.567+05:30 DEBUG 10736 --- [nio-8080-exec-1] m.m.a.RequestResponseBodyMethodProcessor : Writing [{summary=3 exceptions account for 629250.00 INR of operational exposure., headline=Money needs atten (truncated)...]
2026-08-15T21:21:10.568+05:30 DEBUG 10736 --- [io-8080-exec-10] m.m.a.RequestResponseBodyMethodProcessor : Using 'application/json', given [*/*] and supported [application/json, application/*+json, application/yaml]
2026-08-15T21:21:10.569+05:30 DEBUG 10736 --- [io-8080-exec-10] m.m.a.RequestResponseBodyMethodProcessor : Writing [[{owner=Nisha � Payments Ops, title=Gateway settlement missing for captured payments, id=d9ebf868-67 (truncated)...]
2026-08-15T21:21:10.567+05:30 DEBUG 10736 --- [nio-8080-exec-3] m.m.a.RequestResponseBodyMethodProcessor : Using 'application/json', given [*/*] and supported [application/json, application/*+json, application/yaml]
2026-08-15T21:21:10.568+05:30 DEBUG 10736 --- [nio-8080-exec-6] m.m.a.RequestResponseBodyMethodProcessor : Using 'application/json', given [*/*] and supported [application/json, application/*+json, application/yaml]
2026-08-15T21:21:10.568+05:30 DEBUG 10736 --- [nio-8080-exec-1] o.s.web.servlet.DispatcherServlet        : Completed 200 OK
2026-08-15T21:21:10.569+05:30 DEBUG 10736 --- [io-8080-exec-10] o.s.web.servlet.DispatcherServlet        : Completed 200 OK
2026-08-15T21:21:10.569+05:30 DEBUG 10736 --- [nio-8080-exec-3] m.m.a.RequestResponseBodyMethodProcessor : Writing [[]]
2026-08-15T21:21:10.569+05:30 DEBUG 10736 --- [nio-8080-exec-6] m.m.a.RequestResponseBodyMethodProcessor : Writing [[{accountNumber=FC-100001, id=4e894728-ee87-4744-9b5e-e340a4d8741b, balance=1842680.0000, currency=I (truncated)...]
2026-08-15T21:21:10.571+05:30 DEBUG 10736 --- [nio-8080-exec-6] o.s.web.servlet.DispatcherServlet        : Completed 200 OK
2026-08-15T21:21:10.570+05:30 DEBUG 10736 --- [nio-8080-exec-3] o.s.web.servlet.DispatcherServlet        : Completed 200 OK
2026-08-15T21:21:15.550+05:30 DEBUG 10736 --- [nio-8080-exec-9] o.s.web.servlet.DispatcherServlet        : GET "/api/v1/control/overview", parameters={}
2026-08-15T21:21:15.555+05:30 DEBUG 10736 --- [nio-8080-exec-7] o.s.web.servlet.DispatcherServlet        : GET "/api/v1/control/exceptions", parameters={}
2026-08-15T21:21:15.557+05:30 DEBUG 10736 --- [nio-8080-exec-5] o.s.web.servlet.DispatcherServlet        : GET "/api/v1/payments", parameters={}
2026-08-15T21:21:15.557+05:30 DEBUG 10736 --- [nio-8080-exec-4] o.s.web.servlet.DispatcherServlet        : GET "/api/v1/accounts", parameters={}
2026-08-15T21:21:15.557+05:30 DEBUG 10736 --- [nio-8080-exec-2] o.s.web.servlet.DispatcherServlet        : GET "/api/v1/control/explain", parameters={}
2026-08-15T21:21:15.559+05:30 DEBUG 10736 --- [nio-8080-exec-9] s.w.s.m.m.a.RequestMappingHandlerMapping : Mapped to com.finclear.api.ControlCenterController#overview()
2026-08-15T21:21:15.559+05:30 DEBUG 10736 --- [nio-8080-exec-7] s.w.s.m.m.a.RequestMappingHandlerMapping : Mapped to com.finclear.api.ControlCenterController#cases()
2026-08-15T21:21:15.560+05:30 DEBUG 10736 --- [nio-8080-exec-5] s.w.s.m.m.a.RequestMappingHandlerMapping : Mapped to com.finclear.api.PaymentController#latest()
2026-08-15T21:21:15.560+05:30 DEBUG 10736 --- [nio-8080-exec-4] s.w.s.m.m.a.RequestMappingHandlerMapping : Mapped to com.finclear.api.AccountController#all(Authentication)
2026-08-15T21:21:15.561+05:30 DEBUG 10736 --- [nio-8080-exec-2] s.w.s.m.m.a.RequestMappingHandlerMapping : Mapped to com.finclear.api.ControlCenterController#explain()
2026-08-15T21:21:15.562+05:30 DEBUG 10736 --- [nio-8080-exec-9] org.hibernate.SQL                        : select p1_0.id,p1_0.amount,p1_0.created_at,p1_0.currency,p1_0.idempotency_key,p1_0.merchant,p1_0.payer_account_id,p1_0.status,p1_0.updated_at from payments p1_0 order by p1_0.created_at desc fetch first ? rows only
2026-08-15T21:21:15.563+05:30 DEBUG 10736 --- [nio-8080-exec-7] org.hibernate.SQL                        : select ec1_0.id,ec1_0.amount,ec1_0.category,ec1_0.created_at,ec1_0.currency,ec1_0.evidence,ec1_0.owner,ec1_0.severity,ec1_0.status,ec1_0.title,ec1_0.updated_at from exception_cases ec1_0 order by ec1_0.created_at desc
2026-08-15T21:21:15.564+05:30 DEBUG 10736 --- [nio-8080-exec-4] org.hibernate.SQL                        : select a1_0.id,a1_0.account_number,a1_0.available_balance,a1_0.created_at,a1_0.currency,a1_0.status,a1_0.user_id,a1_0.version from accounts a1_0
2026-08-15T21:21:15.563+05:30 DEBUG 10736 --- [nio-8080-exec-5] org.hibernate.SQL                        : select p1_0.id,p1_0.amount,p1_0.created_at,p1_0.currency,p1_0.idempotency_key,p1_0.merchant,p1_0.payer_account_id,p1_0.status,p1_0.updated_at from payments p1_0 order by p1_0.created_at desc fetch first ? rows only
2026-08-15T21:21:15.564+05:30 DEBUG 10736 --- [nio-8080-exec-2] org.hibernate.SQL                        : select ec1_0.id,ec1_0.amount,ec1_0.category,ec1_0.created_at,ec1_0.currency,ec1_0.evidence,ec1_0.owner,ec1_0.severity,ec1_0.status,ec1_0.title,ec1_0.updated_at from exception_cases ec1_0 order by ec1_0.created_at desc
2026-08-15T21:21:15.564+05:30 DEBUG 10736 --- [nio-8080-exec-7] m.m.a.RequestResponseBodyMethodProcessor : Using 'application/json', given [*/*] and supported [application/json, application/*+json, application/yaml]
2026-08-15T21:21:15.564+05:30 DEBUG 10736 --- [nio-8080-exec-9] org.hibernate.SQL                        : select a1_0.id,a1_0.account_number,a1_0.available_balance,a1_0.created_at,a1_0.currency,a1_0.status,a1_0.user_id,a1_0.version from accounts a1_0
2026-08-15T21:21:15.565+05:30 DEBUG 10736 --- [nio-8080-exec-4] m.m.a.RequestResponseBodyMethodProcessor : Using 'application/json', given [*/*] and supported [application/json, application/*+json, application/yaml]
2026-08-15T21:21:15.565+05:30 DEBUG 10736 --- [nio-8080-exec-5] m.m.a.RequestResponseBodyMethodProcessor : Using 'application/json', given [*/*] and supported [application/json, application/*+json, application/yaml]
2026-08-15T21:21:15.567+05:30 DEBUG 10736 --- [nio-8080-exec-5] m.m.a.RequestResponseBodyMethodProcessor : Writing [[]]
2026-08-15T21:21:15.565+05:30 DEBUG 10736 --- [nio-8080-exec-2] m.m.a.RequestResponseBodyMethodProcessor : Using 'application/json', given [*/*] and supported [application/json, application/*+json, application/yaml]
2026-08-15T21:21:15.568+05:30 DEBUG 10736 --- [nio-8080-exec-5] o.s.web.servlet.DispatcherServlet        : Completed 200 OK
2026-08-15T21:21:15.565+05:30 DEBUG 10736 --- [nio-8080-exec-7] m.m.a.RequestResponseBodyMethodProcessor : Writing [[{owner=Nisha � Payments Ops, title=Gateway settlement missing for captured payments, id=d9ebf868-67 (truncated)...]
2026-08-15T21:21:15.566+05:30 DEBUG 10736 --- [nio-8080-exec-4] m.m.a.RequestResponseBodyMethodProcessor : Writing [[{accountNumber=FC-100001, id=4e894728-ee87-4744-9b5e-e340a4d8741b, balance=1842680.0000, currency=I (truncated)...]
2026-08-15T21:21:15.567+05:30 DEBUG 10736 --- [nio-8080-exec-9] org.hibernate.SQL                        : select ec1_0.id,ec1_0.amount,ec1_0.category,ec1_0.created_at,ec1_0.currency,ec1_0.evidence,ec1_0.owner,ec1_0.severity,ec1_0.status,ec1_0.title,ec1_0.updated_at from exception_cases ec1_0 order by ec1_0.created_at desc
2026-08-15T21:21:15.568+05:30 DEBUG 10736 --- [nio-8080-exec-2] m.m.a.RequestResponseBodyMethodProcessor : Writing [{summary=3 exceptions account for 629250.00 INR of operational exposure., headline=Money needs atten (truncated)...]
2026-08-15T21:21:15.569+05:30 DEBUG 10736 --- [nio-8080-exec-7] o.s.web.servlet.DispatcherServlet        : Completed 200 OK
2026-08-15T21:21:15.569+05:30 DEBUG 10736 --- [nio-8080-exec-4] o.s.web.servlet.DispatcherServlet        : Completed 200 OK
2026-08-15T21:21:15.570+05:30 DEBUG 10736 --- [nio-8080-exec-9] m.m.a.RequestResponseBodyMethodProcessor : Using 'application/json', given [*/*] and supported [application/json, application/*+json, application/yaml]
2026-08-15T21:21:15.570+05:30 DEBUG 10736 --- [nio-8080-exec-2] o.s.web.servlet.DispatcherServlet        : Completed 200 OK
2026-08-15T21:21:15.572+05:30 DEBUG 10736 --- [nio-8080-exec-9] m.m.a.RequestResponseBodyMethodProcessor : Writing [{exposure=629250.0000, openExceptions=3, availableBalance=2667600.0000, settlementHealth=ATTENTION,  (truncated)...]
2026-08-15T21:21:15.573+05:30 DEBUG 10736 --- [nio-8080-exec-9] o.s.web.servlet.DispatcherServlet        : Completed 200 OK
2026-08-15T21:21:20.573+05:30 DEBUG 10736 --- [nio-8080-exec-1] o.s.web.servlet.DispatcherServlet        : GET "/api/v1/control/exceptions", parameters={}
2026-08-15T21:21:20.573+05:30 DEBUG 10736 --- [nio-8080-exec-8] o.s.web.servlet.DispatcherServlet        : GET "/api/v1/control/overview", parameters={}
2026-08-15T21:21:20.573+05:30 DEBUG 10736 --- [io-8080-exec-10] o.s.web.servlet.DispatcherServlet        : GET "/api/v1/payments", parameters={}
2026-08-15T21:21:20.573+05:30 DEBUG 10736 --- [nio-8080-exec-6] o.s.web.servlet.DispatcherServlet        : GET "/api/v1/accounts", parameters={}
2026-08-15T21:21:20.575+05:30 DEBUG 10736 --- [nio-8080-exec-1] s.w.s.m.m.a.RequestMappingHandlerMapping : Mapped to com.finclear.api.ControlCenterController#cases()
2026-08-15T21:21:20.575+05:30 DEBUG 10736 --- [nio-8080-exec-8] s.w.s.m.m.a.RequestMappingHandlerMapping : Mapped to com.finclear.api.ControlCenterController#overview()
2026-08-15T21:21:20.575+05:30 DEBUG 10736 --- [nio-8080-exec-3] o.s.web.servlet.DispatcherServlet        : GET "/api/v1/control/explain", parameters={}
2026-08-15T21:21:20.575+05:30 DEBUG 10736 --- [io-8080-exec-10] s.w.s.m.m.a.RequestMappingHandlerMapping : Mapped to com.finclear.api.PaymentController#latest()
2026-08-15T21:21:20.576+05:30 DEBUG 10736 --- [nio-8080-exec-6] s.w.s.m.m.a.RequestMappingHandlerMapping : Mapped to com.finclear.api.AccountController#all(Authentication)
2026-08-15T21:21:20.576+05:30 DEBUG 10736 --- [nio-8080-exec-3] s.w.s.m.m.a.RequestMappingHandlerMapping : Mapped to com.finclear.api.ControlCenterController#explain()
2026-08-15T21:21:20.578+05:30 DEBUG 10736 --- [io-8080-exec-10] org.hibernate.SQL                        : select p1_0.id,p1_0.amount,p1_0.created_at,p1_0.currency,p1_0.idempotency_key,p1_0.merchant,p1_0.payer_account_id,p1_0.status,p1_0.updated_at from payments p1_0 order by p1_0.created_at desc fetch first ? rows only
2026-08-15T21:21:20.576+05:30 DEBUG 10736 --- [nio-8080-exec-1] org.hibernate.SQL                        : select ec1_0.id,ec1_0.amount,ec1_0.category,ec1_0.created_at,ec1_0.currency,ec1_0.evidence,ec1_0.owner,ec1_0.severity,ec1_0.status,ec1_0.title,ec1_0.updated_at from exception_cases ec1_0 order by ec1_0.created_at desc
2026-08-15T21:21:20.576+05:30 DEBUG 10736 --- [nio-8080-exec-8] org.hibernate.SQL                        : select p1_0.id,p1_0.amount,p1_0.created_at,p1_0.currency,p1_0.idempotency_key,p1_0.merchant,p1_0.payer_account_id,p1_0.status,p1_0.updated_at from payments p1_0 order by p1_0.created_at desc fetch first ? rows only
2026-08-15T21:21:20.578+05:30 DEBUG 10736 --- [nio-8080-exec-6] org.hibernate.SQL                        : select a1_0.id,a1_0.account_number,a1_0.available_balance,a1_0.created_at,a1_0.currency,a1_0.status,a1_0.user_id,a1_0.version from accounts a1_0
2026-08-15T21:21:20.579+05:30 DEBUG 10736 --- [nio-8080-exec-3] org.hibernate.SQL                        : select ec1_0.id,ec1_0.amount,ec1_0.category,ec1_0.created_at,ec1_0.currency,ec1_0.evidence,ec1_0.owner,ec1_0.severity,ec1_0.status,ec1_0.title,ec1_0.updated_at from exception_cases ec1_0 order by ec1_0.created_at desc
2026-08-15T21:21:20.580+05:30 DEBUG 10736 --- [io-8080-exec-10] m.m.a.RequestResponseBodyMethodProcessor : Using 'application/json', given [*/*] and supported [application/json, application/*+json, application/yaml]
2026-08-15T21:21:20.580+05:30 DEBUG 10736 --- [nio-8080-exec-1] m.m.a.RequestResponseBodyMethodProcessor : Using 'application/json', given [*/*] and supported [application/json, application/*+json, application/yaml]
2026-08-15T21:21:20.581+05:30 DEBUG 10736 --- [io-8080-exec-10] m.m.a.RequestResponseBodyMethodProcessor : Writing [[]]
2026-08-15T21:21:20.581+05:30 DEBUG 10736 --- [nio-8080-exec-3] m.m.a.RequestResponseBodyMethodProcessor : Using 'application/json', given [*/*] and supported [application/json, application/*+json, application/yaml]
2026-08-15T21:21:20.581+05:30 DEBUG 10736 --- [nio-8080-exec-1] m.m.a.RequestResponseBodyMethodProcessor : Writing [[{owner=Nisha � Payments Ops, title=Gateway settlement missing for captured payments, id=d9ebf868-67 (truncated)...]
2026-08-15T21:21:20.582+05:30 DEBUG 10736 --- [nio-8080-exec-6] m.m.a.RequestResponseBodyMethodProcessor : Using 'application/json', given [*/*] and supported [application/json, application/*+json, application/yaml]
2026-08-15T21:21:20.582+05:30 DEBUG 10736 --- [nio-8080-exec-3] m.m.a.RequestResponseBodyMethodProcessor : Writing [{summary=3 exceptions account for 629250.00 INR of operational exposure., headline=Money needs atten (truncated)...]
2026-08-15T21:21:20.582+05:30 DEBUG 10736 --- [nio-8080-exec-8] org.hibernate.SQL                        : select a1_0.id,a1_0.account_number,a1_0.available_balance,a1_0.created_at,a1_0.currency,a1_0.status,a1_0.user_id,a1_0.version from accounts a1_0
2026-08-15T21:21:20.582+05:30 DEBUG 10736 --- [io-8080-exec-10] o.s.web.servlet.DispatcherServlet        : Completed 200 OK
2026-08-15T21:21:20.583+05:30 DEBUG 10736 --- [nio-8080-exec-6] m.m.a.RequestResponseBodyMethodProcessor : Writing [[{accountNumber=FC-100001, id=4e894728-ee87-4744-9b5e-e340a4d8741b, balance=1842680.0000, currency=I (truncated)...]
2026-08-15T21:21:20.583+05:30 DEBUG 10736 --- [nio-8080-exec-1] o.s.web.servlet.DispatcherServlet        : Completed 200 OK
2026-08-15T21:21:20.583+05:30 DEBUG 10736 --- [nio-8080-exec-3] o.s.web.servlet.DispatcherServlet        : Completed 200 OK
2026-08-15T21:21:20.586+05:30 DEBUG 10736 --- [nio-8080-exec-6] o.s.web.servlet.DispatcherServlet        : Completed 200 OK
2026-08-15T21:21:20.587+05:30 DEBUG 10736 --- [nio-8080-exec-8] org.hibernate.SQL                        : select ec1_0.id,ec1_0.amount,ec1_0.category,ec1_0.created_at,ec1_0.currency,ec1_0.evidence,ec1_0.owner,ec1_0.severity,ec1_0.status,ec1_0.title,ec1_0.updated_at from exception_cases ec1_0 order by ec1_0.created_at desc
2026-08-15T21:21:20.589+05:30 DEBUG 10736 --- [nio-8080-exec-8] m.m.a.RequestResponseBodyMethodProcessor : Using 'application/json', given [*/*] and supported [application/json, application/*+json, application/yaml]
2026-08-15T21:21:20.590+05:30 DEBUG 10736 --- [nio-8080-exec-8] m.m.a.RequestResponseBodyMethodProcessor : Writing [{exposure=629250.0000, openExceptions=3, availableBalance=2667600.0000, settlementHealth=ATTENTION,  (truncated)...]
2026-08-15T21:21:20.590+05:30 DEBUG 10736 --- [nio-8080-exec-8] o.s.web.servlet.DispatcherServlet        : Completed 200 OK
2026-08-15T21:21:25.554+05:30 DEBUG 10736 --- [nio-8080-exec-5] o.s.web.servlet.DispatcherServlet        : GET "/api/v1/control/overview", parameters={}
2026-08-15T21:21:25.559+05:30 DEBUG 10736 --- [nio-8080-exec-4] o.s.web.servlet.DispatcherServlet        : GET "/api/v1/payments", parameters={}
2026-08-15T21:21:25.559+05:30 DEBUG 10736 --- [nio-8080-exec-7] o.s.web.servlet.DispatcherServlet        : GET "/api/v1/control/exceptions", parameters={}
2026-08-15T21:21:25.559+05:30 DEBUG 10736 --- [nio-8080-exec-2] o.s.web.servlet.DispatcherServlet        : GET "/api/v1/accounts", parameters={}
2026-08-15T21:21:25.559+05:30 DEBUG 10736 --- [nio-8080-exec-9] o.s.web.servlet.DispatcherServlet        : GET "/api/v1/control/explain", parameters={}
2026-08-15T21:21:25.562+05:30 DEBUG 10736 --- [nio-8080-exec-5] s.w.s.m.m.a.RequestMappingHandlerMapping : Mapped to com.finclear.api.ControlCenterController#overview()
2026-08-15T21:21:25.562+05:30 DEBUG 10736 --- [nio-8080-exec-4] s.w.s.m.m.a.RequestMappingHandlerMapping : Mapped to com.finclear.api.PaymentController#latest()
2026-08-15T21:21:25.563+05:30 DEBUG 10736 --- [nio-8080-exec-7] s.w.s.m.m.a.RequestMappingHandlerMapping : Mapped to com.finclear.api.ControlCenterController#cases()
2026-08-15T21:21:25.567+05:30 DEBUG 10736 --- [nio-8080-exec-4] org.hibernate.SQL                        : select p1_0.id,p1_0.amount,p1_0.created_at,p1_0.currency,p1_0.idempotency_key,p1_0.merchant,p1_0.payer_account_id,p1_0.status,p1_0.updated_at from payments p1_0 order by p1_0.created_at desc fetch first ? rows only
2026-08-15T21:21:25.563+05:30 DEBUG 10736 --- [nio-8080-exec-2] s.w.s.m.m.a.RequestMappingHandlerMapping : Mapped to com.finclear.api.AccountController#all(Authentication)
2026-08-15T21:21:25.566+05:30 DEBUG 10736 --- [nio-8080-exec-5] org.hibernate.SQL                        : select p1_0.id,p1_0.amount,p1_0.created_at,p1_0.currency,p1_0.idempotency_key,p1_0.merchant,p1_0.payer_account_id,p1_0.status,p1_0.updated_at from payments p1_0 order by p1_0.created_at desc fetch first ? rows only
2026-08-15T21:21:25.567+05:30 DEBUG 10736 --- [nio-8080-exec-7] org.hibernate.SQL                        : select ec1_0.id,ec1_0.amount,ec1_0.category,ec1_0.created_at,ec1_0.currency,ec1_0.evidence,ec1_0.owner,ec1_0.severity,ec1_0.status,ec1_0.title,ec1_0.updated_at from exception_cases ec1_0 order by ec1_0.created_at desc
2026-08-15T21:21:25.570+05:30 DEBUG 10736 --- [nio-8080-exec-5] org.hibernate.SQL                        : select a1_0.id,a1_0.account_number,a1_0.available_balance,a1_0.created_at,a1_0.currency,a1_0.status,a1_0.user_id,a1_0.version from accounts a1_0
2026-08-15T21:21:25.568+05:30 DEBUG 10736 --- [nio-8080-exec-9] s.w.s.m.m.a.RequestMappingHandlerMapping : Mapped to com.finclear.api.ControlCenterController#explain()
2026-08-15T21:21:25.569+05:30 DEBUG 10736 --- [nio-8080-exec-2] org.hibernate.SQL                        : select a1_0.id,a1_0.account_number,a1_0.available_balance,a1_0.created_at,a1_0.currency,a1_0.status,a1_0.user_id,a1_0.version from accounts a1_0
2026-08-15T21:21:25.571+05:30 DEBUG 10736 --- [nio-8080-exec-5] org.hibernate.SQL                        : select ec1_0.id,ec1_0.amount,ec1_0.category,ec1_0.created_at,ec1_0.currency,ec1_0.evidence,ec1_0.owner,ec1_0.severity,ec1_0.status,ec1_0.title,ec1_0.updated_at from exception_cases ec1_0 order by ec1_0.created_at desc
2026-08-15T21:21:25.570+05:30 DEBUG 10736 --- [nio-8080-exec-4] m.m.a.RequestResponseBodyMethodProcessor : Using 'application/json', given [*/*] and supported [application/json, application/*+json, application/yaml]
2026-08-15T21:21:25.572+05:30 DEBUG 10736 --- [nio-8080-exec-5] m.m.a.RequestResponseBodyMethodProcessor : Using 'application/json', given [*/*] and supported [application/json, application/*+json, application/yaml]
2026-08-15T21:21:25.571+05:30 DEBUG 10736 --- [nio-8080-exec-7] m.m.a.RequestResponseBodyMethodProcessor : Using 'application/json', given [*/*] and supported [application/json, application/*+json, application/yaml]
2026-08-15T21:21:25.572+05:30 DEBUG 10736 --- [nio-8080-exec-9] org.hibernate.SQL                        : select ec1_0.id,ec1_0.amount,ec1_0.category,ec1_0.created_at,ec1_0.currency,ec1_0.evidence,ec1_0.owner,ec1_0.severity,ec1_0.status,ec1_0.title,ec1_0.updated_at from exception_cases ec1_0 order by ec1_0.created_at desc
2026-08-15T21:21:25.572+05:30 DEBUG 10736 --- [nio-8080-exec-2] m.m.a.RequestResponseBodyMethodProcessor : Using 'application/json', given [*/*] and supported [application/json, application/*+json, application/yaml]
2026-08-15T21:21:25.572+05:30 DEBUG 10736 --- [nio-8080-exec-4] m.m.a.RequestResponseBodyMethodProcessor : Writing [[]]
2026-08-15T21:21:25.573+05:30 DEBUG 10736 --- [nio-8080-exec-5] m.m.a.RequestResponseBodyMethodProcessor : Writing [{exposure=629250.0000, openExceptions=3, availableBalance=2667600.0000, settlementHealth=ATTENTION,  (truncated)...]
2026-08-15T21:21:25.575+05:30 DEBUG 10736 --- [nio-8080-exec-4] o.s.web.servlet.DispatcherServlet        : Completed 200 OK
2026-08-15T21:21:25.574+05:30 DEBUG 10736 --- [nio-8080-exec-7] m.m.a.RequestResponseBodyMethodProcessor : Writing [[{owner=Nisha � Payments Ops, title=Gateway settlement missing for captured payments, id=d9ebf868-67 (truncated)...]
2026-08-15T21:21:25.575+05:30 DEBUG 10736 --- [nio-8080-exec-9] m.m.a.RequestResponseBodyMethodProcessor : Using 'application/json', given [*/*] and supported [application/json, application/*+json, application/yaml]
2026-08-15T21:21:25.575+05:30 DEBUG 10736 --- [nio-8080-exec-2] m.m.a.RequestResponseBodyMethodProcessor : Writing [[{accountNumber=FC-100001, id=4e894728-ee87-4744-9b5e-e340a4d8741b, balance=1842680.0000, currency=I (truncated)...]
2026-08-15T21:21:25.576+05:30 DEBUG 10736 --- [nio-8080-exec-5] o.s.web.servlet.DispatcherServlet        : Completed 200 OK
2026-08-15T21:21:25.576+05:30 DEBUG 10736 --- [nio-8080-exec-9] m.m.a.RequestResponseBodyMethodProcessor : Writing [{summary=3 exceptions account for 629250.00 INR of operational exposure., headline=Money needs atten (truncated)...]
2026-08-15T21:21:25.576+05:30 DEBUG 10736 --- [nio-8080-exec-7] o.s.web.servlet.DispatcherServlet        : Completed 200 OK
2026-08-15T21:21:25.577+05:30 DEBUG 10736 --- [nio-8080-exec-2] o.s.web.servlet.DispatcherServlet        : Completed 200 OK
2026-08-15T21:21:25.577+05:30 DEBUG 10736 --- [nio-8080-exec-9] o.s.web.servlet.DispatcherServlet        : Completed 200 OK
2026-08-15T21:21:30.570+05:30 DEBUG 10736 --- [nio-8080-exec-4] o.s.web.servlet.DispatcherServlet        : GET "/api/v1/control/overview", parameters={}
2026-08-15T21:21:30.572+05:30 DEBUG 10736 --- [nio-8080-exec-5] o.s.web.servlet.DispatcherServlet        : GET "/api/v1/control/exceptions", parameters={}
2026-08-15T21:21:30.574+05:30 DEBUG 10736 --- [nio-8080-exec-7] o.s.web.servlet.DispatcherServlet        : GET "/api/v1/payments", parameters={}
2026-08-15T21:21:30.574+05:30 DEBUG 10736 --- [nio-8080-exec-2] o.s.web.servlet.DispatcherServlet        : GET "/api/v1/accounts", parameters={}
2026-08-15T21:21:30.576+05:30 DEBUG 10736 --- [nio-8080-exec-9] o.s.web.servlet.DispatcherServlet        : GET "/api/v1/control/explain", parameters={}
2026-08-15T21:21:30.578+05:30 DEBUG 10736 --- [nio-8080-exec-9] s.w.s.m.m.a.RequestMappingHandlerMapping : Mapped to com.finclear.api.ControlCenterController#explain()
2026-08-15T21:21:30.577+05:30 DEBUG 10736 --- [nio-8080-exec-4] s.w.s.m.m.a.RequestMappingHandlerMapping : Mapped to com.finclear.api.ControlCenterController#overview()
2026-08-15T21:21:30.580+05:30 DEBUG 10736 --- [nio-8080-exec-9] org.hibernate.SQL                        : select ec1_0.id,ec1_0.amount,ec1_0.category,ec1_0.created_at,ec1_0.currency,ec1_0.evidence,ec1_0.owner,ec1_0.severity,ec1_0.status,ec1_0.title,ec1_0.updated_at from exception_cases ec1_0 order by ec1_0.created_at desc
2026-08-15T21:21:30.577+05:30 DEBUG 10736 --- [nio-8080-exec-5] s.w.s.m.m.a.RequestMappingHandlerMapping : Mapped to com.finclear.api.ControlCenterController#cases()
2026-08-15T21:21:30.578+05:30 DEBUG 10736 --- [nio-8080-exec-7] s.w.s.m.m.a.RequestMappingHandlerMapping : Mapped to com.finclear.api.PaymentController#latest()
2026-08-15T21:21:30.582+05:30 DEBUG 10736 --- [nio-8080-exec-5] org.hibernate.SQL                        : select ec1_0.id,ec1_0.amount,ec1_0.category,ec1_0.created_at,ec1_0.currency,ec1_0.evidence,ec1_0.owner,ec1_0.severity,ec1_0.status,ec1_0.title,ec1_0.updated_at from exception_cases ec1_0 order by ec1_0.created_at desc
2026-08-15T21:21:30.582+05:30 DEBUG 10736 --- [nio-8080-exec-5] m.m.a.RequestResponseBodyMethodProcessor : Using 'application/json', given [*/*] and supported [application/json, application/*+json, application/yaml]
2026-08-15T21:21:30.578+05:30 DEBUG 10736 --- [nio-8080-exec-2] s.w.s.m.m.a.RequestMappingHandlerMapping : Mapped to com.finclear.api.AccountController#all(Authentication)
2026-08-15T21:21:30.585+05:30 DEBUG 10736 --- [nio-8080-exec-2] org.hibernate.SQL                        : select a1_0.id,a1_0.account_number,a1_0.available_balance,a1_0.created_at,a1_0.currency,a1_0.status,a1_0.user_id,a1_0.version from accounts a1_0
2026-08-15T21:21:30.581+05:30 DEBUG 10736 --- [nio-8080-exec-4] org.hibernate.SQL                        : select p1_0.id,p1_0.amount,p1_0.created_at,p1_0.currency,p1_0.idempotency_key,p1_0.merchant,p1_0.payer_account_id,p1_0.status,p1_0.updated_at from payments p1_0 order by p1_0.created_at desc fetch first ? rows only
2026-08-15T21:21:30.581+05:30 DEBUG 10736 --- [nio-8080-exec-9] m.m.a.RequestResponseBodyMethodProcessor : Using 'application/json', given [*/*] and supported [application/json, application/*+json, application/yaml]
2026-08-15T21:21:30.587+05:30 DEBUG 10736 --- [nio-8080-exec-9] m.m.a.RequestResponseBodyMethodProcessor : Writing [{summary=3 exceptions account for 629250.00 INR of operational exposure., headline=Money needs atten (truncated)...]
2026-08-15T21:21:30.582+05:30 DEBUG 10736 --- [nio-8080-exec-7] org.hibernate.SQL                        : select p1_0.id,p1_0.amount,p1_0.created_at,p1_0.currency,p1_0.idempotency_key,p1_0.merchant,p1_0.payer_account_id,p1_0.status,p1_0.updated_at from payments p1_0 order by p1_0.created_at desc fetch first ? rows only
2026-08-15T21:21:30.588+05:30 DEBUG 10736 --- [nio-8080-exec-7] m.m.a.RequestResponseBodyMethodProcessor : Using 'application/json', given [*/*] and supported [application/json, application/*+json, application/yaml]
2026-08-15T21:21:30.589+05:30 DEBUG 10736 --- [nio-8080-exec-7] m.m.a.RequestResponseBodyMethodProcessor : Writing [[]]
2026-08-15T21:21:30.584+05:30 DEBUG 10736 --- [nio-8080-exec-5] m.m.a.RequestResponseBodyMethodProcessor : Writing [[{owner=Nisha � Payments Ops, title=Gateway settlement missing for captured payments, id=d9ebf868-67 (truncated)...]
2026-08-15T21:21:30.586+05:30 DEBUG 10736 --- [nio-8080-exec-2] m.m.a.RequestResponseBodyMethodProcessor : Using 'application/json', given [*/*] and supported [application/json, application/*+json, application/yaml]
2026-08-15T21:21:30.590+05:30 DEBUG 10736 --- [nio-8080-exec-5] o.s.web.servlet.DispatcherServlet        : Completed 200 OK
2026-08-15T21:21:30.587+05:30 DEBUG 10736 --- [nio-8080-exec-4] org.hibernate.SQL                        : select a1_0.id,a1_0.account_number,a1_0.available_balance,a1_0.created_at,a1_0.currency,a1_0.status,a1_0.user_id,a1_0.version from accounts a1_0
2026-08-15T21:21:30.588+05:30 DEBUG 10736 --- [nio-8080-exec-9] o.s.web.servlet.DispatcherServlet        : Completed 200 OK
2026-08-15T21:21:30.590+05:30 DEBUG 10736 --- [nio-8080-exec-7] o.s.web.servlet.DispatcherServlet        : Completed 200 OK
2026-08-15T21:21:30.590+05:30 DEBUG 10736 --- [nio-8080-exec-2] m.m.a.RequestResponseBodyMethodProcessor : Writing [[{accountNumber=FC-100001, id=4e894728-ee87-4744-9b5e-e340a4d8741b, balance=1842680.0000, currency=I (truncated)...]
2026-08-15T21:21:30.592+05:30 DEBUG 10736 --- [nio-8080-exec-4] org.hibernate.SQL                        : select ec1_0.id,ec1_0.amount,ec1_0.category,ec1_0.created_at,ec1_0.currency,ec1_0.evidence,ec1_0.owner,ec1_0.severity,ec1_0.status,ec1_0.title,ec1_0.updated_at from exception_cases ec1_0 order by ec1_0.created_at desc
2026-08-15T21:21:30.593+05:30 DEBUG 10736 --- [nio-8080-exec-2] o.s.web.servlet.DispatcherServlet        : Completed 200 OK
2026-08-15T21:21:30.593+05:30 DEBUG 10736 --- [nio-8080-exec-4] m.m.a.RequestResponseBodyMethodProcessor : Using 'application/json', given [*/*] and supported [application/json, application/*+json, application/yaml]
2026-08-15T21:21:30.594+05:30 DEBUG 10736 --- [nio-8080-exec-4] m.m.a.RequestResponseBodyMethodProcessor : Writing [{exposure=629250.0000, openExceptions=3, availableBalance=2667600.0000, settlementHealth=ATTENTION,  (truncated)...]
2026-08-15T21:21:30.594+05:30 DEBUG 10736 --- [nio-8080-exec-4] o.s.web.servlet.DispatcherServlet        : Completed 200 OK
2026-08-15T21:21:35.552+05:30 DEBUG 10736 --- [io-8080-exec-10] o.s.web.servlet.DispatcherServlet        : GET "/api/v1/control/overview", parameters={}
2026-08-15T21:21:35.555+05:30 DEBUG 10736 --- [nio-8080-exec-6] o.s.web.servlet.DispatcherServlet        : GET "/api/v1/payments", parameters={}
2026-08-15T21:21:35.559+05:30 DEBUG 10736 --- [io-8080-exec-10] s.w.s.m.m.a.RequestMappingHandlerMapping : Mapped to com.finclear.api.ControlCenterController#overview()
2026-08-15T21:21:35.555+05:30 DEBUG 10736 --- [nio-8080-exec-3] o.s.web.servlet.DispatcherServlet        : GET "/api/v1/control/exceptions", parameters={}
2026-08-15T21:21:35.559+05:30 DEBUG 10736 --- [nio-8080-exec-3] s.w.s.m.m.a.RequestMappingHandlerMapping : Mapped to com.finclear.api.ControlCenterController#cases()
2026-08-15T21:21:35.559+05:30 DEBUG 10736 --- [io-8080-exec-10] org.hibernate.SQL                        : select p1_0.id,p1_0.amount,p1_0.created_at,p1_0.currency,p1_0.idempotency_key,p1_0.merchant,p1_0.payer_account_id,p1_0.status,p1_0.updated_at from payments p1_0 order by p1_0.created_at desc fetch first ? rows only
2026-08-15T21:21:35.556+05:30 DEBUG 10736 --- [nio-8080-exec-8] o.s.web.servlet.DispatcherServlet        : GET "/api/v1/accounts", parameters={}
2026-08-15T21:21:35.566+05:30 DEBUG 10736 --- [nio-8080-exec-8] s.w.s.m.m.a.RequestMappingHandlerMapping : Mapped to com.finclear.api.AccountController#all(Authentication)
2026-08-15T21:21:35.556+05:30 DEBUG 10736 --- [nio-8080-exec-1] o.s.web.servlet.DispatcherServlet        : GET "/api/v1/control/explain", parameters={}
2026-08-15T21:21:35.566+05:30 DEBUG 10736 --- [nio-8080-exec-1] s.w.s.m.m.a.RequestMappingHandlerMapping : Mapped to com.finclear.api.ControlCenterController#explain()
2026-08-15T21:21:35.566+05:30 DEBUG 10736 --- [nio-8080-exec-8] org.hibernate.SQL                        : select a1_0.id,a1_0.account_number,a1_0.available_balance,a1_0.created_at,a1_0.currency,a1_0.status,a1_0.user_id,a1_0.version from accounts a1_0
2026-08-15T21:21:35.559+05:30 DEBUG 10736 --- [nio-8080-exec-6] s.w.s.m.m.a.RequestMappingHandlerMapping : Mapped to com.finclear.api.PaymentController#latest()
2026-08-15T21:21:35.559+05:30 DEBUG 10736 --- [nio-8080-exec-3] org.hibernate.SQL                        : select ec1_0.id,ec1_0.amount,ec1_0.category,ec1_0.created_at,ec1_0.currency,ec1_0.evidence,ec1_0.owner,ec1_0.severity,ec1_0.status,ec1_0.title,ec1_0.updated_at from exception_cases ec1_0 order by ec1_0.created_at desc
2026-08-15T21:21:35.568+05:30 DEBUG 10736 --- [nio-8080-exec-3] m.m.a.RequestResponseBodyMethodProcessor : Using 'application/json', given [*/*] and supported [application/json, application/*+json, application/yaml]
2026-08-15T21:21:35.566+05:30 DEBUG 10736 --- [io-8080-exec-10] org.hibernate.SQL                        : select a1_0.id,a1_0.account_number,a1_0.available_balance,a1_0.created_at,a1_0.currency,a1_0.status,a1_0.user_id,a1_0.version from accounts a1_0
2026-08-15T21:21:35.567+05:30 DEBUG 10736 --- [nio-8080-exec-8] m.m.a.RequestResponseBodyMethodProcessor : Using 'application/json', given [*/*] and supported [application/json, application/*+json, application/yaml]
2026-08-15T21:21:35.568+05:30 DEBUG 10736 --- [nio-8080-exec-6] org.hibernate.SQL                        : select p1_0.id,p1_0.amount,p1_0.created_at,p1_0.currency,p1_0.idempotency_key,p1_0.merchant,p1_0.payer_account_id,p1_0.status,p1_0.updated_at from payments p1_0 order by p1_0.created_at desc fetch first ? rows only
2026-08-15T21:21:35.568+05:30 DEBUG 10736 --- [nio-8080-exec-1] org.hibernate.SQL                        : select ec1_0.id,ec1_0.amount,ec1_0.category,ec1_0.created_at,ec1_0.currency,ec1_0.evidence,ec1_0.owner,ec1_0.severity,ec1_0.status,ec1_0.title,ec1_0.updated_at from exception_cases ec1_0 order by ec1_0.created_at desc
2026-08-15T21:21:35.571+05:30 DEBUG 10736 --- [nio-8080-exec-3] m.m.a.RequestResponseBodyMethodProcessor : Writing [[{owner=Nisha � Payments Ops, title=Gateway settlement missing for captured payments, id=d9ebf868-67 (truncated)...]
2026-08-15T21:21:35.573+05:30 DEBUG 10736 --- [nio-8080-exec-1] m.m.a.RequestResponseBodyMethodProcessor : Using 'application/json', given [*/*] and supported [application/json, application/*+json, application/yaml]
2026-08-15T21:21:35.573+05:30 DEBUG 10736 --- [nio-8080-exec-8] m.m.a.RequestResponseBodyMethodProcessor : Writing [[{accountNumber=FC-100001, id=4e894728-ee87-4744-9b5e-e340a4d8741b, balance=1842680.0000, currency=I (truncated)...]
2026-08-15T21:21:35.573+05:30 DEBUG 10736 --- [io-8080-exec-10] org.hibernate.SQL                        : select ec1_0.id,ec1_0.amount,ec1_0.category,ec1_0.created_at,ec1_0.currency,ec1_0.evidence,ec1_0.owner,ec1_0.severity,ec1_0.status,ec1_0.title,ec1_0.updated_at from exception_cases ec1_0 order by ec1_0.created_at desc
2026-08-15T21:21:35.574+05:30 DEBUG 10736 --- [nio-8080-exec-1] m.m.a.RequestResponseBodyMethodProcessor : Writing [{summary=3 exceptions account for 629250.00 INR of operational exposure., headline=Money needs atten (truncated)...]
2026-08-15T21:21:35.574+05:30 DEBUG 10736 --- [nio-8080-exec-3] o.s.web.servlet.DispatcherServlet        : Completed 200 OK
2026-08-15T21:21:35.575+05:30 DEBUG 10736 --- [nio-8080-exec-6] m.m.a.RequestResponseBodyMethodProcessor : Using 'application/json', given [*/*] and supported [application/json, application/*+json, application/yaml]
2026-08-15T21:21:35.575+05:30 DEBUG 10736 --- [nio-8080-exec-6] m.m.a.RequestResponseBodyMethodProcessor : Writing [[]]
2026-08-15T21:21:35.575+05:30 DEBUG 10736 --- [nio-8080-exec-8] o.s.web.servlet.DispatcherServlet        : Completed 200 OK
2026-08-15T21:21:35.575+05:30 DEBUG 10736 --- [nio-8080-exec-1] o.s.web.servlet.DispatcherServlet        : Completed 200 OK
2026-08-15T21:21:35.575+05:30 DEBUG 10736 --- [io-8080-exec-10] m.m.a.RequestResponseBodyMethodProcessor : Using 'application/json', given [*/*] and supported [application/json, application/*+json, application/yaml]
2026-08-15T21:21:35.577+05:30 DEBUG 10736 --- [nio-8080-exec-6] o.s.web.servlet.DispatcherServlet        : Completed 200 OK
2026-08-15T21:21:35.577+05:30 DEBUG 10736 --- [io-8080-exec-10] m.m.a.RequestResponseBodyMethodProcessor : Writing [{exposure=629250.0000, openExceptions=3, availableBalance=2667600.0000, settlementHealth=ATTENTION,  (truncated)...]
2026-08-15T21:21:35.577+05:30 DEBUG 10736 --- [io-8080-exec-10] o.s.web.servlet.DispatcherServlet        : Completed 200 OK
2026-08-15T21:21:40.551+05:30 DEBUG 10736 --- [nio-8080-exec-5] o.s.web.servlet.DispatcherServlet        : GET "/api/v1/control/overview", parameters={}
2026-08-15T21:21:40.551+05:30 DEBUG 10736 --- [nio-8080-exec-5] s.w.s.m.m.a.RequestMappingHandlerMapping : Mapped to com.finclear.api.ControlCenterController#overview()
2026-08-15T21:21:40.558+05:30 DEBUG 10736 --- [nio-8080-exec-5] org.hibernate.SQL                        : select p1_0.id,p1_0.amount,p1_0.created_at,p1_0.currency,p1_0.idempotency_key,p1_0.merchant,p1_0.payer_account_id,p1_0.status,p1_0.updated_at from payments p1_0 order by p1_0.created_at desc fetch first ? rows only
2026-08-15T21:21:40.558+05:30 DEBUG 10736 --- [nio-8080-exec-5] org.hibernate.SQL                        : select a1_0.id,a1_0.account_number,a1_0.available_balance,a1_0.created_at,a1_0.currency,a1_0.status,a1_0.user_id,a1_0.version from accounts a1_0
2026-08-15T21:21:40.558+05:30 DEBUG 10736 --- [nio-8080-exec-7] o.s.web.servlet.DispatcherServlet        : GET "/api/v1/payments", parameters={}
2026-08-15T21:21:40.558+05:30 DEBUG 10736 --- [nio-8080-exec-2] o.s.web.servlet.DispatcherServlet        : GET "/api/v1/accounts", parameters={}
2026-08-15T21:21:40.558+05:30 DEBUG 10736 --- [nio-8080-exec-9] o.s.web.servlet.DispatcherServlet        : GET "/api/v1/control/exceptions", parameters={}
2026-08-15T21:21:40.558+05:30 DEBUG 10736 --- [nio-8080-exec-7] s.w.s.m.m.a.RequestMappingHandlerMapping : Mapped to com.finclear.api.PaymentController#latest()
2026-08-15T21:21:40.558+05:30 DEBUG 10736 --- [nio-8080-exec-2] s.w.s.m.m.a.RequestMappingHandlerMapping : Mapped to com.finclear.api.AccountController#all(Authentication)
2026-08-15T21:21:40.564+05:30 DEBUG 10736 --- [nio-8080-exec-9] s.w.s.m.m.a.RequestMappingHandlerMapping : Mapped to com.finclear.api.ControlCenterController#cases()
2026-08-15T21:21:40.564+05:30 DEBUG 10736 --- [nio-8080-exec-4] o.s.web.servlet.DispatcherServlet        : GET "/api/v1/control/explain", parameters={}
2026-08-15T21:21:40.564+05:30 DEBUG 10736 --- [nio-8080-exec-5] org.hibernate.SQL                        : select ec1_0.id,ec1_0.amount,ec1_0.category,ec1_0.created_at,ec1_0.currency,ec1_0.evidence,ec1_0.owner,ec1_0.severity,ec1_0.status,ec1_0.title,ec1_0.updated_at from exception_cases ec1_0 order by ec1_0.created_at desc
2026-08-15T21:21:40.565+05:30 DEBUG 10736 --- [nio-8080-exec-7] org.hibernate.SQL                        : select p1_0.id,p1_0.amount,p1_0.created_at,p1_0.currency,p1_0.idempotency_key,p1_0.merchant,p1_0.payer_account_id,p1_0.status,p1_0.updated_at from payments p1_0 order by p1_0.created_at desc fetch first ? rows only
2026-08-15T21:21:40.565+05:30 DEBUG 10736 --- [nio-8080-exec-9] org.hibernate.SQL                        : select ec1_0.id,ec1_0.amount,ec1_0.category,ec1_0.created_at,ec1_0.currency,ec1_0.evidence,ec1_0.owner,ec1_0.severity,ec1_0.status,ec1_0.title,ec1_0.updated_at from exception_cases ec1_0 order by ec1_0.created_at desc
2026-08-15T21:21:40.565+05:30 DEBUG 10736 --- [nio-8080-exec-2] org.hibernate.SQL                        : select a1_0.id,a1_0.account_number,a1_0.available_balance,a1_0.created_at,a1_0.currency,a1_0.status,a1_0.user_id,a1_0.version from accounts a1_0
2026-08-15T21:21:40.565+05:30 DEBUG 10736 --- [nio-8080-exec-4] s.w.s.m.m.a.RequestMappingHandlerMapping : Mapped to com.finclear.api.ControlCenterController#explain()
2026-08-15T21:21:40.565+05:30 DEBUG 10736 --- [nio-8080-exec-5] m.m.a.RequestResponseBodyMethodProcessor : Using 'application/json', given [*/*] and supported [application/json, application/*+json, application/yaml]
2026-08-15T21:21:40.569+05:30 DEBUG 10736 --- [nio-8080-exec-7] m.m.a.RequestResponseBodyMethodProcessor : Using 'application/json', given [*/*] and supported [application/json, application/*+json, application/yaml]
2026-08-15T21:21:40.569+05:30 DEBUG 10736 --- [nio-8080-exec-9] m.m.a.RequestResponseBodyMethodProcessor : Using 'application/json', given [*/*] and supported [application/json, application/*+json, application/yaml]
2026-08-15T21:21:40.569+05:30 DEBUG 10736 --- [nio-8080-exec-2] m.m.a.RequestResponseBodyMethodProcessor : Using 'application/json', given [*/*] and supported [application/json, application/*+json, application/yaml]
2026-08-15T21:21:40.570+05:30 DEBUG 10736 --- [nio-8080-exec-4] org.hibernate.SQL                        : select ec1_0.id,ec1_0.amount,ec1_0.category,ec1_0.created_at,ec1_0.currency,ec1_0.evidence,ec1_0.owner,ec1_0.severity,ec1_0.status,ec1_0.title,ec1_0.updated_at from exception_cases ec1_0 order by ec1_0.created_at desc
2026-08-15T21:21:40.570+05:30 DEBUG 10736 --- [nio-8080-exec-5] m.m.a.RequestResponseBodyMethodProcessor : Writing [{exposure=629250.0000, openExceptions=3, availableBalance=2667600.0000, settlementHealth=ATTENTION,  (truncated)...]
2026-08-15T21:21:40.570+05:30 DEBUG 10736 --- [nio-8080-exec-7] m.m.a.RequestResponseBodyMethodProcessor : Writing [[]]
2026-08-15T21:21:40.570+05:30 DEBUG 10736 --- [nio-8080-exec-9] m.m.a.RequestResponseBodyMethodProcessor : Writing [[{owner=Nisha � Payments Ops, title=Gateway settlement missing for captured payments, id=d9ebf868-67 (truncated)...]
2026-08-15T21:21:40.570+05:30 DEBUG 10736 --- [nio-8080-exec-2] m.m.a.RequestResponseBodyMethodProcessor : Writing [[{accountNumber=FC-100001, id=4e894728-ee87-4744-9b5e-e340a4d8741b, balance=1842680.0000, currency=I (truncated)...]
2026-08-15T21:21:40.574+05:30 DEBUG 10736 --- [nio-8080-exec-4] m.m.a.RequestResponseBodyMethodProcessor : Using 'application/json', given [*/*] and supported [application/json, application/*+json, application/yaml]
2026-08-15T21:21:40.574+05:30 DEBUG 10736 --- [nio-8080-exec-5] o.s.web.servlet.DispatcherServlet        : Completed 200 OK
2026-08-15T21:21:40.574+05:30 DEBUG 10736 --- [nio-8080-exec-7] o.s.web.servlet.DispatcherServlet        : Completed 200 OK
2026-08-15T21:21:40.574+05:30 DEBUG 10736 --- [nio-8080-exec-9] o.s.web.servlet.DispatcherServlet        : Completed 200 OK
2026-08-15T21:21:40.577+05:30 DEBUG 10736 --- [nio-8080-exec-2] o.s.web.servlet.DispatcherServlet        : Completed 200 OK
2026-08-15T21:21:40.577+05:30 DEBUG 10736 --- [nio-8080-exec-4] m.m.a.RequestResponseBodyMethodProcessor : Writing [{summary=3 exceptions account for 629250.00 INR of operational exposure., headline=Money needs atten (truncated)...]
2026-08-15T21:21:40.581+05:30 DEBUG 10736 --- [nio-8080-exec-4] o.s.web.servlet.DispatcherServlet        : Completed 200 OK
2026-08-15T21:21:45.548+05:30 DEBUG 10736 --- [nio-8080-exec-3] o.s.web.servlet.DispatcherServlet        : GET "/api/v1/control/overview", parameters={}
2026-08-15T21:21:45.550+05:30 DEBUG 10736 --- [nio-8080-exec-3] s.w.s.m.m.a.RequestMappingHandlerMapping : Mapped to com.finclear.api.ControlCenterController#overview()
2026-08-15T21:21:45.551+05:30 DEBUG 10736 --- [nio-8080-exec-3] org.hibernate.SQL                        : select p1_0.id,p1_0.amount,p1_0.created_at,p1_0.currency,p1_0.idempotency_key,p1_0.merchant,p1_0.payer_account_id,p1_0.status,p1_0.updated_at from payments p1_0 order by p1_0.created_at desc fetch first ? rows only
2026-08-15T21:21:45.552+05:30 DEBUG 10736 --- [nio-8080-exec-8] o.s.web.servlet.DispatcherServlet        : GET "/api/v1/control/exceptions", parameters={}
2026-08-15T21:21:45.553+05:30 DEBUG 10736 --- [nio-8080-exec-1] o.s.web.servlet.DispatcherServlet        : GET "/api/v1/payments", parameters={}
2026-08-15T21:21:45.554+05:30 DEBUG 10736 --- [nio-8080-exec-3] org.hibernate.SQL                        : select a1_0.id,a1_0.account_number,a1_0.available_balance,a1_0.created_at,a1_0.currency,a1_0.status,a1_0.user_id,a1_0.version from accounts a1_0
2026-08-15T21:21:45.553+05:30 DEBUG 10736 --- [nio-8080-exec-8] s.w.s.m.m.a.RequestMappingHandlerMapping : Mapped to com.finclear.api.ControlCenterController#cases()
2026-08-15T21:21:45.553+05:30 DEBUG 10736 --- [nio-8080-exec-6] o.s.web.servlet.DispatcherServlet        : GET "/api/v1/accounts", parameters={}
2026-08-15T21:21:45.554+05:30 DEBUG 10736 --- [nio-8080-exec-1] s.w.s.m.m.a.RequestMappingHandlerMapping : Mapped to com.finclear.api.PaymentController#latest()
2026-08-15T21:21:45.554+05:30 DEBUG 10736 --- [io-8080-exec-10] o.s.web.servlet.DispatcherServlet        : GET "/api/v1/control/explain", parameters={}
2026-08-15T21:21:45.555+05:30 DEBUG 10736 --- [nio-8080-exec-8] org.hibernate.SQL                        : select ec1_0.id,ec1_0.amount,ec1_0.category,ec1_0.created_at,ec1_0.currency,ec1_0.evidence,ec1_0.owner,ec1_0.severity,ec1_0.status,ec1_0.title,ec1_0.updated_at from exception_cases ec1_0 order by ec1_0.created_at desc
2026-08-15T21:21:45.555+05:30 DEBUG 10736 --- [nio-8080-exec-3] org.hibernate.SQL                        : select ec1_0.id,ec1_0.amount,ec1_0.category,ec1_0.created_at,ec1_0.currency,ec1_0.evidence,ec1_0.owner,ec1_0.severity,ec1_0.status,ec1_0.title,ec1_0.updated_at from exception_cases ec1_0 order by ec1_0.created_at desc
2026-08-15T21:21:45.556+05:30 DEBUG 10736 --- [nio-8080-exec-6] s.w.s.m.m.a.RequestMappingHandlerMapping : Mapped to com.finclear.api.AccountController#all(Authentication)
2026-08-15T21:21:45.557+05:30 DEBUG 10736 --- [nio-8080-exec-1] org.hibernate.SQL                        : select p1_0.id,p1_0.amount,p1_0.created_at,p1_0.currency,p1_0.idempotency_key,p1_0.merchant,p1_0.payer_account_id,p1_0.status,p1_0.updated_at from payments p1_0 order by p1_0.created_at desc fetch first ? rows only
2026-08-15T21:21:45.557+05:30 DEBUG 10736 --- [io-8080-exec-10] s.w.s.m.m.a.RequestMappingHandlerMapping : Mapped to com.finclear.api.ControlCenterController#explain()
2026-08-15T21:21:45.557+05:30 DEBUG 10736 --- [nio-8080-exec-8] m.m.a.RequestResponseBodyMethodProcessor : Using 'application/json', given [*/*] and supported [application/json, application/*+json, application/yaml]
2026-08-15T21:21:45.559+05:30 DEBUG 10736 --- [io-8080-exec-10] org.hibernate.SQL                        : select ec1_0.id,ec1_0.amount,ec1_0.category,ec1_0.created_at,ec1_0.currency,ec1_0.evidence,ec1_0.owner,ec1_0.severity,ec1_0.status,ec1_0.title,ec1_0.updated_at from exception_cases ec1_0 order by ec1_0.created_at desc
2026-08-15T21:21:45.558+05:30 DEBUG 10736 --- [nio-8080-exec-3] m.m.a.RequestResponseBodyMethodProcessor : Using 'application/json', given [*/*] and supported [application/json, application/*+json, application/yaml]
2026-08-15T21:21:45.558+05:30 DEBUG 10736 --- [nio-8080-exec-6] org.hibernate.SQL                        : select a1_0.id,a1_0.account_number,a1_0.available_balance,a1_0.created_at,a1_0.currency,a1_0.status,a1_0.user_id,a1_0.version from accounts a1_0
2026-08-15T21:21:45.559+05:30 DEBUG 10736 --- [nio-8080-exec-1] m.m.a.RequestResponseBodyMethodProcessor : Using 'application/json', given [*/*] and supported [application/json, application/*+json, application/yaml]
2026-08-15T21:21:45.559+05:30 DEBUG 10736 --- [nio-8080-exec-8] m.m.a.RequestResponseBodyMethodProcessor : Writing [[{owner=Nisha � Payments Ops, title=Gateway settlement missing for captured payments, id=d9ebf868-67 (truncated)...]
2026-08-15T21:21:45.560+05:30 DEBUG 10736 --- [io-8080-exec-10] m.m.a.RequestResponseBodyMethodProcessor : Using 'application/json', given [*/*] and supported [application/json, application/*+json, application/yaml]
2026-08-15T21:21:45.560+05:30 DEBUG 10736 --- [nio-8080-exec-3] m.m.a.RequestResponseBodyMethodProcessor : Writing [{exposure=629250.0000, openExceptions=3, availableBalance=2667600.0000, settlementHealth=ATTENTION,  (truncated)...]
2026-08-15T21:21:45.561+05:30 DEBUG 10736 --- [nio-8080-exec-1] m.m.a.RequestResponseBodyMethodProcessor : Writing [[]]
2026-08-15T21:21:45.562+05:30 DEBUG 10736 --- [nio-8080-exec-3] o.s.web.servlet.DispatcherServlet        : Completed 200 OK
2026-08-15T21:21:45.561+05:30 DEBUG 10736 --- [nio-8080-exec-6] m.m.a.RequestResponseBodyMethodProcessor : Using 'application/json', given [*/*] and supported [application/json, application/*+json, application/yaml]
2026-08-15T21:21:45.561+05:30 DEBUG 10736 --- [nio-8080-exec-8] o.s.web.servlet.DispatcherServlet        : Completed 200 OK
2026-08-15T21:21:45.561+05:30 DEBUG 10736 --- [io-8080-exec-10] m.m.a.RequestResponseBodyMethodProcessor : Writing [{summary=3 exceptions account for 629250.00 INR of operational exposure., headline=Money needs atten (truncated)...]
2026-08-15T21:21:45.562+05:30 DEBUG 10736 --- [nio-8080-exec-1] o.s.web.servlet.DispatcherServlet        : Completed 200 OK
2026-08-15T21:21:45.563+05:30 DEBUG 10736 --- [nio-8080-exec-6] m.m.a.RequestResponseBodyMethodProcessor : Writing [[{accountNumber=FC-100001, id=4e894728-ee87-4744-9b5e-e340a4d8741b, balance=1842680.0000, currency=I (truncated)...]
2026-08-15T21:21:45.565+05:30 DEBUG 10736 --- [io-8080-exec-10] o.s.web.servlet.DispatcherServlet        : Completed 200 OK
2026-08-15T21:21:45.565+05:30 DEBUG 10736 --- [nio-8080-exec-6] o.s.web.servlet.DispatcherServlet        : Completed 200 OK
2026-08-15T21:21:50.556+05:30 DEBUG 10736 --- [nio-8080-exec-5] o.s.web.servlet.DispatcherServlet        : GET "/api/v1/control/overview", parameters={}
2026-08-15T21:21:50.558+05:30 DEBUG 10736 --- [nio-8080-exec-7] o.s.web.servlet.DispatcherServlet        : GET "/api/v1/control/exceptions", parameters={}
2026-08-15T21:21:50.559+05:30 DEBUG 10736 --- [nio-8080-exec-9] o.s.web.servlet.DispatcherServlet        : GET "/api/v1/payments", parameters={}
2026-08-15T21:21:50.561+05:30 DEBUG 10736 --- [nio-8080-exec-2] o.s.web.servlet.DispatcherServlet        : GET "/api/v1/accounts", parameters={}
2026-08-15T21:21:50.561+05:30 DEBUG 10736 --- [nio-8080-exec-4] o.s.web.servlet.DispatcherServlet        : GET "/api/v1/control/explain", parameters={}
2026-08-15T21:21:50.563+05:30 DEBUG 10736 --- [nio-8080-exec-5] s.w.s.m.m.a.RequestMappingHandlerMapping : Mapped to com.finclear.api.ControlCenterController#overview()
2026-08-15T21:21:50.563+05:30 DEBUG 10736 --- [nio-8080-exec-7] s.w.s.m.m.a.RequestMappingHandlerMapping : Mapped to com.finclear.api.ControlCenterController#cases()
2026-08-15T21:21:50.563+05:30 DEBUG 10736 --- [nio-8080-exec-9] s.w.s.m.m.a.RequestMappingHandlerMapping : Mapped to com.finclear.api.PaymentController#latest()
2026-08-15T21:21:50.563+05:30 DEBUG 10736 --- [nio-8080-exec-2] s.w.s.m.m.a.RequestMappingHandlerMapping : Mapped to com.finclear.api.AccountController#all(Authentication)
2026-08-15T21:21:50.565+05:30 DEBUG 10736 --- [nio-8080-exec-4] s.w.s.m.m.a.RequestMappingHandlerMapping : Mapped to com.finclear.api.ControlCenterController#explain()
2026-08-15T21:21:50.566+05:30 DEBUG 10736 --- [nio-8080-exec-7] org.hibernate.SQL                        : select ec1_0.id,ec1_0.amount,ec1_0.category,ec1_0.created_at,ec1_0.currency,ec1_0.evidence,ec1_0.owner,ec1_0.severity,ec1_0.status,ec1_0.title,ec1_0.updated_at from exception_cases ec1_0 order by ec1_0.created_at desc
2026-08-15T21:21:50.566+05:30 DEBUG 10736 --- [nio-8080-exec-5] org.hibernate.SQL                        : select p1_0.id,p1_0.amount,p1_0.created_at,p1_0.currency,p1_0.idempotency_key,p1_0.merchant,p1_0.payer_account_id,p1_0.status,p1_0.updated_at from payments p1_0 order by p1_0.created_at desc fetch first ? rows only
2026-08-15T21:21:50.566+05:30 DEBUG 10736 --- [nio-8080-exec-9] org.hibernate.SQL                        : select p1_0.id,p1_0.amount,p1_0.created_at,p1_0.currency,p1_0.idempotency_key,p1_0.merchant,p1_0.payer_account_id,p1_0.status,p1_0.updated_at from payments p1_0 order by p1_0.created_at desc fetch first ? rows only
2026-08-15T21:21:50.567+05:30 DEBUG 10736 --- [nio-8080-exec-2] org.hibernate.SQL                        : select a1_0.id,a1_0.account_number,a1_0.available_balance,a1_0.created_at,a1_0.currency,a1_0.status,a1_0.user_id,a1_0.version from accounts a1_0
2026-08-15T21:21:50.567+05:30 DEBUG 10736 --- [nio-8080-exec-4] org.hibernate.SQL                        : select ec1_0.id,ec1_0.amount,ec1_0.category,ec1_0.created_at,ec1_0.currency,ec1_0.evidence,ec1_0.owner,ec1_0.severity,ec1_0.status,ec1_0.title,ec1_0.updated_at from exception_cases ec1_0 order by ec1_0.created_at desc
2026-08-15T21:21:50.567+05:30 DEBUG 10736 --- [nio-8080-exec-7] m.m.a.RequestResponseBodyMethodProcessor : Using 'application/json', given [*/*] and supported [application/json, application/*+json, application/yaml]
2026-08-15T21:21:50.568+05:30 DEBUG 10736 --- [nio-8080-exec-9] m.m.a.RequestResponseBodyMethodProcessor : Using 'application/json', given [*/*] and supported [application/json, application/*+json, application/yaml]
2026-08-15T21:21:50.568+05:30 DEBUG 10736 --- [nio-8080-exec-5] org.hibernate.SQL                        : select a1_0.id,a1_0.account_number,a1_0.available_balance,a1_0.created_at,a1_0.currency,a1_0.status,a1_0.user_id,a1_0.version from accounts a1_0
2026-08-15T21:21:50.568+05:30 DEBUG 10736 --- [nio-8080-exec-4] m.m.a.RequestResponseBodyMethodProcessor : Using 'application/json', given [*/*] and supported [application/json, application/*+json, application/yaml]
2026-08-15T21:21:50.568+05:30 DEBUG 10736 --- [nio-8080-exec-2] m.m.a.RequestResponseBodyMethodProcessor : Using 'application/json', given [*/*] and supported [application/json, application/*+json, application/yaml]
2026-08-15T21:21:50.568+05:30 DEBUG 10736 --- [nio-8080-exec-7] m.m.a.RequestResponseBodyMethodProcessor : Writing [[{owner=Nisha � Payments Ops, title=Gateway settlement missing for captured payments, id=d9ebf868-67 (truncated)...]
2026-08-15T21:21:50.568+05:30 DEBUG 10736 --- [nio-8080-exec-9] m.m.a.RequestResponseBodyMethodProcessor : Writing [[]]
2026-08-15T21:21:50.569+05:30 DEBUG 10736 --- [nio-8080-exec-4] m.m.a.RequestResponseBodyMethodProcessor : Writing [{summary=3 exceptions account for 629250.00 INR of operational exposure., headline=Money needs atten (truncated)...]
2026-08-15T21:21:50.569+05:30 DEBUG 10736 --- [nio-8080-exec-2] m.m.a.RequestResponseBodyMethodProcessor : Writing [[{accountNumber=FC-100001, id=4e894728-ee87-4744-9b5e-e340a4d8741b, balance=1842680.0000, currency=I (truncated)...]
2026-08-15T21:21:50.570+05:30 DEBUG 10736 --- [nio-8080-exec-2] o.s.web.servlet.DispatcherServlet        : Completed 200 OK
2026-08-15T21:21:50.569+05:30 DEBUG 10736 --- [nio-8080-exec-5] org.hibernate.SQL                        : select ec1_0.id,ec1_0.amount,ec1_0.category,ec1_0.created_at,ec1_0.currency,ec1_0.evidence,ec1_0.owner,ec1_0.severity,ec1_0.status,ec1_0.title,ec1_0.updated_at from exception_cases ec1_0 order by ec1_0.created_at desc
2026-08-15T21:21:50.569+05:30 DEBUG 10736 --- [nio-8080-exec-7] o.s.web.servlet.DispatcherServlet        : Completed 200 OK
2026-08-15T21:21:50.570+05:30 DEBUG 10736 --- [nio-8080-exec-9] o.s.web.servlet.DispatcherServlet        : Completed 200 OK
2026-08-15T21:21:50.570+05:30 DEBUG 10736 --- [nio-8080-exec-4] o.s.web.servlet.DispatcherServlet        : Completed 200 OK
2026-08-15T21:21:50.571+05:30 DEBUG 10736 --- [nio-8080-exec-5] m.m.a.RequestResponseBodyMethodProcessor : Using 'application/json', given [*/*] and supported [application/json, application/*+json, application/yaml]
2026-08-15T21:21:50.572+05:30 DEBUG 10736 --- [nio-8080-exec-5] m.m.a.RequestResponseBodyMethodProcessor : Writing [{exposure=629250.0000, openExceptions=3, availableBalance=2667600.0000, settlementHealth=ATTENTION,  (truncated)...]
2026-08-15T21:21:50.573+05:30 DEBUG 10736 --- [nio-8080-exec-5] o.s.web.servlet.DispatcherServlet        : Completed 200 OK
2026-08-15T21:21:55.567+05:30 DEBUG 10736 --- [nio-8080-exec-3] o.s.web.servlet.DispatcherServlet        : GET "/api/v1/control/overview", parameters={}
2026-08-15T21:21:55.568+05:30 DEBUG 10736 --- [nio-8080-exec-8] o.s.web.servlet.DispatcherServlet        : GET "/api/v1/control/exceptions", parameters={}
2026-08-15T21:21:55.568+05:30 DEBUG 10736 --- [nio-8080-exec-1] o.s.web.servlet.DispatcherServlet        : GET "/api/v1/payments", parameters={}
2026-08-15T21:21:55.568+05:30 DEBUG 10736 --- [nio-8080-exec-6] o.s.web.servlet.DispatcherServlet        : GET "/api/v1/control/explain", parameters={}
2026-08-15T21:21:55.569+05:30 DEBUG 10736 --- [io-8080-exec-10] o.s.web.servlet.DispatcherServlet        : GET "/api/v1/accounts", parameters={}
2026-08-15T21:21:55.575+05:30 DEBUG 10736 --- [nio-8080-exec-3] s.w.s.m.m.a.RequestMappingHandlerMapping : Mapped to com.finclear.api.ControlCenterController#overview()
2026-08-15T21:21:55.576+05:30 DEBUG 10736 --- [nio-8080-exec-8] s.w.s.m.m.a.RequestMappingHandlerMapping : Mapped to com.finclear.api.ControlCenterController#cases()
2026-08-15T21:21:55.576+05:30 DEBUG 10736 --- [nio-8080-exec-1] s.w.s.m.m.a.RequestMappingHandlerMapping : Mapped to com.finclear.api.PaymentController#latest()
2026-08-15T21:21:55.577+05:30 DEBUG 10736 --- [nio-8080-exec-6] s.w.s.m.m.a.RequestMappingHandlerMapping : Mapped to com.finclear.api.ControlCenterController#explain()
2026-08-15T21:21:55.577+05:30 DEBUG 10736 --- [io-8080-exec-10] s.w.s.m.m.a.RequestMappingHandlerMapping : Mapped to com.finclear.api.AccountController#all(Authentication)
2026-08-15T21:21:55.578+05:30 DEBUG 10736 --- [nio-8080-exec-3] org.hibernate.SQL                        : select p1_0.id,p1_0.amount,p1_0.created_at,p1_0.currency,p1_0.idempotency_key,p1_0.merchant,p1_0.payer_account_id,p1_0.status,p1_0.updated_at from payments p1_0 order by p1_0.created_at desc fetch first ? rows only
2026-08-15T21:21:55.578+05:30 DEBUG 10736 --- [nio-8080-exec-8] org.hibernate.SQL                        : select ec1_0.id,ec1_0.amount,ec1_0.category,ec1_0.created_at,ec1_0.currency,ec1_0.evidence,ec1_0.owner,ec1_0.severity,ec1_0.status,ec1_0.title,ec1_0.updated_at from exception_cases ec1_0 order by ec1_0.created_at desc
2026-08-15T21:21:55.580+05:30 DEBUG 10736 --- [io-8080-exec-10] org.hibernate.SQL                        : select a1_0.id,a1_0.account_number,a1_0.available_balance,a1_0.created_at,a1_0.currency,a1_0.status,a1_0.user_id,a1_0.version from accounts a1_0
2026-08-15T21:21:55.579+05:30 DEBUG 10736 --- [nio-8080-exec-1] org.hibernate.SQL                        : select p1_0.id,p1_0.amount,p1_0.created_at,p1_0.currency,p1_0.idempotency_key,p1_0.merchant,p1_0.payer_account_id,p1_0.status,p1_0.updated_at from payments p1_0 order by p1_0.created_at desc fetch first ? rows only
2026-08-15T21:21:55.579+05:30 DEBUG 10736 --- [nio-8080-exec-6] org.hibernate.SQL                        : select ec1_0.id,ec1_0.amount,ec1_0.category,ec1_0.created_at,ec1_0.currency,ec1_0.evidence,ec1_0.owner,ec1_0.severity,ec1_0.status,ec1_0.title,ec1_0.updated_at from exception_cases ec1_0 order by ec1_0.created_at desc
2026-08-15T21:21:55.580+05:30 DEBUG 10736 --- [nio-8080-exec-3] org.hibernate.SQL                        : select a1_0.id,a1_0.account_number,a1_0.available_balance,a1_0.created_at,a1_0.currency,a1_0.status,a1_0.user_id,a1_0.version from accounts a1_0
2026-08-15T21:21:55.580+05:30 DEBUG 10736 --- [nio-8080-exec-8] m.m.a.RequestResponseBodyMethodProcessor : Using 'application/json', given [*/*] and supported [application/json, application/*+json, application/yaml]
2026-08-15T21:21:55.581+05:30 DEBUG 10736 --- [io-8080-exec-10] m.m.a.RequestResponseBodyMethodProcessor : Using 'application/json', given [*/*] and supported [application/json, application/*+json, application/yaml]
2026-08-15T21:21:55.581+05:30 DEBUG 10736 --- [nio-8080-exec-1] m.m.a.RequestResponseBodyMethodProcessor : Using 'application/json', given [*/*] and supported [application/json, application/*+json, application/yaml]
2026-08-15T21:21:55.581+05:30 DEBUG 10736 --- [nio-8080-exec-6] m.m.a.RequestResponseBodyMethodProcessor : Using 'application/json', given [*/*] and supported [application/json, application/*+json, application/yaml]
2026-08-15T21:21:55.581+05:30 DEBUG 10736 --- [nio-8080-exec-8] m.m.a.RequestResponseBodyMethodProcessor : Writing [[{owner=Nisha � Payments Ops, title=Gateway settlement missing for captured payments, id=d9ebf868-67 (truncated)...]
2026-08-15T21:21:55.582+05:30 DEBUG 10736 --- [nio-8080-exec-3] org.hibernate.SQL                        : select ec1_0.id,ec1_0.amount,ec1_0.category,ec1_0.created_at,ec1_0.currency,ec1_0.evidence,ec1_0.owner,ec1_0.severity,ec1_0.status,ec1_0.title,ec1_0.updated_at from exception_cases ec1_0 order by ec1_0.created_at desc
2026-08-15T21:21:55.582+05:30 DEBUG 10736 --- [io-8080-exec-10] m.m.a.RequestResponseBodyMethodProcessor : Writing [[{accountNumber=FC-100001, id=4e894728-ee87-4744-9b5e-e340a4d8741b, balance=1842680.0000, currency=I (truncated)...]
2026-08-15T21:21:55.584+05:30 DEBUG 10736 --- [nio-8080-exec-8] o.s.web.servlet.DispatcherServlet        : Completed 200 OK
2026-08-15T21:21:55.585+05:30 DEBUG 10736 --- [io-8080-exec-10] o.s.web.servlet.DispatcherServlet        : Completed 200 OK
2026-08-15T21:21:55.582+05:30 DEBUG 10736 --- [nio-8080-exec-1] m.m.a.RequestResponseBodyMethodProcessor : Writing [[]]
2026-08-15T21:21:55.589+05:30 DEBUG 10736 --- [nio-8080-exec-1] o.s.web.servlet.DispatcherServlet        : Completed 200 OK
2026-08-15T21:21:55.583+05:30 DEBUG 10736 --- [nio-8080-exec-6] m.m.a.RequestResponseBodyMethodProcessor : Writing [{summary=3 exceptions account for 629250.00 INR of operational exposure., headline=Money needs atten (truncated)...]
2026-08-15T21:21:55.585+05:30 DEBUG 10736 --- [nio-8080-exec-3] m.m.a.RequestResponseBodyMethodProcessor : Using 'application/json', given [*/*] and supported [application/json, application/*+json, application/yaml]
2026-08-15T21:21:55.592+05:30 DEBUG 10736 --- [nio-8080-exec-3] m.m.a.RequestResponseBodyMethodProcessor : Writing [{exposure=629250.0000, openExceptions=3, availableBalance=2667600.0000, settlementHealth=ATTENTION,  (truncated)...]
2026-08-15T21:21:55.590+05:30 DEBUG 10736 --- [nio-8080-exec-6] o.s.web.servlet.DispatcherServlet        : Completed 200 OK
2026-08-15T21:21:55.592+05:30 DEBUG 10736 --- [nio-8080-exec-3] o.s.web.servlet.DispatcherServlet        : Completed 200 OK
2026-08-15T21:22:00.561+05:30 DEBUG 10736 --- [nio-8080-exec-2] o.s.web.servlet.DispatcherServlet        : GET "/api/v1/control/overview", parameters={}
2026-08-15T21:22:00.562+05:30 DEBUG 10736 --- [nio-8080-exec-2] s.w.s.m.m.a.RequestMappingHandlerMapping : Mapped to com.finclear.api.ControlCenterController#overview()
2026-08-15T21:22:00.563+05:30 DEBUG 10736 --- [nio-8080-exec-7] o.s.web.servlet.DispatcherServlet        : GET "/api/v1/control/exceptions", parameters={}
2026-08-15T21:22:00.564+05:30 DEBUG 10736 --- [nio-8080-exec-2] org.hibernate.SQL                        : select p1_0.id,p1_0.amount,p1_0.created_at,p1_0.currency,p1_0.idempotency_key,p1_0.merchant,p1_0.payer_account_id,p1_0.status,p1_0.updated_at from payments p1_0 order by p1_0.created_at desc fetch first ? rows only
2026-08-15T21:22:00.564+05:30 DEBUG 10736 --- [nio-8080-exec-7] s.w.s.m.m.a.RequestMappingHandlerMapping : Mapped to com.finclear.api.ControlCenterController#cases()
2026-08-15T21:22:00.565+05:30 DEBUG 10736 --- [nio-8080-exec-2] org.hibernate.SQL                        : select a1_0.id,a1_0.account_number,a1_0.available_balance,a1_0.created_at,a1_0.currency,a1_0.status,a1_0.user_id,a1_0.version from accounts a1_0
2026-08-15T21:22:00.565+05:30 DEBUG 10736 --- [nio-8080-exec-7] org.hibernate.SQL                        : select ec1_0.id,ec1_0.amount,ec1_0.category,ec1_0.created_at,ec1_0.currency,ec1_0.evidence,ec1_0.owner,ec1_0.severity,ec1_0.status,ec1_0.title,ec1_0.updated_at from exception_cases ec1_0 order by ec1_0.created_at desc
2026-08-15T21:22:00.566+05:30 DEBUG 10736 --- [nio-8080-exec-2] org.hibernate.SQL                        : select ec1_0.id,ec1_0.amount,ec1_0.category,ec1_0.created_at,ec1_0.currency,ec1_0.evidence,ec1_0.owner,ec1_0.severity,ec1_0.status,ec1_0.title,ec1_0.updated_at from exception_cases ec1_0 order by ec1_0.created_at desc
2026-08-15T21:22:00.567+05:30 DEBUG 10736 --- [nio-8080-exec-7] m.m.a.RequestResponseBodyMethodProcessor : Using 'application/json', given [*/*] and supported [application/json, application/*+json, application/yaml]
2026-08-15T21:22:00.567+05:30 DEBUG 10736 --- [nio-8080-exec-2] m.m.a.RequestResponseBodyMethodProcessor : Using 'application/json', given [*/*] and supported [application/json, application/*+json, application/yaml]
2026-08-15T21:22:00.567+05:30 DEBUG 10736 --- [nio-8080-exec-7] m.m.a.RequestResponseBodyMethodProcessor : Writing [[{owner=Nisha � Payments Ops, title=Gateway settlement missing for captured payments, id=d9ebf868-67 (truncated)...]
2026-08-15T21:22:00.568+05:30 DEBUG 10736 --- [nio-8080-exec-4] o.s.web.servlet.DispatcherServlet        : GET "/api/v1/payments", parameters={}
2026-08-15T21:22:00.568+05:30 DEBUG 10736 --- [nio-8080-exec-2] m.m.a.RequestResponseBodyMethodProcessor : Writing [{exposure=629250.0000, openExceptions=3, availableBalance=2667600.0000, settlementHealth=ATTENTION,  (truncated)...]
2026-08-15T21:22:00.568+05:30 DEBUG 10736 --- [nio-8080-exec-9] o.s.web.servlet.DispatcherServlet        : GET "/api/v1/accounts", parameters={}
2026-08-15T21:22:00.569+05:30 DEBUG 10736 --- [nio-8080-exec-7] o.s.web.servlet.DispatcherServlet        : Completed 200 OK
2026-08-15T21:22:00.569+05:30 DEBUG 10736 --- [nio-8080-exec-5] o.s.web.servlet.DispatcherServlet        : GET "/api/v1/control/explain", parameters={}
2026-08-15T21:22:00.569+05:30 DEBUG 10736 --- [nio-8080-exec-4] s.w.s.m.m.a.RequestMappingHandlerMapping : Mapped to com.finclear.api.PaymentController#latest()
2026-08-15T21:22:00.570+05:30 DEBUG 10736 --- [nio-8080-exec-2] o.s.web.servlet.DispatcherServlet        : Completed 200 OK
2026-08-15T21:22:00.570+05:30 DEBUG 10736 --- [nio-8080-exec-9] s.w.s.m.m.a.RequestMappingHandlerMapping : Mapped to com.finclear.api.AccountController#all(Authentication)
2026-08-15T21:22:00.571+05:30 DEBUG 10736 --- [nio-8080-exec-5] s.w.s.m.m.a.RequestMappingHandlerMapping : Mapped to com.finclear.api.ControlCenterController#explain()
2026-08-15T21:22:00.573+05:30 DEBUG 10736 --- [nio-8080-exec-4] org.hibernate.SQL                        : select p1_0.id,p1_0.amount,p1_0.created_at,p1_0.currency,p1_0.idempotency_key,p1_0.merchant,p1_0.payer_account_id,p1_0.status,p1_0.updated_at from payments p1_0 order by p1_0.created_at desc fetch first ? rows only
2026-08-15T21:22:00.574+05:30 DEBUG 10736 --- [nio-8080-exec-9] org.hibernate.SQL                        : select a1_0.id,a1_0.account_number,a1_0.available_balance,a1_0.created_at,a1_0.currency,a1_0.status,a1_0.user_id,a1_0.version from accounts a1_0
2026-08-15T21:22:00.574+05:30 DEBUG 10736 --- [nio-8080-exec-5] org.hibernate.SQL                        : select ec1_0.id,ec1_0.amount,ec1_0.category,ec1_0.created_at,ec1_0.currency,ec1_0.evidence,ec1_0.owner,ec1_0.severity,ec1_0.status,ec1_0.title,ec1_0.updated_at from exception_cases ec1_0 order by ec1_0.created_at desc
2026-08-15T21:22:00.575+05:30 DEBUG 10736 --- [nio-8080-exec-4] m.m.a.RequestResponseBodyMethodProcessor : Using 'application/json', given [*/*] and supported [application/json, application/*+json, application/yaml]
2026-08-15T21:22:00.575+05:30 DEBUG 10736 --- [nio-8080-exec-9] m.m.a.RequestResponseBodyMethodProcessor : Using 'application/json', given [*/*] and supported [application/json, application/*+json, application/yaml]
2026-08-15T21:22:00.575+05:30 DEBUG 10736 --- [nio-8080-exec-5] m.m.a.RequestResponseBodyMethodProcessor : Using 'application/json', given [*/*] and supported [application/json, application/*+json, application/yaml]
2026-08-15T21:22:00.576+05:30 DEBUG 10736 --- [nio-8080-exec-4] m.m.a.RequestResponseBodyMethodProcessor : Writing [[]]
2026-08-15T21:22:00.576+05:30 DEBUG 10736 --- [nio-8080-exec-9] m.m.a.RequestResponseBodyMethodProcessor : Writing [[{accountNumber=FC-100001, id=4e894728-ee87-4744-9b5e-e340a4d8741b, balance=1842680.0000, currency=I (truncated)...]
2026-08-15T21:22:00.577+05:30 DEBUG 10736 --- [nio-8080-exec-5] m.m.a.RequestResponseBodyMethodProcessor : Writing [{summary=3 exceptions account for 629250.00 INR of operational exposure., headline=Money needs atten (truncated)...]
2026-08-15T21:22:00.577+05:30 DEBUG 10736 --- [nio-8080-exec-4] o.s.web.servlet.DispatcherServlet        : Completed 200 OK
2026-08-15T21:22:00.578+05:30 DEBUG 10736 --- [nio-8080-exec-5] o.s.web.servlet.DispatcherServlet        : Completed 200 OK
2026-08-15T21:22:00.578+05:30 DEBUG 10736 --- [nio-8080-exec-9] o.s.web.servlet.DispatcherServlet        : Completed 200 OK
2026-08-15T21:22:05.566+05:30 DEBUG 10736 --- [nio-8080-exec-8] o.s.web.servlet.DispatcherServlet        : GET "/api/v1/control/overview", parameters={}
2026-08-15T21:22:05.566+05:30 DEBUG 10736 --- [io-8080-exec-10] o.s.web.servlet.DispatcherServlet        : GET "/api/v1/control/exceptions", parameters={}
2026-08-15T21:22:05.567+05:30 DEBUG 10736 --- [nio-8080-exec-1] o.s.web.servlet.DispatcherServlet        : GET "/api/v1/payments", parameters={}
2026-08-15T21:22:05.567+05:30 DEBUG 10736 --- [nio-8080-exec-3] o.s.web.servlet.DispatcherServlet        : GET "/api/v1/accounts", parameters={}
2026-08-15T21:22:05.567+05:30 DEBUG 10736 --- [nio-8080-exec-6] o.s.web.servlet.DispatcherServlet        : GET "/api/v1/control/explain", parameters={}
2026-08-15T21:22:05.573+05:30 DEBUG 10736 --- [nio-8080-exec-8] s.w.s.m.m.a.RequestMappingHandlerMapping : Mapped to com.finclear.api.ControlCenterController#overview()
2026-08-15T21:22:05.574+05:30 DEBUG 10736 --- [io-8080-exec-10] s.w.s.m.m.a.RequestMappingHandlerMapping : Mapped to com.finclear.api.ControlCenterController#cases()
2026-08-15T21:22:05.574+05:30 DEBUG 10736 --- [nio-8080-exec-1] s.w.s.m.m.a.RequestMappingHandlerMapping : Mapped to com.finclear.api.PaymentController#latest()
2026-08-15T21:22:05.575+05:30 DEBUG 10736 --- [nio-8080-exec-3] s.w.s.m.m.a.RequestMappingHandlerMapping : Mapped to com.finclear.api.AccountController#all(Authentication)
2026-08-15T21:22:05.576+05:30 DEBUG 10736 --- [nio-8080-exec-6] s.w.s.m.m.a.RequestMappingHandlerMapping : Mapped to com.finclear.api.ControlCenterController#explain()
2026-08-15T21:22:05.577+05:30 DEBUG 10736 --- [nio-8080-exec-8] org.hibernate.SQL                        : select p1_0.id,p1_0.amount,p1_0.created_at,p1_0.currency,p1_0.idempotency_key,p1_0.merchant,p1_0.payer_account_id,p1_0.status,p1_0.updated_at from payments p1_0 order by p1_0.created_at desc fetch first ? rows only
2026-08-15T21:22:05.577+05:30 DEBUG 10736 --- [io-8080-exec-10] org.hibernate.SQL                        : select ec1_0.id,ec1_0.amount,ec1_0.category,ec1_0.created_at,ec1_0.currency,ec1_0.evidence,ec1_0.owner,ec1_0.severity,ec1_0.status,ec1_0.title,ec1_0.updated_at from exception_cases ec1_0 order by ec1_0.created_at desc
2026-08-15T21:22:05.578+05:30 DEBUG 10736 --- [nio-8080-exec-1] org.hibernate.SQL                        : select p1_0.id,p1_0.amount,p1_0.created_at,p1_0.currency,p1_0.idempotency_key,p1_0.merchant,p1_0.payer_account_id,p1_0.status,p1_0.updated_at from payments p1_0 order by p1_0.created_at desc fetch first ? rows only
2026-08-15T21:22:05.578+05:30 DEBUG 10736 --- [nio-8080-exec-3] org.hibernate.SQL                        : select a1_0.id,a1_0.account_number,a1_0.available_balance,a1_0.created_at,a1_0.currency,a1_0.status,a1_0.user_id,a1_0.version from accounts a1_0
2026-08-15T21:22:05.578+05:30 DEBUG 10736 --- [nio-8080-exec-6] org.hibernate.SQL                        : select ec1_0.id,ec1_0.amount,ec1_0.category,ec1_0.created_at,ec1_0.currency,ec1_0.evidence,ec1_0.owner,ec1_0.severity,ec1_0.status,ec1_0.title,ec1_0.updated_at from exception_cases ec1_0 order by ec1_0.created_at desc
2026-08-15T21:22:05.580+05:30 DEBUG 10736 --- [nio-8080-exec-8] org.hibernate.SQL                        : select a1_0.id,a1_0.account_number,a1_0.available_balance,a1_0.created_at,a1_0.currency,a1_0.status,a1_0.user_id,a1_0.version from accounts a1_0
2026-08-15T21:22:05.580+05:30 DEBUG 10736 --- [io-8080-exec-10] m.m.a.RequestResponseBodyMethodProcessor : Using 'application/json', given [*/*] and supported [application/json, application/*+json, application/yaml]
2026-08-15T21:22:05.581+05:30 DEBUG 10736 --- [nio-8080-exec-1] m.m.a.RequestResponseBodyMethodProcessor : Using 'application/json', given [*/*] and supported [application/json, application/*+json, application/yaml]
2026-08-15T21:22:05.581+05:30 DEBUG 10736 --- [nio-8080-exec-3] m.m.a.RequestResponseBodyMethodProcessor : Using 'application/json', given [*/*] and supported [application/json, application/*+json, application/yaml]
2026-08-15T21:22:05.581+05:30 DEBUG 10736 --- [nio-8080-exec-6] m.m.a.RequestResponseBodyMethodProcessor : Using 'application/json', given [*/*] and supported [application/json, application/*+json, application/yaml]
2026-08-15T21:22:05.582+05:30 DEBUG 10736 --- [io-8080-exec-10] m.m.a.RequestResponseBodyMethodProcessor : Writing [[{owner=Nisha � Payments Ops, title=Gateway settlement missing for captured payments, id=d9ebf868-67 (truncated)...]
2026-08-15T21:22:05.582+05:30 DEBUG 10736 --- [nio-8080-exec-8] org.hibernate.SQL                        : select ec1_0.id,ec1_0.amount,ec1_0.category,ec1_0.created_at,ec1_0.currency,ec1_0.evidence,ec1_0.owner,ec1_0.severity,ec1_0.status,ec1_0.title,ec1_0.updated_at from exception_cases ec1_0 order by ec1_0.created_at desc
2026-08-15T21:22:05.582+05:30 DEBUG 10736 --- [nio-8080-exec-1] m.m.a.RequestResponseBodyMethodProcessor : Writing [[]]
2026-08-15T21:22:05.583+05:30 DEBUG 10736 --- [nio-8080-exec-3] m.m.a.RequestResponseBodyMethodProcessor : Writing [[{accountNumber=FC-100001, id=4e894728-ee87-4744-9b5e-e340a4d8741b, balance=1842680.0000, currency=I (truncated)...]
2026-08-15T21:22:05.583+05:30 DEBUG 10736 --- [nio-8080-exec-6] m.m.a.RequestResponseBodyMethodProcessor : Writing [{summary=3 exceptions account for 629250.00 INR of operational exposure., headline=Money needs atten (truncated)...]
2026-08-15T21:22:05.584+05:30 DEBUG 10736 --- [io-8080-exec-10] o.s.web.servlet.DispatcherServlet        : Completed 200 OK
2026-08-15T21:22:05.585+05:30 DEBUG 10736 --- [nio-8080-exec-8] m.m.a.RequestResponseBodyMethodProcessor : Using 'application/json', given [*/*] and supported [application/json, application/*+json, application/yaml]
2026-08-15T21:22:05.585+05:30 DEBUG 10736 --- [nio-8080-exec-1] o.s.web.servlet.DispatcherServlet        : Completed 200 OK
2026-08-15T21:22:05.586+05:30 DEBUG 10736 --- [nio-8080-exec-3] o.s.web.servlet.DispatcherServlet        : Completed 200 OK
2026-08-15T21:22:05.586+05:30 DEBUG 10736 --- [nio-8080-exec-6] o.s.web.servlet.DispatcherServlet        : Completed 200 OK
2026-08-15T21:22:05.587+05:30 DEBUG 10736 --- [nio-8080-exec-8] m.m.a.RequestResponseBodyMethodProcessor : Writing [{exposure=629250.0000, openExceptions=3, availableBalance=2667600.0000, settlementHealth=ATTENTION,  (truncated)...]
2026-08-15T21:22:05.589+05:30 DEBUG 10736 --- [nio-8080-exec-8] o.s.web.servlet.DispatcherServlet        : Completed 200 OK
